{
	"credit": "Made by SkylaDev :3 https://skyla.dev/",
	"variants": {
		"facing=north,half=bottom,shape=straight": 		{"model": "block/crimson_stairs_n"},
		"facing=east,half=bottom,shape=straight": 		{"model": "block/crimson_stairs_e"},
		"facing=south,half=bottom,shape=straight": 		{"model": "block/crimson_stairs_s"},
		"facing=west,half=bottom,shape=straight": 		{"model": "block/crimson_stairs_w"},
		"facing=north,half=top,shape=straight": 		{"model": "block/crimson_stairs_n_top"},
		"facing=east,half=top,shape=straight": 			{"model": "block/crimson_stairs_e_top"},
		"facing=south,half=top,shape=straight": 		{"model": "block/crimson_stairs_s_top"},
		"facing=west,half=top,shape=straight": 			{"model": "block/crimson_stairs_w_top"},
		"facing=north,half=bottom,shape=inner_right": 	{"model": "block/crimson_stairs_inner_ne"},
		"facing=east,half=bottom,shape=inner_left": 	{"model": "block/crimson_stairs_inner_ne"},
		"facing=north,half=bottom,shape=inner_left": 	{"model": "block/crimson_stairs_inner_nw"},
		"facing=west,half=bottom,shape=inner_right": 	{"model": "block/crimson_stairs_inner_nw"},
		"facing=south,half=bottom,shape=inner_left": 	{"model": "block/crimson_stairs_inner_se"},
		"facing=east,half=bottom,shape=inner_right": 	{"model": "block/crimson_stairs_inner_se"},
		"facing=south,half=bottom,shape=inner_right": 	{"model": "block/crimson_stairs_inner_sw"},
		"facing=west,half=bottom,shape=inner_left": 	{"model": "block/crimson_stairs_inner_sw"},
		"facing=north,half=top,shape=inner_right": 		{"model": "block/crimson_stairs_inner_ne_top"},
		"facing=east,half=top,shape=inner_left": 		{"model": "block/crimson_stairs_inner_ne_top"},
		"facing=north,half=top,shape=inner_left": 		{"model": "block/crimson_stairs_inner_nw_top"},
		"facing=west,half=top,shape=inner_right": 		{"model": "block/crimson_stairs_inner_nw_top"},
		"facing=south,half=top,shape=inner_left": 		{"model": "block/crimson_stairs_inner_se_top"},
		"facing=east,half=top,shape=inner_right": 		{"model": "block/crimson_stairs_inner_se_top"},
		"facing=south,half=top,shape=inner_right": 		{"model": "block/crimson_stairs_inner_sw_top"},
		"facing=west,half=top,shape=inner_left": 		{"model": "block/crimson_stairs_inner_sw_top"},
		"facing=north,half=bottom,shape=outer_right": 	{"model": "block/crimson_stairs_outer_ne"},
		"facing=east,half=bottom,shape=outer_left": 	{"model": "block/crimson_stairs_outer_ne"},
		"facing=north,half=bottom,shape=outer_left": 	{"model": "block/crimson_stairs_outer_nw"},
		"facing=west,half=bottom,shape=outer_right": 	{"model": "block/crimson_stairs_outer_nw"},
		"facing=south,half=bottom,shape=outer_left": 	{"model": "block/crimson_stairs_outer_se"},
		"facing=east,half=bottom,shape=outer_right": 	{"model": "block/crimson_stairs_outer_se"},
		"facing=south,half=bottom,shape=outer_right": 	{"model": "block/crimson_stairs_outer_sw"},
		"facing=west,half=bottom,shape=outer_left": 	{"model": "block/crimson_stairs_outer_sw"},
		"facing=north,half=top,shape=outer_right": 		{"model": "block/crimson_stairs_outer_ne_top"},
		"facing=east,half=top,shape=outer_left": 		{"model": "block/crimson_stairs_outer_ne_top"},
		"facing=north,half=top,shape=outer_left": 		{"model": "block/crimson_stairs_outer_nw_top"},
		"facing=west,half=top,shape=outer_right": 		{"model": "block/crimson_stairs_outer_nw_top"},
		"facing=south,half=top,shape=outer_left": 		{"model": "block/crimson_stairs_outer_se_top"},
		"facing=east,half=top,shape=outer_right": 		{"model": "block/crimson_stairs_outer_se_top"},
		"facing=south,half=top,shape=outer_right": 		{"model": "block/crimson_stairs_outer_sw_top"},
		"facing=west,half=top,shape=outer_left": 		{"model": "block/crimson_stairs_outer_sw_top"}
	}
}