{
	"credit": "Made by SkylaDev :3 https://skyla.dev/",
	"ambientocclusion": false,
	"textures": {
		"2": "block/activator_rail",
		"particle": "block/activator_rail"
	},
	"elements": [
		{
			"name": "left",
			"from": [2, 0, 0],
			"to": [4, 1, 16],
			"faces": {
				"north": {"uv": [4, 0, 2, 1], "texture": "#2"},
				"east": {"uv": [3, 0, 4, 16], "rotation": 90, "texture": "#2"},
				"south": {"uv": [2, 15, 4, 16], "texture": "#2"},
				"west": {"uv": [2, 0, 3, 16], "rotation": 270, "texture": "#2"},
				"up": {"uv": [2, 0, 4, 16], "texture": "#2"},
				"down": {"uv": [2, 16, 4, 0], "texture": "#2"}
			}
		},
		{
			"name": "right",
			"from": [12, 0, 0],
			"to": [14, 1, 16],
			"faces": {
				"north": {"uv": [14, 0, 12, 1], "texture": "#2"},
				"east": {"uv": [13, 0, 14, 16], "rotation": 90, "texture": "#2"},
				"south": {"uv": [12, 15, 14, 16], "texture": "#2"},
				"west": {"uv": [12, 0, 13, 16], "rotation": 270, "texture": "#2"},
				"up": {"uv": [12, 0, 14, 16], "texture": "#2"},
				"down": {"uv": [12, 16, 14, 0], "texture": "#2"}
			}
		},
		{
			"name": "1",
			"from": [1, 0, 1],
			"to": [15, 0.5, 3],
			"faces": {
				"north": {"uv": [15, 1, 1, 1.5], "texture": "#2"},
				"east": {"uv": [14.5, 1, 15, 3], "rotation": 90, "texture": "#2"},
				"south": {"uv": [1, 2.5, 15, 3], "texture": "#2"},
				"west": {"uv": [1, 3, 1.5, 1], "rotation": 90, "texture": "#2"},
				"up": {"uv": [1, 1, 15, 3], "texture": "#2"},
				"down": {"uv": [1, 3, 15, 1], "texture": "#2"}
			}
		},
		{
			"name": "2",
			"from": [1, 0, 5],
			"to": [15, 0.5, 7],
			"faces": {
				"north": {"uv": [15, 5, 1, 5.5], "texture": "#2"},
				"east": {"uv": [14.5, 5, 15, 7], "rotation": 90, "texture": "#2"},
				"south": {"uv": [1, 6.5, 15, 7], "texture": "#2"},
				"west": {"uv": [1, 7, 1.5, 5], "rotation": 90, "texture": "#2"},
				"up": {"uv": [1, 5, 15, 7], "texture": "#2"},
				"down": {"uv": [1, 7, 15, 5], "texture": "#2"}
			}
		},
		{
			"name": "3",
			"from": [1, 0, 9],
			"to": [15, 0.5, 11],
			"faces": {
				"north": {"uv": [15, 9, 1, 9.5], "texture": "#2"},
				"east": {"uv": [14.5, 9, 15, 11], "rotation": 90, "texture": "#2"},
				"south": {"uv": [1, 10.5, 15, 11], "texture": "#2"},
				"west": {"uv": [1, 11, 1.5, 9], "rotation": 90, "texture": "#2"},
				"up": {"uv": [1, 9, 15, 11], "texture": "#2"},
				"down": {"uv": [1, 11, 15, 9], "texture": "#2"}
			}
		},
		{
			"name": "4",
			"from": [1, 0, 13],
			"to": [15, 0.5, 15],
			"faces": {
				"north": {"uv": [15, 13, 1, 13.5], "texture": "#2"},
				"east": {"uv": [14.5, 13, 15, 15], "rotation": 90, "texture": "#2"},
				"south": {"uv": [1, 14.5, 15, 15], "texture": "#2"},
				"west": {"uv": [1, 15, 1.5, 13], "rotation": 90, "texture": "#2"},
				"up": {"uv": [1, 13, 15, 15], "texture": "#2"},
				"down": {"uv": [1, 15, 15, 13], "texture": "#2"}
			}
		},
		{
			"name": "redstoneBar",
			"from": [7, 0, 3],
			"to": [9, 0.25, 13],
			"faces": {
				"north": {"uv": [0, 0, 0, 0], "texture": "#2"},
				"east": {"uv": [9, 3, 8.75, 13], "rotation": 90, "texture": "#2"},
				"south": {"uv": [0, 0, 0, 0], "texture": "#2"},
				"west": {"uv": [7, 3, 7.25, 13], "rotation": 90, "texture": "#2"},
				"up": {"uv": [7, 3, 9, 13], "texture": "#2"},
				"down": {"uv": [7, 13, 9, 3], "texture": "#2"}
			}
		},
		{
			"name": "left",
			"from": [4, 0, 0.85],
			"to": [6, 0.65, 3.15],
			"faces": {
				"north": {"uv": [6, 1, 4, 1.65], "texture": "#2"},
				"east": {"uv": [6, 1, 5.35, 3], "rotation": 90, "texture": "#2"},
				"south": {"uv": [4, 3, 6, 2.35], "texture": "#2"},
				"west": {"uv": [0, 0, 0, 0], "texture": "#2"},
				"up": {"uv": [4, 1, 6, 3], "texture": "#2"},
				"down": {"uv": [4, 3, 6, 1], "texture": "#2"}
			}
		},
		{
			"name": "right",
			"from": [10, 0, 0.85],
			"to": [12, 0.65, 3.15],
			"faces": {
				"north": {"uv": [12, 1, 10, 1.65], "texture": "#2"},
				"east": {"uv": [0, 0, 0, 0], "texture": "#2"},
				"south": {"uv": [10, 3, 12, 2.4], "texture": "#2"},
				"west": {"uv": [10, 3, 10.65, 1], "rotation": 90, "texture": "#2"},
				"up": {"uv": [10, 1, 12, 3], "texture": "#2"},
				"down": {"uv": [10, 3, 12, 1], "texture": "#2"}
			}
		},
		{
			"name": "left",
			"from": [4, 0, 4.85],
			"to": [6, 0.65, 7.15],
			"faces": {
				"north": {"uv": [6, 5, 4, 5.65], "texture": "#2"},
				"east": {"uv": [6, 5, 5.35, 7], "rotation": 90, "texture": "#2"},
				"south": {"uv": [4, 7, 6, 6.35], "texture": "#2"},
				"west": {"uv": [0, 4, 0, 4], "texture": "#2"},
				"up": {"uv": [4, 5, 6, 7], "texture": "#2"},
				"down": {"uv": [4, 7, 6, 5], "texture": "#2"}
			}
		},
		{
			"name": "right",
			"from": [10, 0, 4.85],
			"to": [12, 0.65, 7.15],
			"faces": {
				"north": {"uv": [12, 5, 10, 5.65], "texture": "#2"},
				"east": {"uv": [0, 4, 0, 4], "texture": "#2"},
				"south": {"uv": [10, 7, 12, 6.4], "texture": "#2"},
				"west": {"uv": [10, 7, 10.65, 5], "rotation": 90, "texture": "#2"},
				"up": {"uv": [10, 5, 12, 7], "texture": "#2"},
				"down": {"uv": [10, 7, 12, 5], "texture": "#2"}
			}
		},
		{
			"name": "left",
			"from": [4, 0, 8.85],
			"to": [6, 0.65, 11.15],
			"faces": {
				"north": {"uv": [6, 9, 4, 9.65], "texture": "#2"},
				"east": {"uv": [6, 9, 5.35, 11], "rotation": 90, "texture": "#2"},
				"south": {"uv": [4, 11, 6, 10.35], "texture": "#2"},
				"west": {"uv": [0, 8, 0, 8], "texture": "#2"},
				"up": {"uv": [4, 9, 6, 11], "texture": "#2"},
				"down": {"uv": [4, 11, 6, 9], "texture": "#2"}
			}
		},
		{
			"name": "right",
			"from": [10, 0, 8.85],
			"to": [12, 0.65, 11.15],
			"faces": {
				"north": {"uv": [12, 9, 10, 9.65], "texture": "#2"},
				"east": {"uv": [0, 8, 0, 8], "texture": "#2"},
				"south": {"uv": [10, 11, 12, 10.4], "texture": "#2"},
				"west": {"uv": [10, 11, 10.65, 9], "rotation": 90, "texture": "#2"},
				"up": {"uv": [10, 9, 12, 11], "texture": "#2"},
				"down": {"uv": [10, 11, 12, 9], "texture": "#2"}
			}
		},
		{
			"name": "left",
			"from": [4, 0, 12.85],
			"to": [6, 0.65, 15.15],
			"faces": {
				"north": {"uv": [6, 13, 4, 13.65], "texture": "#2"},
				"east": {"uv": [6, 13, 5.35, 15], "rotation": 90, "texture": "#2"},
				"south": {"uv": [4, 15, 6, 14.35], "texture": "#2"},
				"west": {"uv": [0, 12, 0, 12], "texture": "#2"},
				"up": {"uv": [4, 13, 6, 15], "texture": "#2"},
				"down": {"uv": [4, 15, 6, 13], "texture": "#2"}
			}
		},
		{
			"name": "right",
			"from": [10, 0, 12.85],
			"to": [12, 0.65, 15.15],
			"faces": {
				"north": {"uv": [12, 13, 10, 13.65], "texture": "#2"},
				"east": {"uv": [0, 12, 0, 12], "texture": "#2"},
				"south": {"uv": [10, 15, 12, 14.4], "texture": "#2"},
				"west": {"uv": [10, 15, 10.65, 13], "rotation": 90, "texture": "#2"},
				"up": {"uv": [10, 13, 12, 15], "texture": "#2"},
				"down": {"uv": [10, 15, 12, 13], "texture": "#2"}
			}
		}
	],
	"gui_light": "front",
	"display": {
		"thirdperson_righthand": {
			"rotation": [90, 0, 0],
			"translation": [0, 3.25, 4.5],
			"scale": [0.55, 0.55, 0.55]
		},
		"thirdperson_lefthand": {
			"rotation": [90, 0, 0],
			"translation": [0, 3.25, 4.5],
			"scale": [0.55, 0.55, 0.55]
		},
		"firstperson_righthand": {
			"rotation": [75, -10, 90],
			"translation": [-4.75, 5.5, 2],
			"scale": [0.5, 0.5, 0.5]
		},
		"firstperson_lefthand": {
			"rotation": [75, -10, 90],
			"translation": [-4.75, 5.5, 2],
			"scale": [0.5, 0.5, 0.5]
		},
		"ground": {
			"rotation": [90, 0, 0],
			"translation": [0, 2, 3.75],
			"scale": [0.5, 0.5, 0.5]
		},
		"gui": {
			"rotation": [40, 225, 0],
			"translation": [0, 4, 0],
			"scale": [0.75, 0.75, 0.75]
		},
		"head": {
			"rotation": [0, 180, 0],
			"translation": [0, 15, 0]
		},
		"fixed": {
			"rotation": [-90, 0, 0],
			"translation": [0, 0, -7.5]
		}
	},
	"groups": [
		{
			"name": "rails",
			"origin": [8, 8, 8],
			"color": 0,
			"children": [0, 1]
		},
		{
			"name": "planks",
			"origin": [8, 8, 8],
			"color": 0,
			"children": [2, 3, 4, 5]
		},
		{
			"name": "extra",
			"origin": [8, 8, 8],
			"color": 0,
			"children": [
				6,
				{
					"name": "planksRedstone",
					"origin": [8, 8, 8],
					"color": 0,
					"children": [
						{
							"name": "1",
							"origin": [8, 8, 8],
							"color": 0,
							"children": [7, 8]
						},
						{
							"name": "2",
							"origin": [8, 8, 8],
							"color": 0,
							"children": [9, 10]
						},
						{
							"name": "3",
							"origin": [8, 8, 8],
							"color": 0,
							"children": [11, 12]
						},
						{
							"name": "4",
							"origin": [8, 8, 8],
							"color": 0,
							"children": [13, 14]
						}
					]
				}
			]
		}
	]
}