{
	"credit": "Made by SkylaDev :3 https://skyla.dev/",
	"textures": {
		"0": "block/allium",
		"particle": "block/allium"
	},
	"elements": [
		{
			"from": [6.5, 8, 6.5],
			"to": [9.5, 14, 9.5],
			"faces": {
				"north": {"uv": [6, 2, 9, 8], "texture": "#0"},
				"east": {"uv": [6, 2, 9, 8], "texture": "#0"},
				"south": {"uv": [6, 2, 9, 8], "texture": "#0"},
				"west": {"uv": [6, 2, 9, 8], "texture": "#0"},
				"up": {"uv": [6, 4, 9, 7], "texture": "#0"},
				"down": {"uv": [6, 3, 9, 6], "texture": "#0"}
			}
		},
		{
			"from": [6.5, 9, 5.5],
			"to": [9.5, 10, 10.5],
			"faces": {
				"north": {"uv": [6, 6, 9, 7], "texture": "#0"},
				"east": {"uv": [5, 6, 10, 7], "texture": "#0"},
				"south": {"uv": [6, 6, 9, 7], "texture": "#0"},
				"west": {"uv": [5, 6, 10, 7], "texture": "#0"},
				"down": {"uv": [5, 3, 10, 6], "rotation": 90, "texture": "#0"}
			}
		},
		{
			"from": [6.5, 12, 5.5],
			"to": [9.5, 13, 10.5],
			"faces": {
				"north": {"uv": [6, 3, 9, 4], "texture": "#0"},
				"east": {"uv": [5, 3, 10, 4], "texture": "#0"},
				"south": {"uv": [6, 3, 9, 4], "texture": "#0"},
				"west": {"uv": [5, 3, 10, 4], "texture": "#0"},
				"up": {"uv": [5, 3, 10, 6], "rotation": 90, "texture": "#0"}
			}
		},
		{
			"from": [5.5, 10, 5.5],
			"to": [10.5, 12, 10.5],
			"faces": {
				"north": {"uv": [5, 4, 10, 6], "texture": "#0"},
				"east": {"uv": [5, 4, 10, 6], "texture": "#0"},
				"south": {"uv": [5, 4, 10, 6], "texture": "#0"},
				"west": {"uv": [5, 4, 10, 6], "texture": "#0"},
				"up": {"uv": [11, 11, 16, 16], "texture": "#0"},
				"down": {"uv": [11, 11, 16, 16], "texture": "#0"}
			}
		},
		{
			"from": [5.5, 9, 6.5],
			"to": [10.5, 10, 9.5],
			"faces": {
				"north": {"uv": [5, 6, 10, 7], "texture": "#0"},
				"east": {"uv": [6, 6, 9, 7], "texture": "#0"},
				"south": {"uv": [5, 6, 10, 7], "texture": "#0"},
				"west": {"uv": [6, 6, 9, 7], "texture": "#0"},
				"down": {"uv": [5, 3, 10, 6], "texture": "#0"}
			}
		},
		{
			"from": [5.5, 12, 6.5],
			"to": [10.5, 13, 9.5],
			"faces": {
				"north": {"uv": [5, 3, 10, 4], "texture": "#0"},
				"east": {"uv": [6, 3, 9, 4], "texture": "#0"},
				"south": {"uv": [5, 3, 10, 4], "texture": "#0"},
				"west": {"uv": [6, 3, 9, 4], "texture": "#0"},
				"up": {"uv": [5, 3, 10, 6], "texture": "#0"}
			}
		},
		{
			"name": "main",
			"from": [7.5, 0, 7.5],
			"to": [8.5, 8, 8.5],
			"faces": {
				"north": {"uv": [7, 8, 8, 16], "texture": "#0"},
				"east": {"uv": [7, 8, 8, 16], "texture": "#0"},
				"south": {"uv": [7, 8, 8, 16], "texture": "#0"},
				"west": {"uv": [7, 8, 8, 16], "texture": "#0"},
				"down": {"uv": [7, 15, 8, 16], "texture": "#0"}
			}
		},
		{
			"name": "lower",
			"from": [6.5, 3, 6.5],
			"to": [7.5, 4, 7.5],
			"faces": {
				"north": {"uv": [6, 12, 7, 13], "texture": "#0"},
				"east": {"uv": [6, 12, 7, 13], "texture": "#0"},
				"south": {"uv": [6, 12, 7, 13], "texture": "#0"},
				"west": {"uv": [6, 12, 7, 13], "texture": "#0"},
				"up": {"uv": [6, 12, 7, 13], "texture": "#0"},
				"down": {"uv": [6, 12, 7, 13], "texture": "#0"}
			}
		},
		{
			"name": "upper",
			"from": [5.5, 4, 5.5],
			"to": [6.5, 5, 6.5],
			"faces": {
				"north": {"uv": [5, 11, 6, 12], "texture": "#0"},
				"east": {"uv": [5, 11, 6, 12], "texture": "#0"},
				"south": {"uv": [5, 11, 6, 12], "texture": "#0"},
				"west": {"uv": [5, 11, 6, 12], "texture": "#0"},
				"up": {"uv": [5, 11, 6, 12], "texture": "#0"},
				"down": {"uv": [5, 11, 6, 12], "texture": "#0"}
			}
		},
		{
			"name": "lower",
			"from": [8.5, 5, 8.5],
			"to": [9.5, 6, 9.5],
			"faces": {
				"north": {"uv": [8, 10, 9, 11], "texture": "#0"},
				"east": {"uv": [8, 10, 9, 11], "texture": "#0"},
				"south": {"uv": [8, 10, 9, 11], "texture": "#0"},
				"west": {"uv": [8, 10, 9, 11], "texture": "#0"},
				"up": {"uv": [8, 10, 9, 11], "texture": "#0"},
				"down": {"uv": [8, 10, 9, 11], "texture": "#0"}
			}
		},
		{
			"name": "upper",
			"from": [9.5, 6, 9.5],
			"to": [10.5, 7, 10.5],
			"faces": {
				"north": {"uv": [9, 9, 10, 10], "texture": "#0"},
				"east": {"uv": [9, 9, 10, 10], "texture": "#0"},
				"south": {"uv": [9, 9, 10, 10], "texture": "#0"},
				"west": {"uv": [9, 9, 10, 10], "texture": "#0"},
				"up": {"uv": [9, 9, 10, 10], "texture": "#0"},
				"down": {"uv": [9, 9, 10, 10], "texture": "#0"}
			}
		}
	],
	"display": {
		"thirdperson_righthand": {
			"translation": [0, 3, 1],
			"scale": [0.55, 0.55, 0.55]
		},
		"thirdperson_lefthand": {
			"translation": [0, 3, 1],
			"scale": [0.55, 0.55, 0.55]
		},
		"firstperson_righthand": {
			"rotation": [0, -90, 25],
			"translation": [1.13, 3.2, 1.13],
			"scale": [0.68, 0.68, 0.68]
		},
		"firstperson_lefthand": {
			"rotation": [0, -90, 25],
			"translation": [1.13, 3.2, 1.13],
			"scale": [0.68, 0.68, 0.68]
		},
		"ground": {
			"translation": [0, 2, 0],
			"scale": [0.5, 0.5, 0.5]
		},
		"gui": {
			"rotation": [27, -135, 0],
			"translation": [0, 0.5, 0]
		},
		"head": {
			"rotation": [133.61, -41.29, -155.25],
			"translation": [7.5, 6, -6.25],
			"scale": [0.8, 0.8, 0.8]
		},
		"fixed": {
			"rotation": [0, 180, 0]
		}
	},
	"groups": [
		{
			"name": "top",
			"origin": [8, 8, 8],
			"color": 0,
			"children": [0, 1, 2, 3, 4, 5]
		},
		{
			"name": "stem",
			"origin": [0, 0, 0],
			"color": 0,
			"children": [
				6,
				{
					"name": "leaf1",
					"origin": [0, 0, 0],
					"color": 0,
					"children": [7, 8]
				},
				{
					"name": "leaf2",
					"origin": [0, 0, 0],
					"color": 0,
					"children": [9, 10]
				}
			]
		}
	]
}