{
	"credit": "Made by SkylaDev :3 https://skyla.dev/",
	"textures": {
		"0": "block/oak_planks",
		"1": "block/bookshelf",
		"2": "block/bookshelf_int",
		"particle": "block/bookshelf"
	},
	"elements": [
		{
			"name": "bottom",
			"from": [0, 0, 0],
			"to": [16, 1, 16],
			"faces": {
				"north": {"uv": [0, 15, 16, 16], "texture": "#1"},
				"east": {"uv": [0, 15, 16, 16], "texture": "#1"},
				"south": {"uv": [0, 15, 16, 16], "texture": "#1"},
				"west": {"uv": [0, 15, 16, 16], "texture": "#1"},
				"up": {"uv": [0, 0, 16, 16], "texture": "#0"},
				"down": {"uv": [0, 0, 16, 16], "texture": "#0"}
			}
		},
		{
			"name": "middle",
			"from": [0, 7, 0],
			"to": [16, 9, 16],
			"faces": {
				"north": {"uv": [0, 7, 16, 9], "texture": "#1"},
				"east": {"uv": [0, 7, 16, 9], "texture": "#1"},
				"south": {"uv": [0, 7, 16, 9], "texture": "#1"},
				"west": {"uv": [0, 7, 16, 9], "texture": "#1"},
				"up": {"uv": [0, 0, 16, 16], "texture": "#0"},
				"down": {"uv": [0, 0, 16, 16], "texture": "#0"}
			}
		},
		{
			"name": "top",
			"from": [0, 15, 0],
			"to": [16, 16, 16],
			"faces": {
				"north": {"uv": [0, 0, 16, 1], "texture": "#1"},
				"east": {"uv": [0, 0, 16, 1], "texture": "#1"},
				"south": {"uv": [0, 0, 16, 1], "texture": "#1"},
				"west": {"uv": [0, 0, 16, 1], "texture": "#1"},
				"up": {"uv": [0, 0, 16, 16], "texture": "#0"},
				"down": {"uv": [0, 0, 16, 16], "texture": "#0"}
			}
		},
		{
			"name": "side1",
			"from": [0, 1, 0],
			"to": [1, 15, 1],
			"faces": {
				"north": {"uv": [15, 1, 16, 15], "texture": "#1"},
				"east": {"uv": [15, 1, 16, 15], "texture": "#1"},
				"south": {"uv": [0, 1, 1, 15], "texture": "#1"},
				"west": {"uv": [0, 1, 1, 15], "texture": "#1"}
			}
		},
		{
			"name": "side2",
			"from": [15, 1, 0],
			"to": [16, 15, 1],
			"faces": {
				"north": {"uv": [0, 1, 1, 15], "texture": "#1"},
				"east": {"uv": [15, 1, 16, 15], "texture": "#1"},
				"south": {"uv": [15, 1, 16, 15], "texture": "#1"},
				"west": {"uv": [0, 1, 1, 15], "texture": "#1"}
			}
		},
		{
			"name": "side3",
			"from": [0, 1, 15],
			"to": [1, 15, 16],
			"faces": {
				"north": {"uv": [15, 1, 16, 15], "texture": "#1"},
				"east": {"uv": [0, 1, 1, 15], "texture": "#1"},
				"south": {"uv": [0, 1, 1, 15], "texture": "#1"},
				"west": {"uv": [15, 1, 16, 15], "texture": "#1"}
			}
		},
		{
			"name": "side4",
			"from": [15, 1, 15],
			"to": [16, 15, 16],
			"faces": {
				"north": {"uv": [0, 1, 1, 15], "texture": "#1"},
				"east": {"uv": [0, 1, 1, 15], "texture": "#1"},
				"south": {"uv": [15, 1, 16, 15], "texture": "#1"},
				"west": {"uv": [15, 1, 16, 15], "texture": "#1"}
			}
		},
		{
			"name": "inside",
			"from": [1, 1, 1],
			"to": [15, 15, 15],
			"faces": {
				"north": {"uv": [1, 1, 15, 15], "texture": "#2"},
				"east": {"uv": [1, 1, 15, 15], "texture": "#2"},
				"south": {"uv": [1, 1, 15, 15], "texture": "#2"},
				"west": {"uv": [1, 1, 15, 15], "texture": "#2"}
			}
		},
		{
			"from": [13, 1, 0.25],
			"to": [15, 6, 1.25],
			"faces": {
				"north": {"uv": [1, 10, 3, 15], "texture": "#1"},
				"west": {"uv": [2, 10, 3, 15], "texture": "#1"},
				"up": {"uv": [3, 10, 1, 11], "texture": "#1"}
			}
		},
		{
			"from": [12, 1, 0.5],
			"to": [13, 5, 1.5],
			"faces": {
				"north": {"uv": [3, 11, 4, 15], "texture": "#1"},
				"west": {"uv": [3, 11, 4, 15], "texture": "#1"},
				"up": {"uv": [3, 11, 4, 12], "texture": "#1"}
			}
		},
		{
			"from": [10, 1, 0.25],
			"to": [12, 6, 1.25],
			"faces": {
				"north": {"uv": [4, 10, 6, 15], "texture": "#1"},
				"east": {"uv": [4, 10, 5, 15], "texture": "#1"},
				"west": {"uv": [5, 10, 6, 15], "texture": "#1"},
				"up": {"uv": [6, 10, 4, 11], "texture": "#1"}
			}
		},
		{
			"from": [8, 1, 0.5],
			"to": [10, 7, 1.5],
			"faces": {
				"north": {"uv": [6, 9, 8, 15], "texture": "#1"},
				"east": {"uv": [6, 9, 7, 15], "texture": "#1"},
				"west": {"uv": [7, 9, 8, 15], "texture": "#1"}
			}
		},
		{
			"from": [5, 1, 0.25],
			"to": [6, 6, 1.25],
			"rotation": {"angle": -22.5, "axis": "z", "origin": [6, 1, 0]},
			"faces": {
				"north": {"uv": [4, 2, 5, 7], "texture": "#1"},
				"east": {"uv": [4, 2, 5, 7], "texture": "#1"},
				"west": {"uv": [4, 2, 5, 7], "texture": "#1"},
				"up": {"uv": [4, 2, 5, 3], "texture": "#1"},
				"down": {"uv": [4, 6, 5, 7], "texture": "#1"}
			}
		},
		{
			"from": [3, 1, 0.25],
			"to": [5, 6, 1.25],
			"faces": {
				"north": {"uv": [11, 10, 13, 15], "texture": "#1"},
				"east": {"uv": [11, 10, 12, 15], "texture": "#1"},
				"west": {"uv": [12, 10, 13, 15], "texture": "#1"},
				"up": {"uv": [13, 10, 11, 11], "texture": "#1"}
			}
		},
		{
			"from": [1, 1, 0.5],
			"to": [3, 5, 1],
			"faces": {
				"north": {"uv": [13, 11, 15, 15], "texture": "#1"},
				"up": {"uv": [15, 11, 13, 11.5], "texture": "#1"}
			}
		},
		{
			"from": [14, 9, 0.5],
			"to": [15, 13, 1.5],
			"faces": {
				"north": {"uv": [1, 3, 2, 7], "texture": "#1"},
				"west": {"uv": [1, 3, 2, 7], "texture": "#1"},
				"up": {"uv": [1, 3, 2, 4], "texture": "#1"}
			}
		},
		{
			"from": [12, 9, 0.25],
			"to": [14, 13, 1.25],
			"faces": {
				"north": {"uv": [2, 3, 4, 7], "texture": "#1"},
				"east": {"uv": [2, 3, 3, 7], "texture": "#1"},
				"west": {"uv": [3, 3, 4, 7], "texture": "#1"},
				"up": {"uv": [4, 3, 2, 4], "texture": "#1"}
			}
		},
		{
			"from": [10, 9, 0.5],
			"to": [12, 14, 1.5],
			"faces": {
				"north": {"uv": [4, 2, 6, 7], "texture": "#1"},
				"east": {"uv": [4, 2, 5, 7], "texture": "#1"},
				"west": {"uv": [5, 2, 6, 7], "texture": "#1"},
				"up": {"uv": [6, 2, 4, 3], "texture": "#1"}
			}
		},
		{
			"from": [9, 9, 0.25],
			"to": [10, 12, 1.25],
			"faces": {
				"north": {"uv": [6, 4, 7, 7], "texture": "#1"},
				"east": {"uv": [6, 4, 7, 7], "texture": "#1"},
				"west": {"uv": [6, 4, 7, 7], "texture": "#1"},
				"up": {"uv": [6, 4, 7, 5], "texture": "#1"}
			}
		},
		{
			"from": [8.1, 9, 0.5],
			"to": [9.1, 12, 1.5],
			"rotation": {"angle": 22.5, "axis": "z", "origin": [8, 9, 0]},
			"faces": {
				"north": {"uv": [12, 12, 13, 15], "texture": "#1"},
				"east": {"uv": [12, 12, 13, 15], "texture": "#1"},
				"west": {"uv": [12, 12, 13, 15], "texture": "#1"},
				"up": {"uv": [12, 12, 13, 13], "texture": "#1"},
				"down": {"uv": [12, 14, 13, 15], "texture": "#1"}
			}
		},
		{
			"from": [5, 9, 0.25],
			"to": [7, 14, 1.25],
			"faces": {
				"north": {"uv": [9, 2, 11, 7], "texture": "#1"},
				"east": {"uv": [9, 2, 10, 7], "texture": "#1"},
				"west": {"uv": [10, 2, 11, 7], "texture": "#1"},
				"up": {"uv": [11, 2, 9, 3], "texture": "#1"}
			}
		},
		{
			"from": [4, 9, 0.5],
			"to": [5, 13, 1.5],
			"faces": {
				"north": {"uv": [11, 3, 12, 7], "texture": "#1"},
				"up": {"uv": [11, 3, 12, 4], "texture": "#1"}
			}
		},
		{
			"from": [2, 9, 0.25],
			"to": [4, 15, 1.25],
			"faces": {
				"north": {"uv": [12, 1, 14, 7], "texture": "#1"},
				"east": {"uv": [12, 1, 13, 7], "texture": "#1"},
				"west": {"uv": [13, 1, 14, 7], "texture": "#1"}
			}
		},
		{
			"from": [1, 9, 0.5],
			"to": [2, 13, 1.5],
			"faces": {
				"north": {"uv": [14, 3, 15, 7], "texture": "#1"},
				"up": {"uv": [14, 3, 15, 4], "texture": "#1"}
			}
		},
		{
			"from": [14.75, 1, 13],
			"to": [15.75, 6, 15],
			"rotation": {"angle": 0, "axis": "y", "origin": [8, 0, 8]},
			"faces": {
				"north": {"uv": [2, 10, 3, 15], "texture": "#1"},
				"east": {"uv": [1, 10, 3, 15], "texture": "#1"},
				"up": {"uv": [3, 10, 1, 11], "rotation": 90, "texture": "#1"}
			}
		},
		{
			"from": [14.5, 1, 12],
			"to": [15.5, 5, 13],
			"rotation": {"angle": 0, "axis": "y", "origin": [8, 0, 8]},
			"faces": {
				"north": {"uv": [3, 11, 4, 15], "texture": "#1"},
				"east": {"uv": [3, 11, 4, 15], "texture": "#1"},
				"up": {"uv": [3, 11, 4, 12], "rotation": 90, "texture": "#1"}
			}
		},
		{
			"from": [14.75, 1, 10],
			"to": [15.75, 6, 12],
			"rotation": {"angle": 0, "axis": "y", "origin": [8, 0, 8]},
			"faces": {
				"north": {"uv": [5, 10, 6, 15], "texture": "#1"},
				"east": {"uv": [4, 10, 6, 15], "texture": "#1"},
				"south": {"uv": [4, 10, 5, 15], "texture": "#1"},
				"up": {"uv": [6, 10, 4, 11], "rotation": 90, "texture": "#1"}
			}
		},
		{
			"from": [14.5, 1, 8],
			"to": [15.5, 7, 10],
			"rotation": {"angle": 0, "axis": "y", "origin": [8, 0, 8]},
			"faces": {
				"north": {"uv": [7, 9, 8, 15], "texture": "#1"},
				"east": {"uv": [6, 9, 8, 15], "texture": "#1"},
				"south": {"uv": [6, 9, 7, 15], "texture": "#1"}
			}
		},
		{
			"from": [14.75, 1, 5],
			"to": [15.75, 6, 6],
			"rotation": {"angle": 22.5, "axis": "x", "origin": [16, 1, 6]},
			"faces": {
				"north": {"uv": [4, 2, 5, 7], "texture": "#1"},
				"east": {"uv": [4, 2, 5, 7], "texture": "#1"},
				"south": {"uv": [4, 2, 5, 7], "texture": "#1"},
				"up": {"uv": [4, 2, 5, 3], "rotation": 90, "texture": "#1"},
				"down": {"uv": [4, 6, 5, 7], "rotation": 270, "texture": "#1"}
			}
		},
		{
			"from": [14.75, 1, 3],
			"to": [15.75, 6, 5],
			"rotation": {"angle": 0, "axis": "y", "origin": [8, 0, 8]},
			"faces": {
				"north": {"uv": [12, 10, 13, 15], "texture": "#1"},
				"east": {"uv": [11, 10, 13, 15], "texture": "#1"},
				"south": {"uv": [11, 10, 12, 15], "texture": "#1"},
				"up": {"uv": [13, 10, 11, 11], "rotation": 90, "texture": "#1"}
			}
		},
		{
			"from": [15, 1, 1],
			"to": [15.5, 5, 3],
			"rotation": {"angle": 0, "axis": "y", "origin": [8, 0, 8]},
			"faces": {
				"east": {"uv": [13, 11, 15, 15], "texture": "#1"},
				"up": {"uv": [15, 11, 13, 11.5], "rotation": 90, "texture": "#1"}
			}
		},
		{
			"from": [14.5, 9, 14],
			"to": [15.5, 13, 15],
			"rotation": {"angle": 0, "axis": "y", "origin": [8, 0, 8]},
			"faces": {
				"north": {"uv": [1, 3, 2, 7], "texture": "#1"},
				"east": {"uv": [1, 3, 2, 7], "texture": "#1"},
				"up": {"uv": [1, 3, 2, 4], "rotation": 90, "texture": "#1"}
			}
		},
		{
			"from": [14.75, 9, 12],
			"to": [15.75, 13, 14],
			"rotation": {"angle": 0, "axis": "y", "origin": [8, 0, 8]},
			"faces": {
				"north": {"uv": [3, 3, 4, 7], "texture": "#1"},
				"east": {"uv": [2, 3, 4, 7], "texture": "#1"},
				"south": {"uv": [2, 3, 3, 7], "texture": "#1"},
				"up": {"uv": [4, 3, 2, 4], "rotation": 90, "texture": "#1"}
			}
		},
		{
			"from": [14.5, 9, 10],
			"to": [15.5, 14, 12],
			"rotation": {"angle": 0, "axis": "y", "origin": [8, 0, 8]},
			"faces": {
				"north": {"uv": [5, 2, 6, 7], "texture": "#1"},
				"east": {"uv": [4, 2, 6, 7], "texture": "#1"},
				"south": {"uv": [4, 2, 5, 7], "texture": "#1"},
				"up": {"uv": [6, 2, 4, 3], "rotation": 90, "texture": "#1"}
			}
		},
		{
			"from": [14.75, 9, 9],
			"to": [15.75, 12, 10],
			"rotation": {"angle": 0, "axis": "y", "origin": [8, 0, 8]},
			"faces": {
				"north": {"uv": [6, 4, 7, 7], "texture": "#1"},
				"east": {"uv": [6, 4, 7, 7], "texture": "#1"},
				"south": {"uv": [6, 4, 7, 7], "texture": "#1"},
				"up": {"uv": [6, 4, 7, 5], "rotation": 90, "texture": "#1"}
			}
		},
		{
			"from": [14.5, 9, 8.1],
			"to": [15.5, 12, 9.1],
			"rotation": {"angle": -22.5, "axis": "x", "origin": [16, 9, 8]},
			"faces": {
				"north": {"uv": [12, 12, 13, 15], "texture": "#1"},
				"east": {"uv": [12, 12, 13, 15], "texture": "#1"},
				"south": {"uv": [12, 12, 13, 15], "texture": "#1"},
				"up": {"uv": [12, 12, 13, 13], "rotation": 90, "texture": "#1"},
				"down": {"uv": [12, 14, 13, 15], "rotation": 270, "texture": "#1"}
			}
		},
		{
			"from": [14.75, 9, 5],
			"to": [15.75, 14, 7],
			"rotation": {"angle": 0, "axis": "y", "origin": [8, 0, 8]},
			"faces": {
				"north": {"uv": [10, 2, 11, 7], "texture": "#1"},
				"east": {"uv": [9, 2, 11, 7], "texture": "#1"},
				"south": {"uv": [9, 2, 10, 7], "texture": "#1"},
				"up": {"uv": [11, 2, 9, 3], "rotation": 90, "texture": "#1"}
			}
		},
		{
			"from": [14.5, 9, 4],
			"to": [15.5, 13, 5],
			"rotation": {"angle": 0, "axis": "y", "origin": [8, 0, 8]},
			"faces": {
				"east": {"uv": [11, 3, 12, 7], "texture": "#1"},
				"up": {"uv": [11, 3, 12, 4], "rotation": 90, "texture": "#1"}
			}
		},
		{
			"from": [14.75, 9, 2],
			"to": [15.75, 15, 4],
			"rotation": {"angle": 0, "axis": "y", "origin": [8, 0, 8]},
			"faces": {
				"north": {"uv": [13, 1, 14, 7], "texture": "#1"},
				"east": {"uv": [12, 1, 14, 7], "texture": "#1"},
				"south": {"uv": [12, 1, 13, 7], "texture": "#1"}
			}
		},
		{
			"from": [14.5, 9, 1],
			"to": [15.5, 13, 2],
			"rotation": {"angle": 0, "axis": "y", "origin": [8, 0, 8]},
			"faces": {
				"east": {"uv": [14, 3, 15, 7], "texture": "#1"},
				"up": {"uv": [14, 3, 15, 4], "rotation": 90, "texture": "#1"}
			}
		},
		{
			"from": [1, 1, 14.75],
			"to": [3, 6, 15.75],
			"rotation": {"angle": 0, "axis": "y", "origin": [8, 0, 8]},
			"faces": {
				"east": {"uv": [2, 10, 3, 15], "texture": "#1"},
				"south": {"uv": [1, 10, 3, 15], "texture": "#1"},
				"up": {"uv": [3, 10, 1, 11], "rotation": 180, "texture": "#1"}
			}
		},
		{
			"from": [3, 1, 14.5],
			"to": [4, 5, 15.5],
			"rotation": {"angle": 0, "axis": "y", "origin": [8, 0, 8]},
			"faces": {
				"east": {"uv": [3, 11, 4, 15], "texture": "#1"},
				"south": {"uv": [3, 11, 4, 15], "texture": "#1"},
				"up": {"uv": [3, 11, 4, 12], "rotation": 180, "texture": "#1"}
			}
		},
		{
			"from": [4, 1, 14.75],
			"to": [6, 6, 15.75],
			"rotation": {"angle": 0, "axis": "y", "origin": [8, 0, 8]},
			"faces": {
				"east": {"uv": [5, 10, 6, 15], "texture": "#1"},
				"south": {"uv": [4, 10, 6, 15], "texture": "#1"},
				"west": {"uv": [4, 10, 5, 15], "texture": "#1"},
				"up": {"uv": [6, 10, 4, 11], "rotation": 180, "texture": "#1"}
			}
		},
		{
			"from": [6, 1, 14.5],
			"to": [8, 7, 15.5],
			"rotation": {"angle": 0, "axis": "y", "origin": [8, 0, 8]},
			"faces": {
				"east": {"uv": [7, 9, 8, 15], "texture": "#1"},
				"south": {"uv": [6, 9, 8, 15], "texture": "#1"},
				"west": {"uv": [6, 9, 7, 15], "texture": "#1"}
			}
		},
		{
			"from": [10, 1, 14.75],
			"to": [11, 6, 15.75],
			"rotation": {"angle": 22.5, "axis": "z", "origin": [10, 1, 16]},
			"faces": {
				"east": {"uv": [4, 2, 5, 7], "texture": "#1"},
				"south": {"uv": [4, 2, 5, 7], "texture": "#1"},
				"west": {"uv": [4, 2, 5, 7], "texture": "#1"},
				"up": {"uv": [4, 2, 5, 3], "rotation": 180, "texture": "#1"},
				"down": {"uv": [4, 6, 5, 7], "rotation": 180, "texture": "#1"}
			}
		},
		{
			"from": [11, 1, 14.75],
			"to": [13, 6, 15.75],
			"rotation": {"angle": 0, "axis": "y", "origin": [8, 0, 8]},
			"faces": {
				"east": {"uv": [12, 10, 13, 15], "texture": "#1"},
				"south": {"uv": [11, 10, 13, 15], "texture": "#1"},
				"west": {"uv": [11, 10, 12, 15], "texture": "#1"},
				"up": {"uv": [13, 10, 11, 11], "rotation": 180, "texture": "#1"}
			}
		},
		{
			"from": [13, 1, 15],
			"to": [15, 5, 15.5],
			"rotation": {"angle": 0, "axis": "y", "origin": [8, 0, 8]},
			"faces": {
				"south": {"uv": [13, 11, 15, 15], "texture": "#1"},
				"up": {"uv": [15, 11, 13, 11.5], "rotation": 180, "texture": "#1"}
			}
		},
		{
			"from": [1, 9, 14.5],
			"to": [2, 13, 15.5],
			"rotation": {"angle": 0, "axis": "y", "origin": [8, 0, 8]},
			"faces": {
				"east": {"uv": [1, 3, 2, 7], "texture": "#1"},
				"south": {"uv": [1, 3, 2, 7], "texture": "#1"},
				"up": {"uv": [1, 3, 2, 4], "rotation": 180, "texture": "#1"}
			}
		},
		{
			"from": [2, 9, 14.75],
			"to": [4, 13, 15.75],
			"rotation": {"angle": 0, "axis": "y", "origin": [8, 0, 8]},
			"faces": {
				"east": {"uv": [3, 3, 4, 7], "texture": "#1"},
				"south": {"uv": [2, 3, 4, 7], "texture": "#1"},
				"west": {"uv": [2, 3, 3, 7], "texture": "#1"},
				"up": {"uv": [4, 3, 2, 4], "rotation": 180, "texture": "#1"}
			}
		},
		{
			"from": [4, 9, 14.5],
			"to": [6, 14, 15.5],
			"rotation": {"angle": 0, "axis": "y", "origin": [8, 0, 8]},
			"faces": {
				"east": {"uv": [5, 2, 6, 7], "texture": "#1"},
				"south": {"uv": [4, 2, 6, 7], "texture": "#1"},
				"west": {"uv": [4, 2, 5, 7], "texture": "#1"},
				"up": {"uv": [6, 2, 4, 3], "rotation": 180, "texture": "#1"}
			}
		},
		{
			"from": [6, 9, 14.75],
			"to": [7, 12, 15.75],
			"rotation": {"angle": 0, "axis": "y", "origin": [8, 0, 8]},
			"faces": {
				"east": {"uv": [6, 4, 7, 7], "texture": "#1"},
				"south": {"uv": [6, 4, 7, 7], "texture": "#1"},
				"west": {"uv": [6, 4, 7, 7], "texture": "#1"},
				"up": {"uv": [6, 4, 7, 5], "rotation": 180, "texture": "#1"}
			}
		},
		{
			"from": [6.9, 9, 14.5],
			"to": [7.9, 12, 15.5],
			"rotation": {"angle": -22.5, "axis": "z", "origin": [8, 9, 16]},
			"faces": {
				"east": {"uv": [12, 12, 13, 15], "texture": "#1"},
				"south": {"uv": [12, 12, 13, 15], "texture": "#1"},
				"west": {"uv": [12, 12, 13, 15], "texture": "#1"},
				"up": {"uv": [12, 12, 13, 13], "rotation": 180, "texture": "#1"},
				"down": {"uv": [12, 14, 13, 15], "rotation": 180, "texture": "#1"}
			}
		},
		{
			"from": [9, 9, 14.75],
			"to": [11, 14, 15.75],
			"rotation": {"angle": 0, "axis": "y", "origin": [8, 0, 8]},
			"faces": {
				"east": {"uv": [10, 2, 11, 7], "texture": "#1"},
				"south": {"uv": [9, 2, 11, 7], "texture": "#1"},
				"west": {"uv": [9, 2, 10, 7], "texture": "#1"},
				"up": {"uv": [11, 2, 9, 3], "rotation": 180, "texture": "#1"}
			}
		},
		{
			"from": [11, 9, 14.5],
			"to": [12, 13, 15.5],
			"rotation": {"angle": 0, "axis": "y", "origin": [8, 0, 8]},
			"faces": {
				"south": {"uv": [11, 3, 12, 7], "texture": "#1"},
				"up": {"uv": [11, 3, 12, 4], "rotation": 180, "texture": "#1"}
			}
		},
		{
			"from": [12, 9, 14.75],
			"to": [14, 15, 15.75],
			"rotation": {"angle": 0, "axis": "y", "origin": [8, 0, 8]},
			"faces": {
				"east": {"uv": [13, 1, 14, 7], "texture": "#1"},
				"south": {"uv": [12, 1, 14, 7], "texture": "#1"},
				"west": {"uv": [12, 1, 13, 7], "texture": "#1"}
			}
		},
		{
			"from": [14, 9, 14.5],
			"to": [15, 13, 15.5],
			"rotation": {"angle": 0, "axis": "y", "origin": [8, 0, 8]},
			"faces": {
				"south": {"uv": [14, 3, 15, 7], "texture": "#1"},
				"up": {"uv": [14, 3, 15, 4], "rotation": 180, "texture": "#1"}
			}
		},
		{
			"from": [0.25, 1, 1],
			"to": [1.25, 6, 3],
			"rotation": {"angle": 0, "axis": "y", "origin": [8, 0, 8]},
			"faces": {
				"south": {"uv": [2, 10, 3, 15], "texture": "#1"},
				"west": {"uv": [1, 10, 3, 15], "texture": "#1"},
				"up": {"uv": [3, 10, 1, 11], "rotation": 270, "texture": "#1"}
			}
		},
		{
			"from": [0.5, 1, 3],
			"to": [1.5, 5, 4],
			"rotation": {"angle": 0, "axis": "y", "origin": [8, 0, 8]},
			"faces": {
				"south": {"uv": [3, 11, 4, 15], "texture": "#1"},
				"west": {"uv": [3, 11, 4, 15], "texture": "#1"},
				"up": {"uv": [3, 11, 4, 12], "rotation": 270, "texture": "#1"}
			}
		},
		{
			"from": [0.25, 1, 4],
			"to": [1.25, 6, 6],
			"rotation": {"angle": 0, "axis": "y", "origin": [8, 0, 8]},
			"faces": {
				"north": {"uv": [4, 10, 5, 15], "texture": "#1"},
				"south": {"uv": [5, 10, 6, 15], "texture": "#1"},
				"west": {"uv": [4, 10, 6, 15], "texture": "#1"},
				"up": {"uv": [6, 10, 4, 11], "rotation": 270, "texture": "#1"}
			}
		},
		{
			"from": [0.5, 1, 6],
			"to": [1.5, 7, 8],
			"rotation": {"angle": 0, "axis": "y", "origin": [8, 0, 8]},
			"faces": {
				"north": {"uv": [6, 9, 7, 15], "texture": "#1"},
				"south": {"uv": [7, 9, 8, 15], "texture": "#1"},
				"west": {"uv": [6, 9, 8, 15], "texture": "#1"}
			}
		},
		{
			"from": [0.25, 1, 10],
			"to": [1.25, 6, 11],
			"rotation": {"angle": -22.5, "axis": "x", "origin": [0, 1, 10]},
			"faces": {
				"north": {"uv": [4, 2, 5, 7], "texture": "#1"},
				"south": {"uv": [4, 2, 5, 7], "texture": "#1"},
				"west": {"uv": [4, 2, 5, 7], "texture": "#1"},
				"up": {"uv": [4, 2, 5, 3], "rotation": 270, "texture": "#1"},
				"down": {"uv": [4, 6, 5, 7], "rotation": 90, "texture": "#1"}
			}
		},
		{
			"from": [0.25, 1, 11],
			"to": [1.25, 6, 13],
			"rotation": {"angle": 0, "axis": "y", "origin": [8, 0, 8]},
			"faces": {
				"north": {"uv": [11, 10, 12, 15], "texture": "#1"},
				"south": {"uv": [12, 10, 13, 15], "texture": "#1"},
				"west": {"uv": [11, 10, 13, 15], "texture": "#1"},
				"up": {"uv": [13, 10, 11, 11], "rotation": 270, "texture": "#1"}
			}
		},
		{
			"from": [0.5, 1, 13],
			"to": [1, 5, 15],
			"rotation": {"angle": 0, "axis": "y", "origin": [8, 0, 8]},
			"faces": {
				"west": {"uv": [13, 11, 15, 15], "texture": "#1"},
				"up": {"uv": [15, 11, 13, 11.5], "rotation": 270, "texture": "#1"}
			}
		},
		{
			"from": [0.5, 9, 1],
			"to": [1.5, 13, 2],
			"rotation": {"angle": 0, "axis": "y", "origin": [8, 0, 8]},
			"faces": {
				"south": {"uv": [1, 3, 2, 7], "texture": "#1"},
				"west": {"uv": [1, 3, 2, 7], "texture": "#1"},
				"up": {"uv": [1, 3, 2, 4], "rotation": 270, "texture": "#1"}
			}
		},
		{
			"from": [0.25, 9, 2],
			"to": [1.25, 13, 4],
			"rotation": {"angle": 0, "axis": "y", "origin": [8, 0, 8]},
			"faces": {
				"north": {"uv": [2, 3, 3, 7], "texture": "#1"},
				"south": {"uv": [3, 3, 4, 7], "texture": "#1"},
				"west": {"uv": [2, 3, 4, 7], "texture": "#1"},
				"up": {"uv": [4, 3, 2, 4], "rotation": 270, "texture": "#1"}
			}
		},
		{
			"from": [0.5, 9, 4],
			"to": [1.5, 14, 6],
			"rotation": {"angle": 0, "axis": "y", "origin": [8, 0, 8]},
			"faces": {
				"north": {"uv": [4, 2, 5, 7], "texture": "#1"},
				"south": {"uv": [5, 2, 6, 7], "texture": "#1"},
				"west": {"uv": [4, 2, 6, 7], "texture": "#1"},
				"up": {"uv": [6, 2, 4, 3], "rotation": 270, "texture": "#1"}
			}
		},
		{
			"from": [0.25, 9, 6],
			"to": [1.25, 12, 7],
			"rotation": {"angle": 0, "axis": "y", "origin": [8, 0, 8]},
			"faces": {
				"north": {"uv": [6, 4, 7, 7], "texture": "#1"},
				"south": {"uv": [6, 4, 7, 7], "texture": "#1"},
				"west": {"uv": [6, 4, 7, 7], "texture": "#1"},
				"up": {"uv": [6, 4, 7, 5], "rotation": 270, "texture": "#1"}
			}
		},
		{
			"from": [0.5, 9, 6.9],
			"to": [1.5, 12, 7.9],
			"rotation": {"angle": 22.5, "axis": "x", "origin": [0, 9, 8]},
			"faces": {
				"north": {"uv": [12, 12, 13, 15], "texture": "#1"},
				"south": {"uv": [12, 12, 13, 15], "texture": "#1"},
				"west": {"uv": [12, 12, 13, 15], "texture": "#1"},
				"up": {"uv": [12, 12, 13, 13], "rotation": 270, "texture": "#1"},
				"down": {"uv": [12, 14, 13, 15], "rotation": 90, "texture": "#1"}
			}
		},
		{
			"from": [0.25, 9, 9],
			"to": [1.25, 14, 11],
			"rotation": {"angle": 0, "axis": "y", "origin": [8, 0, 8]},
			"faces": {
				"north": {"uv": [9, 2, 10, 7], "texture": "#1"},
				"south": {"uv": [10, 2, 11, 7], "texture": "#1"},
				"west": {"uv": [9, 2, 11, 7], "texture": "#1"},
				"up": {"uv": [11, 2, 9, 3], "rotation": 270, "texture": "#1"}
			}
		},
		{
			"from": [0.5, 9, 11],
			"to": [1.5, 13, 12],
			"rotation": {"angle": 0, "axis": "y", "origin": [8, 0, 8]},
			"faces": {
				"west": {"uv": [11, 3, 12, 7], "texture": "#1"},
				"up": {"uv": [11, 3, 12, 4], "rotation": 270, "texture": "#1"}
			}
		},
		{
			"from": [0.25, 9, 12],
			"to": [1.25, 15, 14],
			"rotation": {"angle": 0, "axis": "y", "origin": [8, 0, 8]},
			"faces": {
				"north": {"uv": [12, 1, 13, 7], "texture": "#1"},
				"south": {"uv": [13, 1, 14, 7], "texture": "#1"},
				"west": {"uv": [12, 1, 14, 7], "texture": "#1"}
			}
		},
		{
			"from": [0.5, 9, 14],
			"to": [1.5, 13, 15],
			"rotation": {"angle": 0, "axis": "y", "origin": [8, 0, 8]},
			"faces": {
				"west": {"uv": [14, 3, 15, 7], "texture": "#1"},
				"up": {"uv": [14, 3, 15, 4], "rotation": 270, "texture": "#1"}
			}
		},
		{
			"from": [8.005, 16, 12.005],
			"to": [15.995, 16.4, 14.995],
			"rotation": {"angle": 0, "axis": "y", "origin": [8, 8, 8]},
			"faces": {
				"north": {"uv": [15.995, 12, 8.005, 12.4], "texture": "#0"},
				"east": {"uv": [15.6, 12.005, 16, 14.995], "rotation": 90, "texture": "#0"},
				"south": {"uv": [15.995, 14.6, 8.005, 15], "rotation": 180, "texture": "#0"},
				"west": {"uv": [8, 12.005, 8.4, 14.995], "rotation": 270, "texture": "#0"},
				"up": {"uv": [8.005, 12.005, 15.995, 14.995], "texture": "#0"}
			}
		},
		{
			"from": [0.005, 16, 12.005],
			"to": [6.995, 16.4, 14.995],
			"rotation": {"angle": 0, "axis": "y", "origin": [8, 8, 8]},
			"faces": {
				"north": {"uv": [6.995, 12, 0.005, 12.4], "texture": "#0"},
				"east": {"uv": [6.6, 12.005, 7, 14.995], "rotation": 90, "texture": "#0"},
				"south": {"uv": [6.995, 14.6, 0.005, 15], "rotation": 180, "texture": "#0"},
				"west": {"uv": [0, 12.005, 0.4, 14.995], "rotation": 270, "texture": "#0"},
				"up": {"uv": [0.005, 12.005, 6.995, 14.995], "texture": "#0"}
			}
		},
		{
			"from": [0.005, 16, 8.005],
			"to": [14.995, 16.4, 10.995],
			"rotation": {"angle": 0, "axis": "y", "origin": [8, 8, 8]},
			"faces": {
				"north": {"uv": [14.995, 8, 0.005, 8.4], "texture": "#0"},
				"east": {"uv": [14.6, 8.005, 15, 10.995], "rotation": 90, "texture": "#0"},
				"south": {"uv": [14.995, 10.6, 0.005, 11], "rotation": 180, "texture": "#0"},
				"west": {"uv": [0, 8.005, 0.4, 10.995], "rotation": 270, "texture": "#0"},
				"up": {"uv": [0.005, 8.005, 14.995, 10.995], "texture": "#0"}
			}
		},
		{
			"from": [8.005, 16, 4.005],
			"to": [15.995, 16.4, 6.995],
			"rotation": {"angle": 0, "axis": "y", "origin": [8, 8, 8]},
			"faces": {
				"north": {"uv": [15.995, 4, 8.005, 4.4], "texture": "#0"},
				"east": {"uv": [15.6, 4.005, 16, 6.995], "rotation": 90, "texture": "#0"},
				"south": {"uv": [15.995, 6.6, 8.005, 7], "rotation": 180, "texture": "#0"},
				"west": {"uv": [8, 4.005, 8.4, 6.995], "rotation": 270, "texture": "#0"},
				"up": {"uv": [8.005, 4.005, 15.995, 6.995], "texture": "#0"}
			}
		},
		{
			"from": [0.005, 16, 4.005],
			"to": [6.995, 16.4, 6.995],
			"rotation": {"angle": 0, "axis": "y", "origin": [8, 8, 8]},
			"faces": {
				"north": {"uv": [6.995, 4, 0.005, 4.4], "texture": "#0"},
				"east": {"uv": [6.6, 4.005, 7, 6.995], "rotation": 90, "texture": "#0"},
				"south": {"uv": [6.995, 6.6, 0.005, 7], "rotation": 180, "texture": "#0"},
				"west": {"uv": [0, 4.005, 0.4, 6.995], "rotation": 270, "texture": "#0"},
				"up": {"uv": [0.005, 4.005, 6.995, 6.995], "texture": "#0"}
			}
		},
		{
			"from": [0.005, 16, 0.005],
			"to": [14.995, 16.4, 2.995],
			"rotation": {"angle": 0, "axis": "y", "origin": [8, 8, 8]},
			"faces": {
				"north": {"uv": [14.995, 0, 0.005, 0.4], "texture": "#0"},
				"east": {"uv": [14.6, 0.005, 15, 2.995], "rotation": 90, "texture": "#0"},
				"south": {"uv": [14.995, 2.6, 0.005, 3], "rotation": 180, "texture": "#0"},
				"west": {"uv": [0, 0.005, 0.4, 2.995], "rotation": 270, "texture": "#0"},
				"up": {"uv": [0.005, 0.005, 14.995, 2.995], "texture": "#0"}
			}
		},
		{
			"from": [8.005, -0.4, 1.005],
			"to": [15.995, 0, 3.995],
			"rotation": {"angle": 0, "axis": "y", "origin": [8, 8, 8]},
			"faces": {
				"north": {"uv": [15.995, 14.6, 8.005, 15], "texture": "#0"},
				"east": {"uv": [15.6, 12.005, 16, 14.995], "rotation": 270, "texture": "#0"},
				"south": {"uv": [15.995, 12, 8.005, 12.4], "rotation": 180, "texture": "#0"},
				"west": {"uv": [8, 12.005, 8.4, 14.995], "rotation": 90, "texture": "#0"},
				"down": {"uv": [8.005, 12.005, 15.995, 14.995], "texture": "#0"}
			}
		},
		{
			"from": [0.005, -0.4, 1.005],
			"to": [6.995, 0, 3.995],
			"rotation": {"angle": 0, "axis": "y", "origin": [8, 8, 8]},
			"faces": {
				"north": {"uv": [6.995, 14.6, 0.005, 15], "texture": "#0"},
				"east": {"uv": [6.6, 12.005, 7, 14.995], "rotation": 270, "texture": "#0"},
				"south": {"uv": [6.995, 12, 0.005, 12.4], "rotation": 180, "texture": "#0"},
				"west": {"uv": [0, 12.005, 0.4, 14.995], "rotation": 90, "texture": "#0"},
				"down": {"uv": [0.005, 12.005, 6.995, 14.995], "texture": "#0"}
			}
		},
		{
			"from": [0.005, -0.4, 5.005],
			"to": [14.995, 0, 7.995],
			"rotation": {"angle": 0, "axis": "y", "origin": [8, 8, 8]},
			"faces": {
				"north": {"uv": [14.995, 10.6, 0.005, 11], "texture": "#0"},
				"east": {"uv": [14.6, 8.005, 15, 10.995], "rotation": 270, "texture": "#0"},
				"south": {"uv": [14.995, 8, 0.005, 8.4], "rotation": 180, "texture": "#0"},
				"west": {"uv": [0, 8.005, 0.4, 10.995], "rotation": 90, "texture": "#0"},
				"down": {"uv": [0.005, 8.005, 14.995, 10.995], "texture": "#0"}
			}
		},
		{
			"from": [8.005, -0.4, 9.005],
			"to": [15.995, 0, 11.995],
			"rotation": {"angle": 0, "axis": "y", "origin": [8, 8, 8]},
			"faces": {
				"north": {"uv": [15.995, 6.6, 8.005, 7], "texture": "#0"},
				"east": {"uv": [15.6, 4.005, 16, 6.995], "rotation": 270, "texture": "#0"},
				"south": {"uv": [15.995, 4, 8.005, 4.4], "rotation": 180, "texture": "#0"},
				"west": {"uv": [8, 4.005, 8.4, 6.995], "rotation": 90, "texture": "#0"},
				"down": {"uv": [8.005, 4.005, 15.995, 6.995], "texture": "#0"}
			}
		},
		{
			"from": [0.005, -0.4, 9.005],
			"to": [6.995, 0, 11.995],
			"rotation": {"angle": 0, "axis": "y", "origin": [8, 8, 8]},
			"faces": {
				"north": {"uv": [6.995, 6.6, 0.005, 7], "texture": "#0"},
				"east": {"uv": [6.6, 4.005, 7, 6.995], "rotation": 270, "texture": "#0"},
				"south": {"uv": [6.995, 4, 0.005, 4.4], "rotation": 180, "texture": "#0"},
				"west": {"uv": [0, 4.005, 0.4, 6.995], "rotation": 90, "texture": "#0"},
				"down": {"uv": [0.005, 4.005, 6.995, 6.995], "texture": "#0"}
			}
		},
		{
			"from": [0.005, -0.4, 13.005],
			"to": [14.995, 0, 15.995],
			"rotation": {"angle": 0, "axis": "y", "origin": [8, 8, 8]},
			"faces": {
				"north": {"uv": [14.995, 2.6, 0.005, 3], "texture": "#0"},
				"east": {"uv": [14.6, 0.005, 15, 2.995], "rotation": 270, "texture": "#0"},
				"south": {"uv": [14.995, 0, 0.005, 0.4], "rotation": 180, "texture": "#0"},
				"west": {"uv": [0, 0.005, 0.4, 2.995], "rotation": 90, "texture": "#0"},
				"down": {"uv": [0.005, 0.005, 14.995, 2.995], "texture": "#0"}
			}
		}
	],
	"display": {
		"thirdperson_righthand": {
			"rotation": [75, 45, 0],
			"translation": [0, 2.5, 0],
			"scale": [0.375, 0.375, 0.375]
		},
		"thirdperson_lefthand": {
			"rotation": [75, 45, 0],
			"translation": [0, 2.5, 0],
			"scale": [0.375, 0.375, 0.375]
		},
		"firstperson_righthand": {
			"rotation": [0, 45, 0],
			"scale": [0.4, 0.4, 0.4]
		},
		"firstperson_lefthand": {
			"rotation": [0, 225, 0],
			"scale": [0.4, 0.4, 0.4]
		},
		"ground": {
			"translation": [0, 3, 0],
			"scale": [0.25, 0.25, 0.25]
		},
		"gui": {
			"rotation": [30, 225, 0],
			"scale": [0.625, 0.625, 0.625]
		},
		"head": {
			"scale": [1.05, 1.05, 1.05]
		},
		"fixed": {
			"scale": [0.5, 0.5, 0.5]
		}
	},
	"groups": [
		{
			"name": "frame",
			"origin": [0, 0, 0],
			"color": 0,
			"children": [0, 1, 2, 3, 4, 5, 6, 7]
		},
		{
			"name": "booksN",
			"origin": [8, 8, 8],
			"color": 0,
			"children": [
				{
					"name": "lower",
					"origin": [8, 8, 8],
					"color": 0,
					"children": [8, 9, 10, 11, 12, 13, 14]
				},
				{
					"name": "upper",
					"origin": [8, 8, 8],
					"color": 0,
					"children": [15, 16, 17, 18, 19, 20, 21, 22, 23]
				}
			]
		},
		{
			"name": "booksE",
			"origin": [8, 8, 8],
			"color": 0,
			"children": [
				{
					"name": "lower",
					"origin": [8, 8, 8],
					"color": 0,
					"children": [24, 25, 26, 27, 28, 29, 30]
				},
				{
					"name": "upper",
					"origin": [8, 8, 8],
					"color": 0,
					"children": [31, 32, 33, 34, 35, 36, 37, 38, 39]
				}
			]
		},
		{
			"name": "booksS",
			"origin": [8, 8, 8],
			"color": 0,
			"children": [
				{
					"name": "lower",
					"origin": [8, 8, 8],
					"color": 0,
					"children": [40, 41, 42, 43, 44, 45, 46]
				},
				{
					"name": "upper",
					"origin": [8, 8, 8],
					"color": 0,
					"children": [47, 48, 49, 50, 51, 52, 53, 54, 55]
				}
			]
		},
		{
			"name": "booksW",
			"origin": [8, 8, 8],
			"color": 0,
			"children": [
				{
					"name": "lower",
					"origin": [8, 8, 8],
					"color": 0,
					"children": [56, 57, 58, 59, 60, 61, 62]
				},
				{
					"name": "upper",
					"origin": [8, 8, 8],
					"color": 0,
					"children": [63, 64, 65, 66, 67, 68, 69, 70, 71]
				}
			]
		},
		{
			"name": "U",
			"origin": [8, 8, 8],
			"color": 0,
			"children": [72, 73, 74, 75, 76, 77]
		},
		{
			"name": "B",
			"origin": [8, 8, 8],
			"color": 0,
			"children": [78, 79, 80, 81, 82, 83]
		}
	]
}