{
	"credit": "Made by SkylaDev :3 https://skyla.dev/",
	"textures": {
		"0": "block/chain",
		"particle": "block/chain"
	},
	"elements": [
		{
			"from": [6.5, 0.75, 7.75],
			"to": [9.5, 1.75, 8.25],
			"rotation": {"angle": 45, "axis": "y", "origin": [8, 0, 8]},
			"faces": {
				"north": {"uv": [3, 14, 0, 15], "texture": "#0"},
				"east": {"uv": [3, 14, 2.5, 15], "texture": "#0"},
				"south": {"uv": [0, 14, 3, 15], "texture": "#0"},
				"west": {"uv": [0, 14, 0.5, 15], "texture": "#0"},
				"up": {"uv": [0, 14, 3, 14.5], "texture": "#0"},
				"down": {"uv": [0, 14, 3, 14.5], "texture": "#0"}
			}
		},
		{
			"from": [6.5, 1.75, 7.75],
			"to": [7.5, 3.25, 8.25],
			"rotation": {"angle": 45, "axis": "y", "origin": [8, 0, 8]},
			"faces": {
				"north": {"uv": [0, 13, 1, 14], "texture": "#0"},
				"east": {"uv": [0, 13, 0.5, 14], "texture": "#0"},
				"south": {"uv": [0, 13, 1, 14], "texture": "#0"},
				"west": {"uv": [0, 13, 0.5, 14], "texture": "#0"}
			}
		},
		{
			"from": [8.5, 1.75, 7.75],
			"to": [9.5, 3.25, 8.25],
			"rotation": {"angle": 45, "axis": "y", "origin": [8, 0, 8]},
			"faces": {
				"north": {"uv": [2, 13, 3, 14], "texture": "#0"},
				"east": {"uv": [2, 13, 2.5, 14], "texture": "#0"},
				"south": {"uv": [2, 13, 3, 14], "texture": "#0"},
				"west": {"uv": [2, 13, 2.5, 14], "texture": "#0"}
			}
		},
		{
			"from": [6.5, 3.25, 7.75],
			"to": [9.5, 4.25, 8.25],
			"rotation": {"angle": 45, "axis": "y", "origin": [8, 0, 8]},
			"faces": {
				"north": {"uv": [3, 12, 0, 13], "texture": "#0"},
				"east": {"uv": [3, 12, 2.5, 13], "texture": "#0"},
				"south": {"uv": [0, 12, 3, 13], "texture": "#0"},
				"west": {"uv": [0, 12, 0.5, 13], "texture": "#0"},
				"up": {"uv": [0, 12, 3, 12.5], "texture": "#0"},
				"down": {"uv": [0, 12, 3, 12.5], "texture": "#0"}
			}
		},
		{
			"from": [6.5, 5.75, 7.75],
			"to": [9.5, 6.75, 8.25],
			"rotation": {"angle": 45, "axis": "y", "origin": [8, 0, 8]},
			"faces": {
				"north": {"uv": [3, 9, 0, 10], "texture": "#0"},
				"east": {"uv": [3, 9, 2.5, 10], "texture": "#0"},
				"south": {"uv": [0, 9, 3, 10], "texture": "#0"},
				"west": {"uv": [0, 9, 0.5, 10], "texture": "#0"},
				"up": {"uv": [0, 9, 3, 9.5], "texture": "#0"},
				"down": {"uv": [0, 9, 3, 9.5], "texture": "#0"}
			}
		},
		{
			"from": [6.5, 6.75, 7.75],
			"to": [7.5, 9.25, 8.25],
			"rotation": {"angle": 45, "axis": "y", "origin": [8, 0, 8]},
			"faces": {
				"north": {"uv": [0, 7, 1, 9], "texture": "#0"},
				"east": {"uv": [0, 7, 0.5, 9], "texture": "#0"},
				"south": {"uv": [0, 7, 1, 9], "texture": "#0"},
				"west": {"uv": [0, 7, 0.5, 9], "texture": "#0"}
			}
		},
		{
			"from": [8.5, 6.75, 7.75],
			"to": [9.5, 9.25, 8.25],
			"rotation": {"angle": 45, "axis": "y", "origin": [8, 0, 8]},
			"faces": {
				"north": {"uv": [2, 7, 3, 9], "texture": "#0"},
				"east": {"uv": [2, 7, 2.5, 9], "texture": "#0"},
				"south": {"uv": [2, 7, 3, 9], "texture": "#0"},
				"west": {"uv": [2, 7, 2.5, 9], "texture": "#0"}
			}
		},
		{
			"from": [6.5, 9.25, 7.75],
			"to": [9.5, 10.25, 8.25],
			"rotation": {"angle": 45, "axis": "y", "origin": [8, 0, 8]},
			"faces": {
				"north": {"uv": [3, 6, 0, 7], "texture": "#0"},
				"east": {"uv": [3, 6, 2.5, 7], "texture": "#0"},
				"south": {"uv": [0, 6, 3, 7], "texture": "#0"},
				"west": {"uv": [0, 6, 0.5, 7], "texture": "#0"},
				"up": {"uv": [0, 6, 3, 6.5], "texture": "#0"},
				"down": {"uv": [0, 6, 3, 6.5], "texture": "#0"}
			}
		},
		{
			"from": [6.5, 11.75, 7.75],
			"to": [9.5, 12.75, 8.25],
			"rotation": {"angle": 45, "axis": "y", "origin": [8, 0, 8]},
			"faces": {
				"north": {"uv": [3, 3, 0, 4], "texture": "#0"},
				"east": {"uv": [3, 3, 2.5, 4], "texture": "#0"},
				"south": {"uv": [0, 3, 3, 4], "texture": "#0"},
				"west": {"uv": [0, 3, 0.5, 4], "texture": "#0"},
				"up": {"uv": [0, 3, 3, 3.5], "texture": "#0"},
				"down": {"uv": [0, 3, 3, 3.5], "texture": "#0"}
			}
		},
		{
			"from": [6.5, 12.75, 7.75],
			"to": [7.5, 14.25, 8.25],
			"rotation": {"angle": 45, "axis": "y", "origin": [8, 0, 8]},
			"faces": {
				"north": {"uv": [0, 2, 1, 3], "texture": "#0"},
				"east": {"uv": [0, 2, 0.5, 3], "texture": "#0"},
				"south": {"uv": [0, 2, 1, 3], "texture": "#0"},
				"west": {"uv": [0, 2, 0.5, 3], "texture": "#0"}
			}
		},
		{
			"from": [8.5, 12.75, 7.75],
			"to": [9.5, 14.25, 8.25],
			"rotation": {"angle": 45, "axis": "y", "origin": [8, 0, 8]},
			"faces": {
				"north": {"uv": [2, 2, 3, 3], "texture": "#0"},
				"east": {"uv": [2, 2, 2.5, 3], "texture": "#0"},
				"south": {"uv": [2, 2, 3, 3], "texture": "#0"},
				"west": {"uv": [2, 2, 2.5, 3], "texture": "#0"}
			}
		},
		{
			"from": [6.5, 14.25, 7.75],
			"to": [9.5, 15.25, 8.25],
			"rotation": {"angle": 45, "axis": "y", "origin": [8, 0, 8]},
			"faces": {
				"north": {"uv": [3, 1, 0, 2], "texture": "#0"},
				"east": {"uv": [3, 1, 2.5, 2], "texture": "#0"},
				"south": {"uv": [0, 1, 3, 2], "texture": "#0"},
				"west": {"uv": [0, 1, 0.5, 2], "texture": "#0"},
				"up": {"uv": [0, 1, 3, 1.5], "texture": "#0"},
				"down": {"uv": [0, 1, 3, 1.5], "texture": "#0"}
			}
		},
		{
			"from": [8.5, 0, 7.75],
			"to": [9.5, 1.25, 8.25],
			"rotation": {"angle": -45, "axis": "y", "origin": [8, 0, 8]},
			"faces": {
				"north": {"uv": [3, 15, 4, 16], "texture": "#0"},
				"east": {"uv": [3, 15, 3.5, 16], "texture": "#0"},
				"south": {"uv": [3, 15, 4, 16], "texture": "#0"},
				"west": {"uv": [3, 15, 3.5, 16], "texture": "#0"},
				"down": {"uv": [3, 15, 4, 15.5], "rotation": 180, "texture": "#0"}
			}
		},
		{
			"from": [6.5, 0, 7.75],
			"to": [7.5, 1.25, 8.25],
			"rotation": {"angle": -45, "axis": "y", "origin": [8, 0, 8]},
			"faces": {
				"north": {"uv": [5, 15, 6, 16], "texture": "#0"},
				"east": {"uv": [5, 15, 5.5, 16], "texture": "#0"},
				"south": {"uv": [5, 15, 6, 16], "texture": "#0"},
				"west": {"uv": [5, 15, 5.5, 16], "texture": "#0"},
				"down": {"uv": [5, 15, 6, 15.5], "rotation": 180, "texture": "#0"}
			}
		},
		{
			"from": [6.5, 1.25, 7.75],
			"to": [9.5, 2.25, 8.25],
			"rotation": {"angle": -45, "axis": "y", "origin": [8, 0, 8]},
			"faces": {
				"north": {"uv": [3, 14, 6, 15], "texture": "#0"},
				"east": {"uv": [3, 14, 3.5, 15], "texture": "#0"},
				"south": {"uv": [6, 14, 3, 15], "texture": "#0"},
				"west": {"uv": [6, 14, 5.5, 15], "texture": "#0"},
				"up": {"uv": [3, 14, 6, 14.5], "rotation": 180, "texture": "#0"},
				"down": {"uv": [3, 14, 6, 14.5], "rotation": 180, "texture": "#0"}
			}
		},
		{
			"from": [6.5, 2.75, 7.75],
			"to": [9.5, 3.75, 8.25],
			"rotation": {"angle": -45, "axis": "y", "origin": [8, 0, 8]},
			"faces": {
				"north": {"uv": [3, 12, 6, 13], "texture": "#0"},
				"east": {"uv": [3, 12, 3.5, 13], "texture": "#0"},
				"south": {"uv": [6, 12, 3, 13], "texture": "#0"},
				"west": {"uv": [6, 12, 5.5, 13], "texture": "#0"},
				"up": {"uv": [3, 12, 6, 12.5], "rotation": 180, "texture": "#0"},
				"down": {"uv": [3, 12, 6, 12.5], "rotation": 180, "texture": "#0"}
			}
		},
		{
			"from": [8.5, 3.75, 7.75],
			"to": [9.5, 6.25, 8.25],
			"rotation": {"angle": -45, "axis": "y", "origin": [8, 0, 8]},
			"faces": {
				"north": {"uv": [3, 10, 4, 12], "texture": "#0"},
				"east": {"uv": [3, 10, 3.5, 12], "texture": "#0"},
				"south": {"uv": [3, 10, 4, 12], "texture": "#0"},
				"west": {"uv": [3, 10, 3.5, 12], "texture": "#0"}
			}
		},
		{
			"from": [6.5, 3.75, 7.75],
			"to": [7.5, 6.25, 8.25],
			"rotation": {"angle": -45, "axis": "y", "origin": [8, 0, 8]},
			"faces": {
				"north": {"uv": [5, 10, 6, 12], "texture": "#0"},
				"east": {"uv": [5, 10, 5.5, 12], "texture": "#0"},
				"south": {"uv": [5, 10, 6, 12], "texture": "#0"},
				"west": {"uv": [5, 10, 5.5, 12], "texture": "#0"}
			}
		},
		{
			"from": [6.5, 6.25, 7.75],
			"to": [9.5, 7.25, 8.25],
			"rotation": {"angle": -45, "axis": "y", "origin": [8, 0, 8]},
			"faces": {
				"north": {"uv": [3, 9, 6, 10], "texture": "#0"},
				"east": {"uv": [3, 9, 3.5, 10], "texture": "#0"},
				"south": {"uv": [6, 9, 3, 10], "texture": "#0"},
				"west": {"uv": [6, 9, 5.5, 10], "texture": "#0"},
				"up": {"uv": [3, 9, 6, 9.5], "rotation": 180, "texture": "#0"},
				"down": {"uv": [3, 9, 6, 9.5], "rotation": 180, "texture": "#0"}
			}
		},
		{
			"from": [6.5, 8.75, 7.75],
			"to": [9.5, 9.75, 8.25],
			"rotation": {"angle": -45, "axis": "y", "origin": [8, 0, 8]},
			"faces": {
				"north": {"uv": [3, 6, 6, 7], "texture": "#0"},
				"east": {"uv": [3, 6, 3.5, 7], "texture": "#0"},
				"south": {"uv": [6, 6, 3, 7], "texture": "#0"},
				"west": {"uv": [6, 6, 5.5, 7], "texture": "#0"},
				"up": {"uv": [3, 6, 6, 6.5], "rotation": 180, "texture": "#0"},
				"down": {"uv": [3, 6, 6, 6.5], "rotation": 180, "texture": "#0"}
			}
		},
		{
			"from": [8.5, 9.75, 7.75],
			"to": [9.5, 12.25, 8.25],
			"rotation": {"angle": -45, "axis": "y", "origin": [8, 0, 8]},
			"faces": {
				"north": {"uv": [3, 4, 4, 6], "texture": "#0"},
				"east": {"uv": [3, 4, 3.5, 6], "texture": "#0"},
				"south": {"uv": [3, 4, 4, 6], "texture": "#0"},
				"west": {"uv": [3, 4, 3.5, 6], "texture": "#0"}
			}
		},
		{
			"from": [6.5, 9.75, 7.75],
			"to": [7.5, 12.25, 8.25],
			"rotation": {"angle": -45, "axis": "y", "origin": [8, 0, 8]},
			"faces": {
				"north": {"uv": [5, 4, 6, 6], "texture": "#0"},
				"east": {"uv": [5, 4, 5.5, 6], "texture": "#0"},
				"south": {"uv": [5, 4, 6, 6], "texture": "#0"},
				"west": {"uv": [5, 4, 5.5, 6], "texture": "#0"}
			}
		},
		{
			"from": [6.5, 12.25, 7.75],
			"to": [9.5, 13.25, 8.25],
			"rotation": {"angle": -45, "axis": "y", "origin": [8, 0, 8]},
			"faces": {
				"north": {"uv": [3, 3, 6, 4], "texture": "#0"},
				"east": {"uv": [3, 3, 3.5, 4], "texture": "#0"},
				"south": {"uv": [6, 3, 3, 4], "texture": "#0"},
				"west": {"uv": [6, 3, 5.5, 4], "texture": "#0"},
				"up": {"uv": [3, 3, 6, 3.5], "rotation": 180, "texture": "#0"},
				"down": {"uv": [3, 3, 6, 3.5], "rotation": 180, "texture": "#0"}
			}
		},
		{
			"from": [6.5, 13.75, 7.75],
			"to": [9.5, 14.75, 8.25],
			"rotation": {"angle": -45, "axis": "y", "origin": [8, 0, 8]},
			"faces": {
				"north": {"uv": [3, 1, 6, 2], "texture": "#0"},
				"east": {"uv": [3, 1, 3.5, 2], "texture": "#0"},
				"south": {"uv": [6, 1, 3, 2], "texture": "#0"},
				"west": {"uv": [6, 1, 5.5, 2], "texture": "#0"},
				"up": {"uv": [3, 1, 6, 1.5], "rotation": 180, "texture": "#0"},
				"down": {"uv": [3, 1, 6, 1.5], "rotation": 180, "texture": "#0"}
			}
		},
		{
			"from": [8.5, 14.75, 7.75],
			"to": [9.5, 16, 8.25],
			"rotation": {"angle": -45, "axis": "y", "origin": [8, 0, 8]},
			"faces": {
				"north": {"uv": [3, 0, 4, 1], "texture": "#0"},
				"east": {"uv": [3, 0, 3.5, 1], "texture": "#0"},
				"south": {"uv": [3, 0, 4, 1], "texture": "#0"},
				"west": {"uv": [3, 0, 3.5, 1], "texture": "#0"},
				"up": {"uv": [3, 0, 4, 0.5], "rotation": 180, "texture": "#0"}
			}
		},
		{
			"from": [6.5, 14.75, 7.75],
			"to": [7.5, 16, 8.25],
			"rotation": {"angle": -45, "axis": "y", "origin": [8, 0, 8]},
			"faces": {
				"north": {"uv": [5, 0, 6, 1], "texture": "#0"},
				"east": {"uv": [5, 0, 5.5, 1], "texture": "#0"},
				"south": {"uv": [5, 0, 6, 1], "texture": "#0"},
				"west": {"uv": [5, 0, 5.5, 1], "texture": "#0"},
				"up": {"uv": [5, 0, 6, 0.5], "rotation": 180, "texture": "#0"}
			}
		}
	],
	"gui_light": "front",
	"display": {
		"thirdperson_righthand": {
			"translation": [0, 3, 1],
			"scale": [0.55, 0.55, 0.55]
		},
		"thirdperson_lefthand": {
			"translation": [0, 3, 1],
			"scale": [0.55, 0.55, 0.55]
		},
		"firstperson_righthand": {
			"rotation": [0, -90, 25],
			"translation": [1.13, 3.2, 1.13],
			"scale": [0.68, 0.68, 0.68]
		},
		"firstperson_lefthand": {
			"rotation": [0, -90, 25],
			"translation": [1.13, 3.2, 1.13],
			"scale": [0.68, 0.68, 0.68]
		},
		"ground": {
			"translation": [0, 2, 0],
			"scale": [0.5, 0.5, 0.5]
		},
		"gui": {
			"rotation": [45, 22.5, -45]
		},
		"head": {
			"rotation": [0, 180, 0],
			"translation": [0, 13, 0]
		},
		"fixed": {
			"rotation": [0, 45, 0]
		}
	},
	"groups": [
		{
			"name": "X",
			"origin": [8, 8, 8],
			"color": 0,
			"children": [
				{
					"name": "link1",
					"origin": [8, 8, 8],
					"color": 0,
					"children": [0, 1, 2, 3]
				},
				{
					"name": "link2",
					"origin": [8, 8, 8],
					"color": 0,
					"children": [4, 5, 6, 7]
				},
				{
					"name": "link3",
					"origin": [8, 8, 8],
					"color": 0,
					"children": [8, 9, 10, 11]
				}
			]
		},
		{
			"name": "Y",
			"origin": [8, 8, 8],
			"color": 0,
			"children": [
				{
					"name": "link1",
					"origin": [8, 8, 8],
					"color": 0,
					"children": [12, 13, 14]
				},
				{
					"name": "link2",
					"origin": [8, 8, 8],
					"color": 0,
					"children": [15, 16, 17, 18]
				},
				{
					"name": "link3",
					"origin": [8, 8, 8],
					"color": 0,
					"children": [19, 20, 21, 22]
				},
				{
					"name": "link4",
					"origin": [8, 8, 8],
					"color": 0,
					"children": [23, 24, 25]
				}
			]
		}
	]
}