{
	"credit": "Made by SkylaDev :3 https://skyla.dev/",
	"textures": {
		"0": "block/coal_ore",
		"particle": "block/coal_ore"
	},
	"elements": [
		{
			"name": "base",
			"from": [0, 0, 0],
			"to": [16, 16, 16],
			"faces": {
				"north": {"uv": [0, 0, 16, 16], "texture": "#0"},
				"east": {"uv": [0, 0, 16, 16], "texture": "#0"},
				"south": {"uv": [0, 0, 16, 16], "texture": "#0"},
				"west": {"uv": [0, 0, 16, 16], "texture": "#0"},
				"up": {"uv": [0, 0, 16, 16], "texture": "#0"},
				"down": {"uv": [0, 0, 16, 16], "texture": "#0"}
			}
		},
		{
			"from": [1.005, 5.005, -0.4],
			"to": [2.995, 5.995, 0],
			"rotation": {"angle": 0, "axis": "y", "origin": [8, 8, 8]},
			"faces": {
				"north": {"uv": [13.005, 10.005, 14.995, 10.995], "texture": "#0"},
				"east": {"uv": [13, 10.005, 13.4, 10.995], "texture": "#0"},
				"west": {"uv": [14.6, 10.005, 15, 10.995], "texture": "#0"},
				"up": {"uv": [14.995, 10, 13.005, 10.4], "texture": "#0"},
				"down": {"uv": [14.995, 10.6, 13.005, 11], "texture": "#0"}
			}
		},
		{
			"from": [2.005, 13.005, -0.4],
			"to": [3.995, 13.995, 0],
			"rotation": {"angle": 0, "axis": "y", "origin": [8, 8, 8]},
			"faces": {
				"north": {"uv": [12.005, 2.005, 13.995, 2.995], "texture": "#0"},
				"east": {"uv": [12, 2.005, 12.4, 2.995], "texture": "#0"},
				"west": {"uv": [13.6, 2.005, 14, 2.995], "texture": "#0"},
				"up": {"uv": [13.995, 2, 12.005, 2.4], "texture": "#0"},
				"down": {"uv": [13.995, 2.6, 12.005, 3], "texture": "#0"}
			}
		},
		{
			"from": [13.005, 11.005, -0.4],
			"to": [14.995, 11.995, 0],
			"rotation": {"angle": 0, "axis": "y", "origin": [8, 8, 8]},
			"faces": {
				"north": {"uv": [1.005, 4.005, 2.995, 4.995], "texture": "#0"},
				"east": {"uv": [1, 4.005, 1.4, 4.995], "texture": "#0"},
				"west": {"uv": [2.6, 4.005, 3, 4.995], "texture": "#0"},
				"up": {"uv": [2.995, 4, 1.005, 4.4], "texture": "#0"},
				"down": {"uv": [2.995, 4.6, 1.005, 5], "texture": "#0"}
			}
		},
		{
			"from": [8.005, 1.005, -0.4],
			"to": [9.995, 1.995, 0],
			"rotation": {"angle": 0, "axis": "y", "origin": [8, 8, 8]},
			"faces": {
				"north": {"uv": [6.005, 14.005, 7.995, 14.995], "texture": "#0"},
				"east": {"uv": [6, 14.005, 6.4, 14.995], "texture": "#0"},
				"west": {"uv": [7.6, 14.005, 8, 14.995], "texture": "#0"},
				"up": {"uv": [7.995, 14, 6.005, 14.4], "texture": "#0"},
				"down": {"uv": [7.995, 14.6, 6.005, 15], "texture": "#0"}
			}
		},
		{
			"from": [9.005, 3.005, -0.4],
			"to": [13.995, 3.995, 0],
			"rotation": {"angle": 0, "axis": "y", "origin": [8, 8, 8]},
			"faces": {
				"north": {"uv": [2.005, 12.005, 6.995, 12.995], "texture": "#0"},
				"east": {"uv": [2, 12.005, 2.4, 12.995], "texture": "#0"},
				"west": {"uv": [6.6, 12.005, 7, 12.995], "texture": "#0"},
				"up": {"uv": [6.995, 12, 2.005, 12.4], "texture": "#0"},
				"down": {"uv": [6.995, 12.6, 2.005, 13], "texture": "#0"}
			}
		},
		{
			"from": [11.005, 2.005, -0.4],
			"to": [12.995, 3.005, 0],
			"rotation": {"angle": 0, "axis": "y", "origin": [8, 8, 8]},
			"faces": {
				"north": {"uv": [3.005, 12.995, 4.995, 13.995], "texture": "#0"},
				"east": {"uv": [3, 12.995, 3.4, 13.995], "texture": "#0"},
				"west": {"uv": [4.6, 12.995, 5, 13.995], "texture": "#0"},
				"down": {"uv": [4.995, 13.6, 3.005, 14], "texture": "#0"}
			}
		},
		{
			"from": [5.005, 12.005, -0.4],
			"to": [10.995, 12.995, 0],
			"rotation": {"angle": 0, "axis": "y", "origin": [8, 8, 8]},
			"faces": {
				"north": {"uv": [5.005, 3.005, 10.995, 3.995], "texture": "#0"},
				"east": {"uv": [5, 3.005, 5.4, 3.995], "texture": "#0"},
				"west": {"uv": [10.6, 3.005, 11, 3.995], "texture": "#0"},
				"up": {"uv": [10.995, 3, 5.005, 3.4], "texture": "#0"},
				"down": {"uv": [10.995, 3.6, 5.005, 4], "texture": "#0"}
			}
		},
		{
			"from": [6.005, 11.005, -0.4],
			"to": [8.995, 12.005, 0],
			"rotation": {"angle": 0, "axis": "y", "origin": [8, 8, 8]},
			"faces": {
				"north": {"uv": [7.005, 3.995, 9.995, 4.995], "texture": "#0"},
				"east": {"uv": [7, 3.995, 7.4, 4.995], "texture": "#0"},
				"west": {"uv": [9.6, 3.995, 10, 4.995], "texture": "#0"},
				"down": {"uv": [9.995, 4.6, 7.005, 5], "texture": "#0"}
			}
		},
		{
			"from": [7.005, 12.995, -0.4],
			"to": [9.995, 13.995, 0],
			"rotation": {"angle": 0, "axis": "y", "origin": [8, 8, 8]},
			"faces": {
				"north": {"uv": [6.005, 2.005, 8.995, 3.005], "texture": "#0"},
				"east": {"uv": [6, 2.005, 6.4, 3.005], "texture": "#0"},
				"west": {"uv": [8.6, 2.005, 9, 3.005], "texture": "#0"},
				"up": {"uv": [8.995, 2, 6.005, 2.4], "texture": "#0"}
			}
		},
		{
			"from": [8.005, 7.005, -0.4],
			"to": [12.995, 7.995, 0],
			"rotation": {"angle": 0, "axis": "y", "origin": [8, 8, 8]},
			"faces": {
				"north": {"uv": [3.005, 8.005, 7.995, 8.995], "texture": "#0"},
				"east": {"uv": [3, 8.005, 3.4, 8.995], "texture": "#0"},
				"west": {"uv": [7.6, 8.005, 8, 8.995], "texture": "#0"},
				"up": {"uv": [7.995, 8, 3.005, 8.4], "texture": "#0"},
				"down": {"uv": [7.995, 8.6, 3.005, 9], "texture": "#0"}
			}
		},
		{
			"from": [10.005, 6.005, -0.4],
			"to": [11.995, 7.005, 0],
			"rotation": {"angle": 0, "axis": "y", "origin": [8, 8, 8]},
			"faces": {
				"north": {"uv": [4.005, 8.995, 5.995, 9.995], "texture": "#0"},
				"east": {"uv": [4, 8.995, 4.4, 9.995], "texture": "#0"},
				"west": {"uv": [5.6, 8.995, 6, 9.995], "texture": "#0"},
				"down": {"uv": [5.995, 9.6, 4.005, 10], "texture": "#0"}
			}
		},
		{
			"from": [9.005, 7.995, -0.4],
			"to": [11.995, 8.995, 0],
			"rotation": {"angle": 0, "axis": "y", "origin": [8, 8, 8]},
			"faces": {
				"north": {"uv": [4.005, 7.005, 6.995, 8.005], "texture": "#0"},
				"east": {"uv": [4, 7.005, 4.4, 8.005], "texture": "#0"},
				"west": {"uv": [6.6, 7.005, 7, 8.005], "texture": "#0"},
				"up": {"uv": [6.995, 7, 4.005, 7.4], "texture": "#0"}
			}
		},
		{
			"from": [3.005, 9.005, -0.4],
			"to": [5.995, 9.995, 0],
			"rotation": {"angle": 0, "axis": "y", "origin": [8, 8, 8]},
			"faces": {
				"north": {"uv": [10.005, 6.005, 12.995, 6.995], "texture": "#0"},
				"east": {"uv": [10, 6.005, 10.4, 6.995], "texture": "#0"},
				"west": {"uv": [12.6, 6.005, 13, 6.995], "texture": "#0"},
				"up": {"uv": [12.995, 6, 10.005, 6.4], "texture": "#0"},
				"down": {"uv": [12.995, 6.6, 10.005, 7], "texture": "#0"}
			}
		},
		{
			"from": [3.005, 8.005, -0.4],
			"to": [4.995, 9.005, 0],
			"rotation": {"angle": 0, "axis": "y", "origin": [8, 8, 8]},
			"faces": {
				"north": {"uv": [11.005, 6.995, 12.995, 7.995], "texture": "#0"},
				"east": {"uv": [11, 6.995, 11.4, 7.995], "texture": "#0"},
				"west": {"uv": [12.6, 6.995, 13, 7.995], "texture": "#0"},
				"down": {"uv": [12.995, 7.6, 11.005, 8], "texture": "#0"}
			}
		},
		{
			"from": [3.005, 3.005, -0.4],
			"to": [5.995, 3.995, 0],
			"rotation": {"angle": 0, "axis": "y", "origin": [8, 8, 8]},
			"faces": {
				"north": {"uv": [10.005, 12.005, 12.995, 12.995], "texture": "#0"},
				"east": {"uv": [10, 12.005, 10.4, 12.995], "texture": "#0"},
				"west": {"uv": [12.6, 12.005, 13, 12.995], "texture": "#0"},
				"up": {"uv": [12.995, 12, 10.005, 12.4], "texture": "#0"},
				"down": {"uv": [12.995, 12.6, 10.005, 13], "texture": "#0"}
			}
		},
		{
			"from": [4.005, 2.005, -0.4],
			"to": [5.995, 3.005, 0],
			"rotation": {"angle": 0, "axis": "y", "origin": [8, 8, 8]},
			"faces": {
				"north": {"uv": [10.005, 12.995, 11.995, 13.995], "texture": "#0"},
				"east": {"uv": [10, 12.995, 10.4, 13.995], "texture": "#0"},
				"west": {"uv": [11.6, 12.995, 12, 13.995], "texture": "#0"},
				"down": {"uv": [11.995, 13.6, 10.005, 14], "texture": "#0"}
			}
		},
		{
			"from": [16, 5.005, 1.005],
			"to": [16.4, 5.995, 2.995],
			"rotation": {"angle": 0, "axis": "y", "origin": [8, 8, 8]},
			"faces": {
				"north": {"uv": [14.6, 10.005, 15, 10.995], "texture": "#0"},
				"east": {"uv": [13.005, 10.005, 14.995, 10.995], "texture": "#0"},
				"south": {"uv": [13, 10.005, 13.4, 10.995], "texture": "#0"},
				"up": {"uv": [14.995, 10, 13.005, 10.4], "rotation": 90, "texture": "#0"},
				"down": {"uv": [14.995, 10.6, 13.005, 11], "rotation": 270, "texture": "#0"}
			}
		},
		{
			"from": [16, 13.005, 2.005],
			"to": [16.4, 13.995, 3.995],
			"rotation": {"angle": 0, "axis": "y", "origin": [8, 8, 8]},
			"faces": {
				"north": {"uv": [13.6, 2.005, 14, 2.995], "texture": "#0"},
				"east": {"uv": [12.005, 2.005, 13.995, 2.995], "texture": "#0"},
				"south": {"uv": [12, 2.005, 12.4, 2.995], "texture": "#0"},
				"up": {"uv": [13.995, 2, 12.005, 2.4], "rotation": 90, "texture": "#0"},
				"down": {"uv": [13.995, 2.6, 12.005, 3], "rotation": 270, "texture": "#0"}
			}
		},
		{
			"from": [16, 11.005, 13.005],
			"to": [16.4, 11.995, 14.995],
			"rotation": {"angle": 0, "axis": "y", "origin": [8, 8, 8]},
			"faces": {
				"north": {"uv": [2.6, 4.005, 3, 4.995], "texture": "#0"},
				"east": {"uv": [1.005, 4.005, 2.995, 4.995], "texture": "#0"},
				"south": {"uv": [1, 4.005, 1.4, 4.995], "texture": "#0"},
				"up": {"uv": [2.995, 4, 1.005, 4.4], "rotation": 90, "texture": "#0"},
				"down": {"uv": [2.995, 4.6, 1.005, 5], "rotation": 270, "texture": "#0"}
			}
		},
		{
			"from": [16, 1.005, 8.005],
			"to": [16.4, 1.995, 9.995],
			"rotation": {"angle": 0, "axis": "y", "origin": [8, 8, 8]},
			"faces": {
				"north": {"uv": [7.6, 14.005, 8, 14.995], "texture": "#0"},
				"east": {"uv": [6.005, 14.005, 7.995, 14.995], "texture": "#0"},
				"south": {"uv": [6, 14.005, 6.4, 14.995], "texture": "#0"},
				"up": {"uv": [7.995, 14, 6.005, 14.4], "rotation": 90, "texture": "#0"},
				"down": {"uv": [7.995, 14.6, 6.005, 15], "rotation": 270, "texture": "#0"}
			}
		},
		{
			"from": [16, 3.005, 9.005],
			"to": [16.4, 3.995, 13.995],
			"rotation": {"angle": 0, "axis": "y", "origin": [8, 8, 8]},
			"faces": {
				"north": {"uv": [6.6, 12.005, 7, 12.995], "texture": "#0"},
				"east": {"uv": [2.005, 12.005, 6.995, 12.995], "texture": "#0"},
				"south": {"uv": [2, 12.005, 2.4, 12.995], "texture": "#0"},
				"up": {"uv": [6.995, 12, 2.005, 12.4], "rotation": 90, "texture": "#0"},
				"down": {"uv": [6.995, 12.6, 2.005, 13], "rotation": 270, "texture": "#0"}
			}
		},
		{
			"from": [16, 2.005, 11.005],
			"to": [16.4, 3.005, 12.995],
			"rotation": {"angle": 0, "axis": "y", "origin": [8, 8, 8]},
			"faces": {
				"north": {"uv": [4.6, 12.995, 5, 13.995], "texture": "#0"},
				"east": {"uv": [3.005, 12.995, 4.995, 13.995], "texture": "#0"},
				"south": {"uv": [3, 12.995, 3.4, 13.995], "texture": "#0"},
				"down": {"uv": [4.995, 13.6, 3.005, 14], "rotation": 270, "texture": "#0"}
			}
		},
		{
			"from": [16, 12.005, 5.005],
			"to": [16.4, 12.995, 10.995],
			"rotation": {"angle": 0, "axis": "y", "origin": [8, 8, 8]},
			"faces": {
				"north": {"uv": [10.6, 3.005, 11, 3.995], "texture": "#0"},
				"east": {"uv": [5.005, 3.005, 10.995, 3.995], "texture": "#0"},
				"south": {"uv": [5, 3.005, 5.4, 3.995], "texture": "#0"},
				"up": {"uv": [10.995, 3, 5.005, 3.4], "rotation": 90, "texture": "#0"},
				"down": {"uv": [10.995, 3.6, 5.005, 4], "rotation": 270, "texture": "#0"}
			}
		},
		{
			"from": [16, 11.005, 6.005],
			"to": [16.4, 12.005, 8.995],
			"rotation": {"angle": 0, "axis": "y", "origin": [8, 8, 8]},
			"faces": {
				"north": {"uv": [9.6, 3.995, 10, 4.995], "texture": "#0"},
				"east": {"uv": [7.005, 3.995, 9.995, 4.995], "texture": "#0"},
				"south": {"uv": [7, 3.995, 7.4, 4.995], "texture": "#0"},
				"down": {"uv": [9.995, 4.6, 7.005, 5], "rotation": 270, "texture": "#0"}
			}
		},
		{
			"from": [16, 12.995, 7.005],
			"to": [16.4, 13.995, 9.995],
			"rotation": {"angle": 0, "axis": "y", "origin": [8, 8, 8]},
			"faces": {
				"north": {"uv": [8.6, 2.005, 9, 3.005], "texture": "#0"},
				"east": {"uv": [6.005, 2.005, 8.995, 3.005], "texture": "#0"},
				"south": {"uv": [6, 2.005, 6.4, 3.005], "texture": "#0"},
				"up": {"uv": [8.995, 2, 6.005, 2.4], "rotation": 90, "texture": "#0"}
			}
		},
		{
			"from": [16, 7.005, 8.005],
			"to": [16.4, 7.995, 12.995],
			"rotation": {"angle": 0, "axis": "y", "origin": [8, 8, 8]},
			"faces": {
				"north": {"uv": [7.6, 8.005, 8, 8.995], "texture": "#0"},
				"east": {"uv": [3.005, 8.005, 7.995, 8.995], "texture": "#0"},
				"south": {"uv": [3, 8.005, 3.4, 8.995], "texture": "#0"},
				"up": {"uv": [7.995, 8, 3.005, 8.4], "rotation": 90, "texture": "#0"},
				"down": {"uv": [7.995, 8.6, 3.005, 9], "rotation": 270, "texture": "#0"}
			}
		},
		{
			"from": [16, 6.005, 10.005],
			"to": [16.4, 7.005, 11.995],
			"rotation": {"angle": 0, "axis": "y", "origin": [8, 8, 8]},
			"faces": {
				"north": {"uv": [5.6, 8.995, 6, 9.995], "texture": "#0"},
				"east": {"uv": [4.005, 8.995, 5.995, 9.995], "texture": "#0"},
				"south": {"uv": [4, 8.995, 4.4, 9.995], "texture": "#0"},
				"down": {"uv": [5.995, 9.6, 4.005, 10], "rotation": 270, "texture": "#0"}
			}
		},
		{
			"from": [16, 7.995, 9.005],
			"to": [16.4, 8.995, 11.995],
			"rotation": {"angle": 0, "axis": "y", "origin": [8, 8, 8]},
			"faces": {
				"north": {"uv": [6.6, 7.005, 7, 8.005], "texture": "#0"},
				"east": {"uv": [4.005, 7.005, 6.995, 8.005], "texture": "#0"},
				"south": {"uv": [4, 7.005, 4.4, 8.005], "texture": "#0"},
				"up": {"uv": [6.995, 7, 4.005, 7.4], "rotation": 90, "texture": "#0"}
			}
		},
		{
			"from": [16, 9.005, 3.005],
			"to": [16.4, 9.995, 5.995],
			"rotation": {"angle": 0, "axis": "y", "origin": [8, 8, 8]},
			"faces": {
				"north": {"uv": [12.6, 6.005, 13, 6.995], "texture": "#0"},
				"east": {"uv": [10.005, 6.005, 12.995, 6.995], "texture": "#0"},
				"south": {"uv": [10, 6.005, 10.4, 6.995], "texture": "#0"},
				"up": {"uv": [12.995, 6, 10.005, 6.4], "rotation": 90, "texture": "#0"},
				"down": {"uv": [12.995, 6.6, 10.005, 7], "rotation": 270, "texture": "#0"}
			}
		},
		{
			"from": [16, 8.005, 3.005],
			"to": [16.4, 9.005, 4.995],
			"rotation": {"angle": 0, "axis": "y", "origin": [8, 8, 8]},
			"faces": {
				"north": {"uv": [12.6, 6.995, 13, 7.995], "texture": "#0"},
				"east": {"uv": [11.005, 6.995, 12.995, 7.995], "texture": "#0"},
				"south": {"uv": [11, 6.995, 11.4, 7.995], "texture": "#0"},
				"down": {"uv": [12.995, 7.6, 11.005, 8], "rotation": 270, "texture": "#0"}
			}
		},
		{
			"from": [16, 3.005, 3.005],
			"to": [16.4, 3.995, 5.995],
			"rotation": {"angle": 0, "axis": "y", "origin": [8, 8, 8]},
			"faces": {
				"north": {"uv": [12.6, 12.005, 13, 12.995], "texture": "#0"},
				"east": {"uv": [10.005, 12.005, 12.995, 12.995], "texture": "#0"},
				"south": {"uv": [10, 12.005, 10.4, 12.995], "texture": "#0"},
				"up": {"uv": [12.995, 12, 10.005, 12.4], "rotation": 90, "texture": "#0"},
				"down": {"uv": [12.995, 12.6, 10.005, 13], "rotation": 270, "texture": "#0"}
			}
		},
		{
			"from": [16, 2.005, 4.005],
			"to": [16.4, 3.005, 5.995],
			"rotation": {"angle": 0, "axis": "y", "origin": [8, 8, 8]},
			"faces": {
				"north": {"uv": [11.6, 12.995, 12, 13.995], "texture": "#0"},
				"east": {"uv": [10.005, 12.995, 11.995, 13.995], "texture": "#0"},
				"south": {"uv": [10, 12.995, 10.4, 13.995], "texture": "#0"},
				"down": {"uv": [11.995, 13.6, 10.005, 14], "rotation": 270, "texture": "#0"}
			}
		},
		{
			"from": [13.005, 5.005, 16],
			"to": [14.995, 5.995, 16.4],
			"rotation": {"angle": 0, "axis": "y", "origin": [8, 8, 8]},
			"faces": {
				"east": {"uv": [14.6, 10.005, 15, 10.995], "texture": "#0"},
				"south": {"uv": [13.005, 10.005, 14.995, 10.995], "texture": "#0"},
				"west": {"uv": [13, 10.005, 13.4, 10.995], "texture": "#0"},
				"up": {"uv": [14.995, 10, 13.005, 10.4], "rotation": 180, "texture": "#0"},
				"down": {"uv": [14.995, 10.6, 13.005, 11], "rotation": 180, "texture": "#0"}
			}
		},
		{
			"from": [12.005, 13.005, 16],
			"to": [13.995, 13.995, 16.4],
			"rotation": {"angle": 0, "axis": "y", "origin": [8, 8, 8]},
			"faces": {
				"east": {"uv": [13.6, 2.005, 14, 2.995], "texture": "#0"},
				"south": {"uv": [12.005, 2.005, 13.995, 2.995], "texture": "#0"},
				"west": {"uv": [12, 2.005, 12.4, 2.995], "texture": "#0"},
				"up": {"uv": [13.995, 2, 12.005, 2.4], "rotation": 180, "texture": "#0"},
				"down": {"uv": [13.995, 2.6, 12.005, 3], "rotation": 180, "texture": "#0"}
			}
		},
		{
			"from": [1.005, 11.005, 16],
			"to": [2.995, 11.995, 16.4],
			"rotation": {"angle": 0, "axis": "y", "origin": [8, 8, 8]},
			"faces": {
				"east": {"uv": [2.6, 4.005, 3, 4.995], "texture": "#0"},
				"south": {"uv": [1.005, 4.005, 2.995, 4.995], "texture": "#0"},
				"west": {"uv": [1, 4.005, 1.4, 4.995], "texture": "#0"},
				"up": {"uv": [2.995, 4, 1.005, 4.4], "rotation": 180, "texture": "#0"},
				"down": {"uv": [2.995, 4.6, 1.005, 5], "rotation": 180, "texture": "#0"}
			}
		},
		{
			"from": [6.005, 1.005, 16],
			"to": [7.995, 1.995, 16.4],
			"rotation": {"angle": 0, "axis": "y", "origin": [8, 8, 8]},
			"faces": {
				"east": {"uv": [7.6, 14.005, 8, 14.995], "texture": "#0"},
				"south": {"uv": [6.005, 14.005, 7.995, 14.995], "texture": "#0"},
				"west": {"uv": [6, 14.005, 6.4, 14.995], "texture": "#0"},
				"up": {"uv": [7.995, 14, 6.005, 14.4], "rotation": 180, "texture": "#0"},
				"down": {"uv": [7.995, 14.6, 6.005, 15], "rotation": 180, "texture": "#0"}
			}
		},
		{
			"from": [2.005, 3.005, 16],
			"to": [6.995, 3.995, 16.4],
			"rotation": {"angle": 0, "axis": "y", "origin": [8, 8, 8]},
			"faces": {
				"east": {"uv": [6.6, 12.005, 7, 12.995], "texture": "#0"},
				"south": {"uv": [2.005, 12.005, 6.995, 12.995], "texture": "#0"},
				"west": {"uv": [2, 12.005, 2.4, 12.995], "texture": "#0"},
				"up": {"uv": [6.995, 12, 2.005, 12.4], "rotation": 180, "texture": "#0"},
				"down": {"uv": [6.995, 12.6, 2.005, 13], "rotation": 180, "texture": "#0"}
			}
		},
		{
			"from": [3.005, 2.005, 16],
			"to": [4.995, 3.005, 16.4],
			"rotation": {"angle": 0, "axis": "y", "origin": [8, 8, 8]},
			"faces": {
				"east": {"uv": [4.6, 12.995, 5, 13.995], "texture": "#0"},
				"south": {"uv": [3.005, 12.995, 4.995, 13.995], "texture": "#0"},
				"west": {"uv": [3, 12.995, 3.4, 13.995], "texture": "#0"},
				"down": {"uv": [4.995, 13.6, 3.005, 14], "rotation": 180, "texture": "#0"}
			}
		},
		{
			"from": [5.005, 12.005, 16],
			"to": [10.995, 12.995, 16.4],
			"rotation": {"angle": 0, "axis": "y", "origin": [8, 8, 8]},
			"faces": {
				"east": {"uv": [10.6, 3.005, 11, 3.995], "texture": "#0"},
				"south": {"uv": [5.005, 3.005, 10.995, 3.995], "texture": "#0"},
				"west": {"uv": [5, 3.005, 5.4, 3.995], "texture": "#0"},
				"up": {"uv": [10.995, 3, 5.005, 3.4], "rotation": 180, "texture": "#0"},
				"down": {"uv": [10.995, 3.6, 5.005, 4], "rotation": 180, "texture": "#0"}
			}
		},
		{
			"from": [7.005, 11.005, 16],
			"to": [9.995, 12.005, 16.4],
			"rotation": {"angle": 0, "axis": "y", "origin": [8, 8, 8]},
			"faces": {
				"east": {"uv": [9.6, 3.995, 10, 4.995], "texture": "#0"},
				"south": {"uv": [7.005, 3.995, 9.995, 4.995], "texture": "#0"},
				"west": {"uv": [7, 3.995, 7.4, 4.995], "texture": "#0"},
				"down": {"uv": [9.995, 4.6, 7.005, 5], "rotation": 180, "texture": "#0"}
			}
		},
		{
			"from": [6.005, 12.995, 16],
			"to": [8.995, 13.995, 16.4],
			"rotation": {"angle": 0, "axis": "y", "origin": [8, 8, 8]},
			"faces": {
				"east": {"uv": [8.6, 2.005, 9, 3.005], "texture": "#0"},
				"south": {"uv": [6.005, 2.005, 8.995, 3.005], "texture": "#0"},
				"west": {"uv": [6, 2.005, 6.4, 3.005], "texture": "#0"},
				"up": {"uv": [8.995, 2, 6.005, 2.4], "rotation": 180, "texture": "#0"}
			}
		},
		{
			"from": [3.005, 7.005, 16],
			"to": [7.995, 7.995, 16.4],
			"rotation": {"angle": 0, "axis": "y", "origin": [8, 8, 8]},
			"faces": {
				"east": {"uv": [7.6, 8.005, 8, 8.995], "texture": "#0"},
				"south": {"uv": [3.005, 8.005, 7.995, 8.995], "texture": "#0"},
				"west": {"uv": [3, 8.005, 3.4, 8.995], "texture": "#0"},
				"up": {"uv": [7.995, 8, 3.005, 8.4], "rotation": 180, "texture": "#0"},
				"down": {"uv": [7.995, 8.6, 3.005, 9], "rotation": 180, "texture": "#0"}
			}
		},
		{
			"from": [4.005, 6.005, 16],
			"to": [5.995, 7.005, 16.4],
			"rotation": {"angle": 0, "axis": "y", "origin": [8, 8, 8]},
			"faces": {
				"east": {"uv": [5.6, 8.995, 6, 9.995], "texture": "#0"},
				"south": {"uv": [4.005, 8.995, 5.995, 9.995], "texture": "#0"},
				"west": {"uv": [4, 8.995, 4.4, 9.995], "texture": "#0"},
				"down": {"uv": [5.995, 9.6, 4.005, 10], "rotation": 180, "texture": "#0"}
			}
		},
		{
			"from": [4.005, 7.995, 16],
			"to": [6.995, 8.995, 16.4],
			"rotation": {"angle": 0, "axis": "y", "origin": [8, 8, 8]},
			"faces": {
				"east": {"uv": [6.6, 7.005, 7, 8.005], "texture": "#0"},
				"south": {"uv": [4.005, 7.005, 6.995, 8.005], "texture": "#0"},
				"west": {"uv": [4, 7.005, 4.4, 8.005], "texture": "#0"},
				"up": {"uv": [6.995, 7, 4.005, 7.4], "rotation": 180, "texture": "#0"}
			}
		},
		{
			"from": [10.005, 9.005, 16],
			"to": [12.995, 9.995, 16.4],
			"rotation": {"angle": 0, "axis": "y", "origin": [8, 8, 8]},
			"faces": {
				"east": {"uv": [12.6, 6.005, 13, 6.995], "texture": "#0"},
				"south": {"uv": [10.005, 6.005, 12.995, 6.995], "texture": "#0"},
				"west": {"uv": [10, 6.005, 10.4, 6.995], "texture": "#0"},
				"up": {"uv": [12.995, 6, 10.005, 6.4], "rotation": 180, "texture": "#0"},
				"down": {"uv": [12.995, 6.6, 10.005, 7], "rotation": 180, "texture": "#0"}
			}
		},
		{
			"from": [11.005, 8.005, 16],
			"to": [12.995, 9.005, 16.4],
			"rotation": {"angle": 0, "axis": "y", "origin": [8, 8, 8]},
			"faces": {
				"east": {"uv": [12.6, 6.995, 13, 7.995], "texture": "#0"},
				"south": {"uv": [11.005, 6.995, 12.995, 7.995], "texture": "#0"},
				"west": {"uv": [11, 6.995, 11.4, 7.995], "texture": "#0"},
				"down": {"uv": [12.995, 7.6, 11.005, 8], "rotation": 180, "texture": "#0"}
			}
		},
		{
			"from": [10.005, 3.005, 16],
			"to": [12.995, 3.995, 16.4],
			"rotation": {"angle": 0, "axis": "y", "origin": [8, 8, 8]},
			"faces": {
				"east": {"uv": [12.6, 12.005, 13, 12.995], "texture": "#0"},
				"south": {"uv": [10.005, 12.005, 12.995, 12.995], "texture": "#0"},
				"west": {"uv": [10, 12.005, 10.4, 12.995], "texture": "#0"},
				"up": {"uv": [12.995, 12, 10.005, 12.4], "rotation": 180, "texture": "#0"},
				"down": {"uv": [12.995, 12.6, 10.005, 13], "rotation": 180, "texture": "#0"}
			}
		},
		{
			"from": [10.005, 2.005, 16],
			"to": [11.995, 3.005, 16.4],
			"rotation": {"angle": 0, "axis": "y", "origin": [8, 8, 8]},
			"faces": {
				"east": {"uv": [11.6, 12.995, 12, 13.995], "texture": "#0"},
				"south": {"uv": [10.005, 12.995, 11.995, 13.995], "texture": "#0"},
				"west": {"uv": [10, 12.995, 10.4, 13.995], "texture": "#0"},
				"down": {"uv": [11.995, 13.6, 10.005, 14], "rotation": 180, "texture": "#0"}
			}
		},
		{
			"from": [-0.4, 5.005, 13.005],
			"to": [0, 5.995, 14.995],
			"rotation": {"angle": 0, "axis": "y", "origin": [8, 8, 8]},
			"faces": {
				"north": {"uv": [13, 10.005, 13.4, 10.995], "texture": "#0"},
				"south": {"uv": [14.6, 10.005, 15, 10.995], "texture": "#0"},
				"west": {"uv": [13.005, 10.005, 14.995, 10.995], "texture": "#0"},
				"up": {"uv": [14.995, 10, 13.005, 10.4], "rotation": 270, "texture": "#0"},
				"down": {"uv": [14.995, 10.6, 13.005, 11], "rotation": 90, "texture": "#0"}
			}
		},
		{
			"from": [-0.4, 13.005, 12.005],
			"to": [0, 13.995, 13.995],
			"rotation": {"angle": 0, "axis": "y", "origin": [8, 8, 8]},
			"faces": {
				"north": {"uv": [12, 2.005, 12.4, 2.995], "texture": "#0"},
				"south": {"uv": [13.6, 2.005, 14, 2.995], "texture": "#0"},
				"west": {"uv": [12.005, 2.005, 13.995, 2.995], "texture": "#0"},
				"up": {"uv": [13.995, 2, 12.005, 2.4], "rotation": 270, "texture": "#0"},
				"down": {"uv": [13.995, 2.6, 12.005, 3], "rotation": 90, "texture": "#0"}
			}
		},
		{
			"from": [-0.4, 11.005, 1.005],
			"to": [0, 11.995, 2.995],
			"rotation": {"angle": 0, "axis": "y", "origin": [8, 8, 8]},
			"faces": {
				"north": {"uv": [1, 4.005, 1.4, 4.995], "texture": "#0"},
				"south": {"uv": [2.6, 4.005, 3, 4.995], "texture": "#0"},
				"west": {"uv": [1.005, 4.005, 2.995, 4.995], "texture": "#0"},
				"up": {"uv": [2.995, 4, 1.005, 4.4], "rotation": 270, "texture": "#0"},
				"down": {"uv": [2.995, 4.6, 1.005, 5], "rotation": 90, "texture": "#0"}
			}
		},
		{
			"from": [-0.4, 1.005, 6.005],
			"to": [0, 1.995, 7.995],
			"rotation": {"angle": 0, "axis": "y", "origin": [8, 8, 8]},
			"faces": {
				"north": {"uv": [6, 14.005, 6.4, 14.995], "texture": "#0"},
				"south": {"uv": [7.6, 14.005, 8, 14.995], "texture": "#0"},
				"west": {"uv": [6.005, 14.005, 7.995, 14.995], "texture": "#0"},
				"up": {"uv": [7.995, 14, 6.005, 14.4], "rotation": 270, "texture": "#0"},
				"down": {"uv": [7.995, 14.6, 6.005, 15], "rotation": 90, "texture": "#0"}
			}
		},
		{
			"from": [-0.4, 3.005, 2.005],
			"to": [0, 3.995, 6.995],
			"rotation": {"angle": 0, "axis": "y", "origin": [8, 8, 8]},
			"faces": {
				"north": {"uv": [2, 12.005, 2.4, 12.995], "texture": "#0"},
				"south": {"uv": [6.6, 12.005, 7, 12.995], "texture": "#0"},
				"west": {"uv": [2.005, 12.005, 6.995, 12.995], "texture": "#0"},
				"up": {"uv": [6.995, 12, 2.005, 12.4], "rotation": 270, "texture": "#0"},
				"down": {"uv": [6.995, 12.6, 2.005, 13], "rotation": 90, "texture": "#0"}
			}
		},
		{
			"from": [-0.4, 2.005, 3.005],
			"to": [0, 3.005, 4.995],
			"rotation": {"angle": 0, "axis": "y", "origin": [8, 8, 8]},
			"faces": {
				"north": {"uv": [3, 12.995, 3.4, 13.995], "texture": "#0"},
				"south": {"uv": [4.6, 12.995, 5, 13.995], "texture": "#0"},
				"west": {"uv": [3.005, 12.995, 4.995, 13.995], "texture": "#0"},
				"down": {"uv": [4.995, 13.6, 3.005, 14], "rotation": 90, "texture": "#0"}
			}
		},
		{
			"from": [-0.4, 12.005, 5.005],
			"to": [0, 12.995, 10.995],
			"rotation": {"angle": 0, "axis": "y", "origin": [8, 8, 8]},
			"faces": {
				"north": {"uv": [5, 3.005, 5.4, 3.995], "texture": "#0"},
				"south": {"uv": [10.6, 3.005, 11, 3.995], "texture": "#0"},
				"west": {"uv": [5.005, 3.005, 10.995, 3.995], "texture": "#0"},
				"up": {"uv": [10.995, 3, 5.005, 3.4], "rotation": 270, "texture": "#0"},
				"down": {"uv": [10.995, 3.6, 5.005, 4], "rotation": 90, "texture": "#0"}
			}
		},
		{
			"from": [-0.4, 11.005, 7.005],
			"to": [0, 12.005, 9.995],
			"rotation": {"angle": 0, "axis": "y", "origin": [8, 8, 8]},
			"faces": {
				"north": {"uv": [7, 3.995, 7.4, 4.995], "texture": "#0"},
				"south": {"uv": [9.6, 3.995, 10, 4.995], "texture": "#0"},
				"west": {"uv": [7.005, 3.995, 9.995, 4.995], "texture": "#0"},
				"down": {"uv": [9.995, 4.6, 7.005, 5], "rotation": 90, "texture": "#0"}
			}
		},
		{
			"from": [-0.4, 12.995, 6.005],
			"to": [0, 13.995, 8.995],
			"rotation": {"angle": 0, "axis": "y", "origin": [8, 8, 8]},
			"faces": {
				"north": {"uv": [6, 2.005, 6.4, 3.005], "texture": "#0"},
				"south": {"uv": [8.6, 2.005, 9, 3.005], "texture": "#0"},
				"west": {"uv": [6.005, 2.005, 8.995, 3.005], "texture": "#0"},
				"up": {"uv": [8.995, 2, 6.005, 2.4], "rotation": 270, "texture": "#0"}
			}
		},
		{
			"from": [-0.4, 7.005, 3.005],
			"to": [0, 7.995, 7.995],
			"rotation": {"angle": 0, "axis": "y", "origin": [8, 8, 8]},
			"faces": {
				"north": {"uv": [3, 8.005, 3.4, 8.995], "texture": "#0"},
				"south": {"uv": [7.6, 8.005, 8, 8.995], "texture": "#0"},
				"west": {"uv": [3.005, 8.005, 7.995, 8.995], "texture": "#0"},
				"up": {"uv": [7.995, 8, 3.005, 8.4], "rotation": 270, "texture": "#0"},
				"down": {"uv": [7.995, 8.6, 3.005, 9], "rotation": 90, "texture": "#0"}
			}
		},
		{
			"from": [-0.4, 6.005, 4.005],
			"to": [0, 7.005, 5.995],
			"rotation": {"angle": 0, "axis": "y", "origin": [8, 8, 8]},
			"faces": {
				"north": {"uv": [4, 8.995, 4.4, 9.995], "texture": "#0"},
				"south": {"uv": [5.6, 8.995, 6, 9.995], "texture": "#0"},
				"west": {"uv": [4.005, 8.995, 5.995, 9.995], "texture": "#0"},
				"down": {"uv": [5.995, 9.6, 4.005, 10], "rotation": 90, "texture": "#0"}
			}
		},
		{
			"from": [-0.4, 7.995, 4.005],
			"to": [0, 8.995, 6.995],
			"rotation": {"angle": 0, "axis": "y", "origin": [8, 8, 8]},
			"faces": {
				"north": {"uv": [4, 7.005, 4.4, 8.005], "texture": "#0"},
				"south": {"uv": [6.6, 7.005, 7, 8.005], "texture": "#0"},
				"west": {"uv": [4.005, 7.005, 6.995, 8.005], "texture": "#0"},
				"up": {"uv": [6.995, 7, 4.005, 7.4], "rotation": 270, "texture": "#0"}
			}
		},
		{
			"from": [-0.4, 9.005, 10.005],
			"to": [0, 9.995, 12.995],
			"rotation": {"angle": 0, "axis": "y", "origin": [8, 8, 8]},
			"faces": {
				"north": {"uv": [10, 6.005, 10.4, 6.995], "texture": "#0"},
				"south": {"uv": [12.6, 6.005, 13, 6.995], "texture": "#0"},
				"west": {"uv": [10.005, 6.005, 12.995, 6.995], "texture": "#0"},
				"up": {"uv": [12.995, 6, 10.005, 6.4], "rotation": 270, "texture": "#0"},
				"down": {"uv": [12.995, 6.6, 10.005, 7], "rotation": 90, "texture": "#0"}
			}
		},
		{
			"from": [-0.4, 8.005, 11.005],
			"to": [0, 9.005, 12.995],
			"rotation": {"angle": 0, "axis": "y", "origin": [8, 8, 8]},
			"faces": {
				"north": {"uv": [11, 6.995, 11.4, 7.995], "texture": "#0"},
				"south": {"uv": [12.6, 6.995, 13, 7.995], "texture": "#0"},
				"west": {"uv": [11.005, 6.995, 12.995, 7.995], "texture": "#0"},
				"down": {"uv": [12.995, 7.6, 11.005, 8], "rotation": 90, "texture": "#0"}
			}
		},
		{
			"from": [-0.4, 3.005, 10.005],
			"to": [0, 3.995, 12.995],
			"rotation": {"angle": 0, "axis": "y", "origin": [8, 8, 8]},
			"faces": {
				"north": {"uv": [10, 12.005, 10.4, 12.995], "texture": "#0"},
				"south": {"uv": [12.6, 12.005, 13, 12.995], "texture": "#0"},
				"west": {"uv": [10.005, 12.005, 12.995, 12.995], "texture": "#0"},
				"up": {"uv": [12.995, 12, 10.005, 12.4], "rotation": 270, "texture": "#0"},
				"down": {"uv": [12.995, 12.6, 10.005, 13], "rotation": 90, "texture": "#0"}
			}
		},
		{
			"from": [-0.4, 2.005, 10.005],
			"to": [0, 3.005, 11.995],
			"rotation": {"angle": 0, "axis": "y", "origin": [8, 8, 8]},
			"faces": {
				"north": {"uv": [10, 12.995, 10.4, 13.995], "texture": "#0"},
				"south": {"uv": [11.6, 12.995, 12, 13.995], "texture": "#0"},
				"west": {"uv": [10.005, 12.995, 11.995, 13.995], "texture": "#0"},
				"down": {"uv": [11.995, 13.6, 10.005, 14], "rotation": 90, "texture": "#0"}
			}
		},
		{
			"from": [13.005, 16, 10.005],
			"to": [14.995, 16.4, 10.995],
			"rotation": {"angle": 0, "axis": "x", "origin": [8, 8, 8]},
			"faces": {
				"north": {"uv": [14.995, 10, 13.005, 10.4], "texture": "#0"},
				"east": {"uv": [14.6, 10.005, 15, 10.995], "rotation": 90, "texture": "#0"},
				"south": {"uv": [14.995, 10.6, 13.005, 11], "rotation": 180, "texture": "#0"},
				"west": {"uv": [13, 10.005, 13.4, 10.995], "rotation": 270, "texture": "#0"},
				"up": {"uv": [13.005, 10.005, 14.995, 10.995], "texture": "#0"}
			}
		},
		{
			"from": [12.005, 16, 2.005],
			"to": [13.995, 16.4, 2.995],
			"rotation": {"angle": 0, "axis": "x", "origin": [8, 8, 8]},
			"faces": {
				"north": {"uv": [13.995, 2, 12.005, 2.4], "texture": "#0"},
				"east": {"uv": [13.6, 2.005, 14, 2.995], "rotation": 90, "texture": "#0"},
				"south": {"uv": [13.995, 2.6, 12.005, 3], "rotation": 180, "texture": "#0"},
				"west": {"uv": [12, 2.005, 12.4, 2.995], "rotation": 270, "texture": "#0"},
				"up": {"uv": [12.005, 2.005, 13.995, 2.995], "texture": "#0"}
			}
		},
		{
			"from": [1.005, 16, 4.005],
			"to": [2.995, 16.4, 4.995],
			"rotation": {"angle": 0, "axis": "x", "origin": [8, 8, 8]},
			"faces": {
				"north": {"uv": [2.995, 4, 1.005, 4.4], "texture": "#0"},
				"east": {"uv": [2.6, 4.005, 3, 4.995], "rotation": 90, "texture": "#0"},
				"south": {"uv": [2.995, 4.6, 1.005, 5], "rotation": 180, "texture": "#0"},
				"west": {"uv": [1, 4.005, 1.4, 4.995], "rotation": 270, "texture": "#0"},
				"up": {"uv": [1.005, 4.005, 2.995, 4.995], "texture": "#0"}
			}
		},
		{
			"from": [6.005, 16, 14.005],
			"to": [7.995, 16.4, 14.995],
			"rotation": {"angle": 0, "axis": "x", "origin": [8, 8, 8]},
			"faces": {
				"north": {"uv": [7.995, 14, 6.005, 14.4], "texture": "#0"},
				"east": {"uv": [7.6, 14.005, 8, 14.995], "rotation": 90, "texture": "#0"},
				"south": {"uv": [7.995, 14.6, 6.005, 15], "rotation": 180, "texture": "#0"},
				"west": {"uv": [6, 14.005, 6.4, 14.995], "rotation": 270, "texture": "#0"},
				"up": {"uv": [6.005, 14.005, 7.995, 14.995], "texture": "#0"}
			}
		},
		{
			"from": [2.005, 16, 12.005],
			"to": [6.995, 16.4, 12.995],
			"rotation": {"angle": 0, "axis": "x", "origin": [8, 8, 8]},
			"faces": {
				"north": {"uv": [6.995, 12, 2.005, 12.4], "texture": "#0"},
				"east": {"uv": [6.6, 12.005, 7, 12.995], "rotation": 90, "texture": "#0"},
				"south": {"uv": [6.995, 12.6, 2.005, 13], "rotation": 180, "texture": "#0"},
				"west": {"uv": [2, 12.005, 2.4, 12.995], "rotation": 270, "texture": "#0"},
				"up": {"uv": [2.005, 12.005, 6.995, 12.995], "texture": "#0"}
			}
		},
		{
			"from": [3.005, 16, 12.995],
			"to": [4.995, 16.4, 13.995],
			"rotation": {"angle": 0, "axis": "x", "origin": [8, 8, 8]},
			"faces": {
				"east": {"uv": [4.6, 12.995, 5, 13.995], "rotation": 90, "texture": "#0"},
				"south": {"uv": [4.995, 13.6, 3.005, 14], "rotation": 180, "texture": "#0"},
				"west": {"uv": [3, 12.995, 3.4, 13.995], "rotation": 270, "texture": "#0"},
				"up": {"uv": [3.005, 12.995, 4.995, 13.995], "texture": "#0"}
			}
		},
		{
			"from": [5.005, 16, 3.005],
			"to": [10.995, 16.4, 3.995],
			"rotation": {"angle": 0, "axis": "x", "origin": [8, 8, 8]},
			"faces": {
				"north": {"uv": [10.995, 3, 5.005, 3.4], "texture": "#0"},
				"east": {"uv": [10.6, 3.005, 11, 3.995], "rotation": 90, "texture": "#0"},
				"south": {"uv": [10.995, 3.6, 5.005, 4], "rotation": 180, "texture": "#0"},
				"west": {"uv": [5, 3.005, 5.4, 3.995], "rotation": 270, "texture": "#0"},
				"up": {"uv": [5.005, 3.005, 10.995, 3.995], "texture": "#0"}
			}
		},
		{
			"from": [7.005, 16, 3.995],
			"to": [9.995, 16.4, 4.995],
			"rotation": {"angle": 0, "axis": "x", "origin": [8, 8, 8]},
			"faces": {
				"east": {"uv": [9.6, 3.995, 10, 4.995], "rotation": 90, "texture": "#0"},
				"south": {"uv": [9.995, 4.6, 7.005, 5], "rotation": 180, "texture": "#0"},
				"west": {"uv": [7, 3.995, 7.4, 4.995], "rotation": 270, "texture": "#0"},
				"up": {"uv": [7.005, 3.995, 9.995, 4.995], "texture": "#0"}
			}
		},
		{
			"from": [6.005, 16, 2.005],
			"to": [8.995, 16.4, 3.005],
			"rotation": {"angle": 0, "axis": "x", "origin": [8, 8, 8]},
			"faces": {
				"north": {"uv": [8.995, 2, 6.005, 2.4], "texture": "#0"},
				"east": {"uv": [8.6, 2.005, 9, 3.005], "rotation": 90, "texture": "#0"},
				"west": {"uv": [6, 2.005, 6.4, 3.005], "rotation": 270, "texture": "#0"},
				"up": {"uv": [6.005, 2.005, 8.995, 3.005], "texture": "#0"}
			}
		},
		{
			"from": [3.005, 16, 8.005],
			"to": [7.995, 16.4, 8.995],
			"rotation": {"angle": 0, "axis": "x", "origin": [8, 8, 8]},
			"faces": {
				"north": {"uv": [7.995, 8, 3.005, 8.4], "texture": "#0"},
				"east": {"uv": [7.6, 8.005, 8, 8.995], "rotation": 90, "texture": "#0"},
				"south": {"uv": [7.995, 8.6, 3.005, 9], "rotation": 180, "texture": "#0"},
				"west": {"uv": [3, 8.005, 3.4, 8.995], "rotation": 270, "texture": "#0"},
				"up": {"uv": [3.005, 8.005, 7.995, 8.995], "texture": "#0"}
			}
		},
		{
			"from": [4.005, 16, 8.995],
			"to": [5.995, 16.4, 9.995],
			"rotation": {"angle": 0, "axis": "x", "origin": [8, 8, 8]},
			"faces": {
				"east": {"uv": [5.6, 8.995, 6, 9.995], "rotation": 90, "texture": "#0"},
				"south": {"uv": [5.995, 9.6, 4.005, 10], "rotation": 180, "texture": "#0"},
				"west": {"uv": [4, 8.995, 4.4, 9.995], "rotation": 270, "texture": "#0"},
				"up": {"uv": [4.005, 8.995, 5.995, 9.995], "texture": "#0"}
			}
		},
		{
			"from": [4.005, 16, 7.005],
			"to": [6.995, 16.4, 8.005],
			"rotation": {"angle": 0, "axis": "x", "origin": [8, 8, 8]},
			"faces": {
				"north": {"uv": [6.995, 7, 4.005, 7.4], "texture": "#0"},
				"east": {"uv": [6.6, 7.005, 7, 8.005], "rotation": 90, "texture": "#0"},
				"west": {"uv": [4, 7.005, 4.4, 8.005], "rotation": 270, "texture": "#0"},
				"up": {"uv": [4.005, 7.005, 6.995, 8.005], "texture": "#0"}
			}
		},
		{
			"from": [10.005, 16, 6.005],
			"to": [12.995, 16.4, 6.995],
			"rotation": {"angle": 0, "axis": "x", "origin": [8, 8, 8]},
			"faces": {
				"north": {"uv": [12.995, 6, 10.005, 6.4], "texture": "#0"},
				"east": {"uv": [12.6, 6.005, 13, 6.995], "rotation": 90, "texture": "#0"},
				"south": {"uv": [12.995, 6.6, 10.005, 7], "rotation": 180, "texture": "#0"},
				"west": {"uv": [10, 6.005, 10.4, 6.995], "rotation": 270, "texture": "#0"},
				"up": {"uv": [10.005, 6.005, 12.995, 6.995], "texture": "#0"}
			}
		},
		{
			"from": [11.005, 16, 6.995],
			"to": [12.995, 16.4, 7.995],
			"rotation": {"angle": 0, "axis": "x", "origin": [8, 8, 8]},
			"faces": {
				"east": {"uv": [12.6, 6.995, 13, 7.995], "rotation": 90, "texture": "#0"},
				"south": {"uv": [12.995, 7.6, 11.005, 8], "rotation": 180, "texture": "#0"},
				"west": {"uv": [11, 6.995, 11.4, 7.995], "rotation": 270, "texture": "#0"},
				"up": {"uv": [11.005, 6.995, 12.995, 7.995], "texture": "#0"}
			}
		},
		{
			"from": [10.005, 16, 12.005],
			"to": [12.995, 16.4, 12.995],
			"rotation": {"angle": 0, "axis": "x", "origin": [8, 8, 8]},
			"faces": {
				"north": {"uv": [12.995, 12, 10.005, 12.4], "texture": "#0"},
				"east": {"uv": [12.6, 12.005, 13, 12.995], "rotation": 90, "texture": "#0"},
				"south": {"uv": [12.995, 12.6, 10.005, 13], "rotation": 180, "texture": "#0"},
				"west": {"uv": [10, 12.005, 10.4, 12.995], "rotation": 270, "texture": "#0"},
				"up": {"uv": [10.005, 12.005, 12.995, 12.995], "texture": "#0"}
			}
		},
		{
			"from": [10.005, 16, 12.995],
			"to": [11.995, 16.4, 13.995],
			"rotation": {"angle": 0, "axis": "x", "origin": [8, 8, 8]},
			"faces": {
				"east": {"uv": [11.6, 12.995, 12, 13.995], "rotation": 90, "texture": "#0"},
				"south": {"uv": [11.995, 13.6, 10.005, 14], "rotation": 180, "texture": "#0"},
				"west": {"uv": [10, 12.995, 10.4, 13.995], "rotation": 270, "texture": "#0"},
				"up": {"uv": [10.005, 12.995, 11.995, 13.995], "texture": "#0"}
			}
		},
		{
			"from": [13.005, -0.4, 5.005],
			"to": [14.995, 0, 5.995],
			"rotation": {"angle": 0, "axis": "x", "origin": [8, 8, 8]},
			"faces": {
				"north": {"uv": [14.995, 10.6, 13.005, 11], "texture": "#0"},
				"east": {"uv": [14.6, 10.005, 15, 10.995], "rotation": 270, "texture": "#0"},
				"south": {"uv": [14.995, 10, 13.005, 10.4], "rotation": 180, "texture": "#0"},
				"west": {"uv": [13, 10.005, 13.4, 10.995], "rotation": 90, "texture": "#0"},
				"down": {"uv": [13.005, 10.005, 14.995, 10.995], "texture": "#0"}
			}
		},
		{
			"from": [12.005, -0.4, 13.005],
			"to": [13.995, 0, 13.995],
			"rotation": {"angle": 0, "axis": "x", "origin": [8, 8, 8]},
			"faces": {
				"north": {"uv": [13.995, 2.6, 12.005, 3], "texture": "#0"},
				"east": {"uv": [13.6, 2.005, 14, 2.995], "rotation": 270, "texture": "#0"},
				"south": {"uv": [13.995, 2, 12.005, 2.4], "rotation": 180, "texture": "#0"},
				"west": {"uv": [12, 2.005, 12.4, 2.995], "rotation": 90, "texture": "#0"},
				"down": {"uv": [12.005, 2.005, 13.995, 2.995], "texture": "#0"}
			}
		},
		{
			"from": [1.005, -0.4, 11.005],
			"to": [2.995, 0, 11.995],
			"rotation": {"angle": 0, "axis": "x", "origin": [8, 8, 8]},
			"faces": {
				"north": {"uv": [2.995, 4.6, 1.005, 5], "texture": "#0"},
				"east": {"uv": [2.6, 4.005, 3, 4.995], "rotation": 270, "texture": "#0"},
				"south": {"uv": [2.995, 4, 1.005, 4.4], "rotation": 180, "texture": "#0"},
				"west": {"uv": [1, 4.005, 1.4, 4.995], "rotation": 90, "texture": "#0"},
				"down": {"uv": [1.005, 4.005, 2.995, 4.995], "texture": "#0"}
			}
		},
		{
			"from": [6.005, -0.4, 1.005],
			"to": [7.995, 0, 1.995],
			"rotation": {"angle": 0, "axis": "x", "origin": [8, 8, 8]},
			"faces": {
				"north": {"uv": [7.995, 14.6, 6.005, 15], "texture": "#0"},
				"east": {"uv": [7.6, 14.005, 8, 14.995], "rotation": 270, "texture": "#0"},
				"south": {"uv": [7.995, 14, 6.005, 14.4], "rotation": 180, "texture": "#0"},
				"west": {"uv": [6, 14.005, 6.4, 14.995], "rotation": 90, "texture": "#0"},
				"down": {"uv": [6.005, 14.005, 7.995, 14.995], "texture": "#0"}
			}
		},
		{
			"from": [2.005, -0.4, 3.005],
			"to": [6.995, 0, 3.995],
			"rotation": {"angle": 0, "axis": "x", "origin": [8, 8, 8]},
			"faces": {
				"north": {"uv": [6.995, 12.6, 2.005, 13], "texture": "#0"},
				"east": {"uv": [6.6, 12.005, 7, 12.995], "rotation": 270, "texture": "#0"},
				"south": {"uv": [6.995, 12, 2.005, 12.4], "rotation": 180, "texture": "#0"},
				"west": {"uv": [2, 12.005, 2.4, 12.995], "rotation": 90, "texture": "#0"},
				"down": {"uv": [2.005, 12.005, 6.995, 12.995], "texture": "#0"}
			}
		},
		{
			"from": [3.005, -0.4, 2.005],
			"to": [4.995, 0, 3.005],
			"rotation": {"angle": 0, "axis": "x", "origin": [8, 8, 8]},
			"faces": {
				"north": {"uv": [4.995, 13.6, 3.005, 14], "texture": "#0"},
				"east": {"uv": [4.6, 12.995, 5, 13.995], "rotation": 270, "texture": "#0"},
				"west": {"uv": [3, 12.995, 3.4, 13.995], "rotation": 90, "texture": "#0"},
				"down": {"uv": [3.005, 12.995, 4.995, 13.995], "texture": "#0"}
			}
		},
		{
			"from": [5.005, -0.4, 12.005],
			"to": [10.995, 0, 12.995],
			"rotation": {"angle": 0, "axis": "x", "origin": [8, 8, 8]},
			"faces": {
				"north": {"uv": [10.995, 3.6, 5.005, 4], "texture": "#0"},
				"east": {"uv": [10.6, 3.005, 11, 3.995], "rotation": 270, "texture": "#0"},
				"south": {"uv": [10.995, 3, 5.005, 3.4], "rotation": 180, "texture": "#0"},
				"west": {"uv": [5, 3.005, 5.4, 3.995], "rotation": 90, "texture": "#0"},
				"down": {"uv": [5.005, 3.005, 10.995, 3.995], "texture": "#0"}
			}
		},
		{
			"from": [7.005, -0.4, 11.005],
			"to": [9.995, 0, 12.005],
			"rotation": {"angle": 0, "axis": "x", "origin": [8, 8, 8]},
			"faces": {
				"north": {"uv": [9.995, 4.6, 7.005, 5], "texture": "#0"},
				"east": {"uv": [9.6, 3.995, 10, 4.995], "rotation": 270, "texture": "#0"},
				"west": {"uv": [7, 3.995, 7.4, 4.995], "rotation": 90, "texture": "#0"},
				"down": {"uv": [7.005, 3.995, 9.995, 4.995], "texture": "#0"}
			}
		},
		{
			"from": [6.005, -0.4, 12.995],
			"to": [8.995, 0, 13.995],
			"rotation": {"angle": 0, "axis": "x", "origin": [8, 8, 8]},
			"faces": {
				"east": {"uv": [8.6, 2.005, 9, 3.005], "rotation": 270, "texture": "#0"},
				"south": {"uv": [8.995, 2, 6.005, 2.4], "rotation": 180, "texture": "#0"},
				"west": {"uv": [6, 2.005, 6.4, 3.005], "rotation": 90, "texture": "#0"},
				"down": {"uv": [6.005, 2.005, 8.995, 3.005], "texture": "#0"}
			}
		},
		{
			"from": [3.005, -0.4, 7.005],
			"to": [7.995, 0, 7.995],
			"rotation": {"angle": 0, "axis": "x", "origin": [8, 8, 8]},
			"faces": {
				"north": {"uv": [7.995, 8.6, 3.005, 9], "texture": "#0"},
				"east": {"uv": [7.6, 8.005, 8, 8.995], "rotation": 270, "texture": "#0"},
				"south": {"uv": [7.995, 8, 3.005, 8.4], "rotation": 180, "texture": "#0"},
				"west": {"uv": [3, 8.005, 3.4, 8.995], "rotation": 90, "texture": "#0"},
				"down": {"uv": [3.005, 8.005, 7.995, 8.995], "texture": "#0"}
			}
		},
		{
			"from": [4.005, -0.4, 6.005],
			"to": [5.995, 0, 7.005],
			"rotation": {"angle": 0, "axis": "x", "origin": [8, 8, 8]},
			"faces": {
				"north": {"uv": [5.995, 9.6, 4.005, 10], "texture": "#0"},
				"east": {"uv": [5.6, 8.995, 6, 9.995], "rotation": 270, "texture": "#0"},
				"west": {"uv": [4, 8.995, 4.4, 9.995], "rotation": 90, "texture": "#0"},
				"down": {"uv": [4.005, 8.995, 5.995, 9.995], "texture": "#0"}
			}
		},
		{
			"from": [4.005, -0.4, 7.995],
			"to": [6.995, 0, 8.995],
			"rotation": {"angle": 0, "axis": "x", "origin": [8, 8, 8]},
			"faces": {
				"east": {"uv": [6.6, 7.005, 7, 8.005], "rotation": 270, "texture": "#0"},
				"south": {"uv": [6.995, 7, 4.005, 7.4], "rotation": 180, "texture": "#0"},
				"west": {"uv": [4, 7.005, 4.4, 8.005], "rotation": 90, "texture": "#0"},
				"down": {"uv": [4.005, 7.005, 6.995, 8.005], "texture": "#0"}
			}
		},
		{
			"from": [10.005, -0.4, 9.005],
			"to": [12.995, 0, 9.995],
			"rotation": {"angle": 0, "axis": "x", "origin": [8, 8, 8]},
			"faces": {
				"north": {"uv": [12.995, 6.6, 10.005, 7], "texture": "#0"},
				"east": {"uv": [12.6, 6.005, 13, 6.995], "rotation": 270, "texture": "#0"},
				"south": {"uv": [12.995, 6, 10.005, 6.4], "rotation": 180, "texture": "#0"},
				"west": {"uv": [10, 6.005, 10.4, 6.995], "rotation": 90, "texture": "#0"},
				"down": {"uv": [10.005, 6.005, 12.995, 6.995], "texture": "#0"}
			}
		},
		{
			"from": [11.005, -0.4, 8.005],
			"to": [12.995, 0, 9.005],
			"rotation": {"angle": 0, "axis": "x", "origin": [8, 8, 8]},
			"faces": {
				"north": {"uv": [12.995, 7.6, 11.005, 8], "texture": "#0"},
				"east": {"uv": [12.6, 6.995, 13, 7.995], "rotation": 270, "texture": "#0"},
				"west": {"uv": [11, 6.995, 11.4, 7.995], "rotation": 90, "texture": "#0"},
				"down": {"uv": [11.005, 6.995, 12.995, 7.995], "texture": "#0"}
			}
		},
		{
			"from": [10.005, -0.4, 3.005],
			"to": [12.995, 0, 3.995],
			"rotation": {"angle": 0, "axis": "x", "origin": [8, 8, 8]},
			"faces": {
				"north": {"uv": [12.995, 12.6, 10.005, 13], "texture": "#0"},
				"east": {"uv": [12.6, 12.005, 13, 12.995], "rotation": 270, "texture": "#0"},
				"south": {"uv": [12.995, 12, 10.005, 12.4], "rotation": 180, "texture": "#0"},
				"west": {"uv": [10, 12.005, 10.4, 12.995], "rotation": 90, "texture": "#0"},
				"down": {"uv": [10.005, 12.005, 12.995, 12.995], "texture": "#0"}
			}
		},
		{
			"from": [10.005, -0.4, 2.005],
			"to": [11.995, 0, 3.005],
			"rotation": {"angle": 0, "axis": "x", "origin": [8, 8, 8]},
			"faces": {
				"north": {"uv": [11.995, 13.6, 10.005, 14], "texture": "#0"},
				"east": {"uv": [11.6, 12.995, 12, 13.995], "rotation": 270, "texture": "#0"},
				"west": {"uv": [10, 12.995, 10.4, 13.995], "rotation": 90, "texture": "#0"},
				"down": {"uv": [10.005, 12.995, 11.995, 13.995], "texture": "#0"}
			}
		}
	],
	"display": {
		"thirdperson_righthand": {
			"rotation": [75, 45, 0],
			"translation": [0, 2.5, 0],
			"scale": [0.375, 0.375, 0.375]
		},
		"thirdperson_lefthand": {
			"rotation": [75, 45, 0],
			"translation": [0, 2.5, 0],
			"scale": [0.375, 0.375, 0.375]
		},
		"firstperson_righthand": {
			"rotation": [0, 45, 0],
			"scale": [0.4, 0.4, 0.4]
		},
		"firstperson_lefthand": {
			"rotation": [0, 225, 0],
			"scale": [0.4, 0.4, 0.4]
		},
		"ground": {
			"translation": [0, 3, 0],
			"scale": [0.25, 0.25, 0.25]
		},
		"gui": {
			"rotation": [30, 225, 0],
			"scale": [0.625, 0.625, 0.625]
		},
		"fixed": {
			"scale": [0.5, 0.5, 0.5]
		}
	},
	"groups": [
		0,
		{
			"name": "N",
			"origin": [8, 8, 8],
			"color": 0,
			"children": [
				1,
				2,
				3,
				4,
				{
					"name": "group",
					"origin": [8, 8, 8],
					"color": 0,
					"children": [5, 6]
				},
				{
					"name": "group",
					"origin": [8, 8, 8],
					"color": 0,
					"children": [7, 8, 9]
				},
				{
					"name": "group",
					"origin": [8, 8, 8],
					"color": 0,
					"children": [10, 11, 12]
				},
				{
					"name": "group",
					"origin": [8, 8, 8],
					"color": 0,
					"children": [13, 14]
				},
				{
					"name": "group",
					"origin": [8, 8, 8],
					"color": 0,
					"children": [15, 16]
				}
			]
		},
		{
			"name": "E",
			"origin": [8, 8, 8],
			"color": 0,
			"children": [
				17,
				18,
				19,
				20,
				{
					"name": "group",
					"origin": [8, 8, 8],
					"color": 0,
					"children": [21, 22]
				},
				{
					"name": "group",
					"origin": [8, 8, 8],
					"color": 0,
					"children": [23, 24, 25]
				},
				{
					"name": "group",
					"origin": [8, 8, 8],
					"color": 0,
					"children": [26, 27, 28]
				},
				{
					"name": "group",
					"origin": [8, 8, 8],
					"color": 0,
					"children": [29, 30]
				},
				{
					"name": "group",
					"origin": [8, 8, 8],
					"color": 0,
					"children": [31, 32]
				}
			]
		},
		{
			"name": "S",
			"origin": [8, 8, 8],
			"color": 0,
			"children": [
				33,
				34,
				35,
				36,
				{
					"name": "group",
					"origin": [8, 8, 8],
					"color": 0,
					"children": [37, 38]
				},
				{
					"name": "group",
					"origin": [8, 8, 8],
					"color": 0,
					"children": [39, 40, 41]
				},
				{
					"name": "group",
					"origin": [8, 8, 8],
					"color": 0,
					"children": [42, 43, 44]
				},
				{
					"name": "group",
					"origin": [8, 8, 8],
					"color": 0,
					"children": [45, 46]
				},
				{
					"name": "group",
					"origin": [8, 8, 8],
					"color": 0,
					"children": [47, 48]
				}
			]
		},
		{
			"name": "W",
			"origin": [8, 8, 8],
			"color": 0,
			"children": [
				49,
				50,
				51,
				52,
				{
					"name": "group",
					"origin": [8, 8, 8],
					"color": 0,
					"children": [53, 54]
				},
				{
					"name": "group",
					"origin": [8, 8, 8],
					"color": 0,
					"children": [55, 56, 57]
				},
				{
					"name": "group",
					"origin": [8, 8, 8],
					"color": 0,
					"children": [58, 59, 60]
				},
				{
					"name": "group",
					"origin": [8, 8, 8],
					"color": 0,
					"children": [61, 62]
				},
				{
					"name": "group",
					"origin": [8, 8, 8],
					"color": 0,
					"children": [63, 64]
				}
			]
		},
		{
			"name": "U",
			"origin": [8, 8, 8],
			"color": 0,
			"children": [
				65,
				66,
				67,
				68,
				{
					"name": "group",
					"origin": [8, 8, 8],
					"color": 0,
					"children": [69, 70]
				},
				{
					"name": "group",
					"origin": [8, 8, 8],
					"color": 0,
					"children": [71, 72, 73]
				},
				{
					"name": "group",
					"origin": [8, 8, 8],
					"color": 0,
					"children": [74, 75, 76]
				},
				{
					"name": "group",
					"origin": [8, 8, 8],
					"color": 0,
					"children": [77, 78]
				},
				{
					"name": "group",
					"origin": [8, 8, 8],
					"color": 0,
					"children": [79, 80]
				}
			]
		},
		{
			"name": "B",
			"origin": [8, 8, 8],
			"color": 0,
			"children": [
				81,
				82,
				83,
				84,
				{
					"name": "group",
					"origin": [8, 8, 8],
					"color": 0,
					"children": [85, 86]
				},
				{
					"name": "group",
					"origin": [8, 8, 8],
					"color": 0,
					"children": [87, 88, 89]
				},
				{
					"name": "group",
					"origin": [8, 8, 8],
					"color": 0,
					"children": [90, 91, 92]
				},
				{
					"name": "group",
					"origin": [8, 8, 8],
					"color": 0,
					"children": [93, 94]
				},
				{
					"name": "group",
					"origin": [8, 8, 8],
					"color": 0,
					"children": [95, 96]
				}
			]
		}
	]
}