{
	"credit": "Made by SkylaDev :3 https://skyla.dev/",
	"textures": {
		"0": "block/crafting_table_top",
		"1": "block/crafting_table_front",
		"2": "block/crafting_table_side",
		"3": "block/oak_planks",
		"4": "block/oak_log",
		"5": "block/anvil",
		"particle": "block/crafting_table_front"
	},
	"elements": [
		{
			"name": "base",
			"from": [1, 0, 1],
			"to": [15, 15, 15],
			"faces": {
				"north": {"uv": [1, 1, 15, 16], "texture": "#3"},
				"east": {"uv": [1, 1, 15, 16], "texture": "#3"},
				"south": {"uv": [1, 1, 15, 16], "texture": "#3"},
				"west": {"uv": [1, 1, 15, 16], "texture": "#3"},
				"up": {"uv": [1, 1, 15, 15], "texture": "#0"},
				"down": {"uv": [1, 1, 15, 15], "texture": "#3"}
			}
		},
		{
			"name": "NE",
			"from": [15, 0, 0],
			"to": [16, 16, 1],
			"faces": {
				"north": {"uv": [0, 0, 1, 16], "texture": "#4"},
				"east": {"uv": [15, 0, 16, 16], "texture": "#4"},
				"south": {"uv": [15, 0, 16, 16], "texture": "#4"},
				"west": {"uv": [0, 0, 1, 16], "texture": "#4"},
				"up": {"uv": [15, 0, 16, 1], "texture": "#4"},
				"down": {"uv": [15, 15, 16, 16], "texture": "#4"}
			}
		},
		{
			"name": "NW",
			"from": [0, 0, 0],
			"to": [1, 16, 1],
			"faces": {
				"north": {"uv": [15, 0, 16, 16], "texture": "#4"},
				"east": {"uv": [15, 0, 16, 16], "texture": "#4"},
				"south": {"uv": [0, 0, 1, 16], "texture": "#4"},
				"west": {"uv": [0, 0, 1, 16], "texture": "#4"},
				"up": {"uv": [0, 0, 1, 1], "texture": "#4"},
				"down": {"uv": [0, 15, 1, 16], "texture": "#4"}
			}
		},
		{
			"name": "SE",
			"from": [15, 0, 15],
			"to": [16, 16, 16],
			"faces": {
				"north": {"uv": [0, 0, 1, 16], "texture": "#4"},
				"east": {"uv": [0, 0, 1, 16], "texture": "#4"},
				"south": {"uv": [15, 0, 16, 16], "texture": "#4"},
				"west": {"uv": [15, 0, 16, 16], "texture": "#4"},
				"up": {"uv": [15, 15, 16, 16], "texture": "#4"},
				"down": {"uv": [15, 0, 16, 1], "texture": "#4"}
			}
		},
		{
			"name": "SW",
			"from": [0, 0, 15],
			"to": [1, 16, 16],
			"faces": {
				"north": {"uv": [15, 0, 16, 16], "texture": "#4"},
				"east": {"uv": [0, 0, 1, 16], "texture": "#4"},
				"south": {"uv": [0, 0, 1, 16], "texture": "#4"},
				"west": {"uv": [15, 0, 16, 16], "texture": "#4"},
				"up": {"uv": [0, 15, 1, 16], "texture": "#4"},
				"down": {"uv": [0, 0, 1, 1], "texture": "#4"}
			}
		},
		{
			"name": "N",
			"from": [1, 15, 0],
			"to": [15, 16, 1],
			"rotation": {"angle": 0, "axis": "y", "origin": [8, 0, 8]},
			"faces": {
				"north": {"uv": [1, 0, 15, 1], "texture": "#4"},
				"south": {"uv": [1, 0, 15, 1], "texture": "#4"},
				"up": {"uv": [1, 0, 15, 1], "texture": "#4"},
				"down": {"uv": [1, 15, 15, 16], "texture": "#4"}
			}
		},
		{
			"name": "E",
			"from": [15, 15, 1],
			"to": [16, 16, 15],
			"rotation": {"angle": 0, "axis": "y", "origin": [8, 0, 8]},
			"faces": {
				"east": {"uv": [1, 0, 15, 1], "texture": "#4"},
				"west": {"uv": [1, 0, 15, 1], "texture": "#4"},
				"up": {"uv": [1, 0, 15, 1], "rotation": 90, "texture": "#4"},
				"down": {"uv": [1, 15, 15, 16], "rotation": 270, "texture": "#4"}
			}
		},
		{
			"name": "S",
			"from": [1, 15, 15],
			"to": [15, 16, 16],
			"rotation": {"angle": 0, "axis": "y", "origin": [8, 0, 8]},
			"faces": {
				"north": {"uv": [1, 0, 15, 1], "texture": "#4"},
				"south": {"uv": [1, 0, 15, 1], "texture": "#4"},
				"up": {"uv": [1, 0, 15, 1], "rotation": 180, "texture": "#4"},
				"down": {"uv": [1, 15, 15, 16], "rotation": 180, "texture": "#4"}
			}
		},
		{
			"name": "W",
			"from": [0, 15, 1],
			"to": [1, 16, 15],
			"rotation": {"angle": 0, "axis": "y", "origin": [8, 0, 8]},
			"faces": {
				"east": {"uv": [1, 0, 15, 1], "texture": "#4"},
				"west": {"uv": [1, 0, 15, 1], "texture": "#4"},
				"up": {"uv": [1, 0, 15, 1], "rotation": 270, "texture": "#4"},
				"down": {"uv": [1, 15, 15, 16], "rotation": 90, "texture": "#4"}
			}
		},
		{
			"name": "NE",
			"from": [5.5, 15, -0.5],
			"to": [10.5, 15.75, 0.5],
			"rotation": {"angle": -45, "axis": "y", "origin": [8, 0, 8]},
			"faces": {
				"north": {"uv": [5, 0, 10, 0.75], "texture": "#4"},
				"south": {"uv": [10, 0, 5, 0.75], "texture": "#4"},
				"up": {"uv": [10, 0, 5, 1], "texture": "#4"}
			}
		},
		{
			"name": "NW",
			"from": [5.5, 15, -0.5],
			"to": [10.5, 15.75, 0.5],
			"rotation": {"angle": 45, "axis": "y", "origin": [8, 0, 8]},
			"faces": {
				"north": {"uv": [5, 0, 10, 0.75], "texture": "#4"},
				"south": {"uv": [10, 0, 5, 0.75], "texture": "#4"},
				"up": {"uv": [10, 0, 5, 1], "texture": "#4"}
			}
		},
		{
			"name": "SE",
			"from": [15.5, 15, 5.5],
			"to": [16.5, 15.75, 10.5],
			"rotation": {"angle": -45, "axis": "y", "origin": [8, 0, 8]},
			"faces": {
				"east": {"uv": [5, 0, 10, 0.75], "texture": "#4"},
				"west": {"uv": [10, 0, 5, 0.75], "texture": "#4"},
				"up": {"uv": [10, 0, 5, 1], "rotation": 90, "texture": "#4"}
			}
		},
		{
			"name": "SW",
			"from": [5.5, 15, 15.5],
			"to": [10.5, 15.75, 16.5],
			"rotation": {"angle": -45, "axis": "y", "origin": [8, 0, 8]},
			"faces": {
				"north": {"uv": [10, 0, 5, 0.75], "texture": "#4"},
				"south": {"uv": [5, 0, 10, 0.75], "texture": "#4"},
				"up": {"uv": [10, 0, 5, 1], "rotation": 180, "texture": "#4"}
			}
		},
		{
			"name": "N",
			"from": [1, 0, 0],
			"to": [15, 0.25, 1],
			"rotation": {"angle": 0, "axis": "y", "origin": [8, 0, 8]},
			"faces": {
				"north": {"uv": [1, 15.75, 15, 16], "texture": "#4"},
				"up": {"uv": [1, 0, 15, 1], "texture": "#4"},
				"down": {"uv": [1, 15, 15, 16], "texture": "#4"}
			}
		},
		{
			"name": "E",
			"from": [15, 0, 1],
			"to": [16, 0.25, 15],
			"rotation": {"angle": 0, "axis": "y", "origin": [8, 0, 8]},
			"faces": {
				"east": {"uv": [1, 15.75, 15, 16], "texture": "#4"},
				"up": {"uv": [1, 0, 15, 1], "rotation": 90, "texture": "#4"},
				"down": {"uv": [1, 15, 15, 16], "rotation": 270, "texture": "#4"}
			}
		},
		{
			"name": "S",
			"from": [1, 0, 15],
			"to": [15, 0.25, 16],
			"rotation": {"angle": 0, "axis": "y", "origin": [8, 0, 8]},
			"faces": {
				"south": {"uv": [1, 15.75, 15, 16], "texture": "#4"},
				"up": {"uv": [1, 0, 15, 1], "rotation": 180, "texture": "#4"},
				"down": {"uv": [1, 15, 15, 16], "rotation": 180, "texture": "#4"}
			}
		},
		{
			"name": "W",
			"from": [0, 0, 1],
			"to": [1, 0.25, 15],
			"rotation": {"angle": 0, "axis": "y", "origin": [8, 0, 8]},
			"faces": {
				"west": {"uv": [1, 15.75, 15, 16], "texture": "#4"},
				"up": {"uv": [1, 0, 15, 1], "rotation": 270, "texture": "#4"},
				"down": {"uv": [1, 15, 15, 16], "rotation": 90, "texture": "#4"}
			}
		},
		{
			"name": "strut",
			"from": [7, 0.25, 0.5],
			"to": [9, 12, 1],
			"rotation": {"angle": 0, "axis": "y", "origin": [8, 0, 8]},
			"faces": {
				"north": {"uv": [7, 4, 9, 15.75], "texture": "#4"},
				"east": {"uv": [7, 4, 7.5, 15.75], "texture": "#4"},
				"west": {"uv": [8.5, 4, 9, 15.75], "texture": "#4"}
			}
		},
		{
			"name": "sideL",
			"from": [7.75, 12, 0.5],
			"to": [8.75, 17, 1],
			"rotation": {"angle": -45, "axis": "z", "origin": [8, 12, 8]},
			"faces": {
				"north": {"uv": [6, 0, 7, 5], "texture": "#4"},
				"east": {"uv": [6, 0, 6.5, 5], "texture": "#4"},
				"west": {"uv": [6.4, 0, 6.9, 5], "texture": "#4"}
			}
		},
		{
			"name": "sideR",
			"from": [7.25, 12, 0.5],
			"to": [8.25, 17, 1],
			"rotation": {"angle": 45, "axis": "z", "origin": [8, 12, 8]},
			"faces": {
				"north": {"uv": [9, 0, 10, 5], "texture": "#4"},
				"east": {"uv": [9, 0, 9.5, 5], "texture": "#4"},
				"west": {"uv": [9.4, 0, 9.9, 5], "texture": "#4"}
			}
		},
		{
			"name": "center",
			"from": [7, 11, 0.25],
			"to": [9, 13, 1],
			"rotation": {"angle": 0, "axis": "y", "origin": [8, 0, 8]},
			"faces": {
				"north": {"uv": [7, 3, 9, 5], "texture": "#4"},
				"east": {"uv": [7, 3, 7.75, 5], "texture": "#4"},
				"west": {"uv": [8.25, 3, 9, 5], "texture": "#4"},
				"up": {"uv": [9, 3, 7, 3.75], "texture": "#4"},
				"down": {"uv": [9, 4.25, 7, 5], "texture": "#4"}
			}
		},
		{
			"name": "strut",
			"from": [15, 0.25, 7],
			"to": [15.5, 12, 9],
			"rotation": {"angle": 0, "axis": "y", "origin": [8, 0, 8]},
			"faces": {
				"north": {"uv": [8.5, 4, 9, 15.75], "texture": "#4"},
				"east": {"uv": [7, 4, 9, 15.75], "texture": "#4"},
				"south": {"uv": [7, 4, 7.5, 15.75], "texture": "#4"}
			}
		},
		{
			"name": "sideL",
			"from": [15, 12, 7.75],
			"to": [15.5, 17, 8.75],
			"rotation": {"angle": 45, "axis": "x", "origin": [8, 12, 8]},
			"faces": {
				"north": {"uv": [6.4, 0, 6.9, 5], "texture": "#4"},
				"east": {"uv": [6, 0, 7, 5], "texture": "#4"},
				"south": {"uv": [6, 0, 6.5, 5], "texture": "#4"}
			}
		},
		{
			"name": "sideR",
			"from": [15, 12, 7.25],
			"to": [15.5, 17, 8.25],
			"rotation": {"angle": -45, "axis": "x", "origin": [8, 12, 8]},
			"faces": {
				"north": {"uv": [9.4, 0, 9.9, 5], "texture": "#4"},
				"east": {"uv": [9, 0, 10, 5], "texture": "#4"},
				"south": {"uv": [9, 0, 9.5, 5], "texture": "#4"}
			}
		},
		{
			"name": "center",
			"from": [15, 11, 7],
			"to": [15.75, 13, 9],
			"rotation": {"angle": 0, "axis": "y", "origin": [8, 0, 8]},
			"faces": {
				"north": {"uv": [8.25, 3, 9, 5], "texture": "#4"},
				"east": {"uv": [7, 3, 9, 5], "texture": "#4"},
				"south": {"uv": [7, 3, 7.75, 5], "texture": "#4"},
				"up": {"uv": [9, 3, 7, 3.75], "rotation": 90, "texture": "#4"},
				"down": {"uv": [9, 4.25, 7, 5], "rotation": 270, "texture": "#4"}
			}
		},
		{
			"name": "strut",
			"from": [7, 0.25, 15],
			"to": [9, 12, 15.5],
			"rotation": {"angle": 0, "axis": "y", "origin": [8, 0, 8]},
			"faces": {
				"east": {"uv": [8.5, 4, 9, 15.75], "texture": "#4"},
				"south": {"uv": [7, 4, 9, 15.75], "texture": "#4"},
				"west": {"uv": [7, 4, 7.5, 15.75], "texture": "#4"}
			}
		},
		{
			"name": "sideL",
			"from": [3, 11.25, 15],
			"to": [8, 12.25, 15.5],
			"rotation": {"angle": -45, "axis": "z", "origin": [8, 12, 8]},
			"faces": {
				"south": {"uv": [6, 0, 7, 5], "rotation": 270, "texture": "#4"},
				"up": {"uv": [6.4, 0, 6.9, 5], "rotation": 270, "texture": "#4"},
				"down": {"uv": [6, 0, 6.5, 5], "rotation": 270, "texture": "#4"}
			}
		},
		{
			"name": "sideR",
			"from": [7.75, 12, 15],
			"to": [8.75, 17, 15.5],
			"rotation": {"angle": -45, "axis": "z", "origin": [8, 12, 8]},
			"faces": {
				"east": {"uv": [9.4, 0, 9.9, 5], "texture": "#4"},
				"south": {"uv": [9, 0, 10, 5], "texture": "#4"},
				"west": {"uv": [9, 0, 9.5, 5], "texture": "#4"}
			}
		},
		{
			"name": "center",
			"from": [7, 11, 15],
			"to": [9, 13, 15.75],
			"rotation": {"angle": 0, "axis": "y", "origin": [8, 0, 8]},
			"faces": {
				"east": {"uv": [8.25, 3, 9, 5], "texture": "#4"},
				"south": {"uv": [7, 3, 9, 5], "texture": "#4"},
				"west": {"uv": [7, 3, 7.75, 5], "texture": "#4"},
				"up": {"uv": [9, 3, 7, 3.75], "rotation": 180, "texture": "#4"},
				"down": {"uv": [9, 4.25, 7, 5], "rotation": 180, "texture": "#4"}
			}
		},
		{
			"name": "strut",
			"from": [0.5, 0.25, 7],
			"to": [1, 12, 9],
			"rotation": {"angle": 0, "axis": "y", "origin": [8, 0, 8]},
			"faces": {
				"north": {"uv": [7, 4, 7.5, 15.75], "texture": "#4"},
				"south": {"uv": [8.5, 4, 9, 15.75], "texture": "#4"},
				"west": {"uv": [7, 4, 9, 15.75], "texture": "#4"}
			}
		},
		{
			"name": "sideL",
			"from": [0.5, 12, 7.25],
			"to": [1, 17, 8.25],
			"rotation": {"angle": -45, "axis": "x", "origin": [8, 12, 8]},
			"faces": {
				"north": {"uv": [6, 0, 6.5, 5], "texture": "#4"},
				"south": {"uv": [6.4, 0, 6.9, 5], "texture": "#4"},
				"west": {"uv": [6, 0, 7, 5], "texture": "#4"}
			}
		},
		{
			"name": "sideR",
			"from": [0.5, 12, 7.75],
			"to": [1, 17, 8.75],
			"rotation": {"angle": 45, "axis": "x", "origin": [8, 12, 8]},
			"faces": {
				"north": {"uv": [9, 0, 9.5, 5], "texture": "#4"},
				"south": {"uv": [9.4, 0, 9.9, 5], "texture": "#4"},
				"west": {"uv": [9, 0, 10, 5], "texture": "#4"}
			}
		},
		{
			"name": "center",
			"from": [0.25, 11, 7],
			"to": [1, 13, 9],
			"rotation": {"angle": 0, "axis": "y", "origin": [8, 0, 8]},
			"faces": {
				"north": {"uv": [7, 3, 7.75, 5], "texture": "#4"},
				"south": {"uv": [8.25, 3, 9, 5], "texture": "#4"},
				"west": {"uv": [7, 3, 9, 5], "texture": "#4"},
				"up": {"uv": [9, 3, 7, 3.75], "rotation": 270, "texture": "#4"},
				"down": {"uv": [9, 4.25, 7, 5], "rotation": 90, "texture": "#4"}
			}
		},
		{
			"name": "X1",
			"from": [3, 15, 3],
			"to": [13, 15.25, 4],
			"faces": {
				"north": {"uv": [3, 3, 13, 3.25], "rotation": 180, "texture": "#0"},
				"east": {"uv": [12.75, 3, 13, 4], "rotation": 90, "texture": "#0"},
				"south": {"uv": [3, 3.75, 13, 4], "texture": "#0"},
				"west": {"uv": [3, 3, 3.25, 4], "rotation": 90, "texture": "#0"},
				"up": {"uv": [3, 3, 13, 4], "texture": "#0"}
			}
		},
		{
			"name": "X2",
			"from": [3, 15, 6],
			"to": [13, 15.25, 7],
			"faces": {
				"north": {"uv": [3, 6, 13, 6.25], "rotation": 180, "texture": "#0"},
				"east": {"uv": [12.75, 6, 13, 7], "rotation": 90, "texture": "#0"},
				"south": {"uv": [3, 6.75, 13, 7], "texture": "#0"},
				"west": {"uv": [3, 6, 3.25, 7], "rotation": 90, "texture": "#0"},
				"up": {"uv": [3, 6, 13, 7], "texture": "#0"}
			}
		},
		{
			"name": "X3",
			"from": [3, 15, 9],
			"to": [13, 15.25, 10],
			"faces": {
				"north": {"uv": [3, 9, 13, 9.25], "rotation": 180, "texture": "#0"},
				"east": {"uv": [12.75, 9, 13, 10], "rotation": 90, "texture": "#0"},
				"south": {"uv": [3, 9.75, 13, 10], "texture": "#0"},
				"west": {"uv": [3, 9, 3.25, 10], "rotation": 90, "texture": "#0"},
				"up": {"uv": [3, 9, 13, 10], "texture": "#0"}
			}
		},
		{
			"name": "X4",
			"from": [3, 15, 12],
			"to": [13, 15.25, 13],
			"faces": {
				"north": {"uv": [3, 12, 13, 12.25], "rotation": 180, "texture": "#0"},
				"east": {"uv": [12.75, 12, 13, 13], "rotation": 90, "texture": "#0"},
				"south": {"uv": [3, 12.75, 13, 13], "texture": "#0"},
				"west": {"uv": [3, 12, 3.25, 13], "rotation": 90, "texture": "#0"},
				"up": {"uv": [3, 12, 13, 13], "texture": "#0"}
			}
		},
		{
			"name": "Y1",
			"from": [3, 15, 4],
			"to": [4, 15.25, 12],
			"faces": {
				"east": {"uv": [3.75, 4, 4, 12], "rotation": 90, "texture": "#0"},
				"west": {"uv": [3, 4, 3.25, 12], "rotation": 270, "texture": "#0"},
				"up": {"uv": [3, 4, 4, 12], "texture": "#0"}
			}
		},
		{
			"name": "Y2",
			"from": [6, 15, 4],
			"to": [7, 15.25, 12],
			"faces": {
				"east": {"uv": [6.75, 4, 7, 12], "rotation": 90, "texture": "#0"},
				"west": {"uv": [6, 4, 6.25, 12], "rotation": 270, "texture": "#0"},
				"up": {"uv": [6, 4, 7, 12], "texture": "#0"}
			}
		},
		{
			"name": "Y3",
			"from": [9, 15, 4],
			"to": [10, 15.25, 12],
			"faces": {
				"east": {"uv": [9.75, 4, 10, 12], "rotation": 90, "texture": "#0"},
				"west": {"uv": [9, 4, 9.25, 12], "rotation": 270, "texture": "#0"},
				"up": {"uv": [9, 4, 10, 12], "texture": "#0"}
			}
		},
		{
			"name": "Y4",
			"from": [12, 15, 4],
			"to": [13, 15.25, 12],
			"faces": {
				"east": {"uv": [12.75, 4, 13, 12], "rotation": 90, "texture": "#0"},
				"west": {"uv": [12, 4, 12.25, 12], "rotation": 270, "texture": "#0"},
				"up": {"uv": [12, 4, 13, 12], "texture": "#0"}
			}
		},
		{
			"name": "left",
			"from": [12.9, 8.8, 0.25],
			"to": [13.1, 9, 1],
			"rotation": {"angle": 0, "axis": "y", "origin": [8, 0, 8]},
			"faces": {
				"north": {"uv": [0, 0, 0.2, 0.2], "texture": "#5"},
				"east": {"uv": [0, 0, 0.75, 0.2], "texture": "#5"},
				"west": {"uv": [0, 0, 0.75, 0.2], "texture": "#5"},
				"down": {"uv": [0, 0, 0.2, 0.75], "texture": "#5"}
			}
		},
		{
			"name": "right",
			"from": [10.9, 8.8, 0.25],
			"to": [11.1, 9, 1],
			"rotation": {"angle": 0, "axis": "y", "origin": [8, 0, 8]},
			"faces": {
				"north": {"uv": [0, 0, 0.2, 0.2], "texture": "#5"},
				"east": {"uv": [0, 0, 0.75, 0.2], "texture": "#5"},
				"west": {"uv": [0, 0, 0.75, 0.2], "texture": "#5"},
				"down": {"uv": [0, 0, 0.2, 0.75], "texture": "#5"}
			}
		},
		{
			"name": "handle",
			"from": [11.6, 5, 0.05],
			"to": [12.4, 9, 0.85],
			"rotation": {"angle": 0, "axis": "y", "origin": [8, 0, 8]},
			"faces": {
				"north": {"uv": [3.1, 5, 3.9, 9], "rotation": 180, "texture": "#1"},
				"east": {"uv": [3.1, 5, 3.9, 9], "rotation": 180, "texture": "#1"},
				"south": {"uv": [3.1, 5, 3.9, 9], "rotation": 180, "texture": "#1"},
				"west": {"uv": [3.1, 5, 3.9, 9], "rotation": 180, "texture": "#1"},
				"down": {"uv": [3.1, 5, 3.9, 5.8], "texture": "#1"}
			}
		},
		{
			"name": "end",
			"from": [10.5, 9, 0],
			"to": [13.5, 11, 1],
			"rotation": {"angle": 0, "axis": "y", "origin": [8, 0, 8]},
			"faces": {
				"north": {"uv": [2, 9, 5, 11], "rotation": 180, "texture": "#1"},
				"east": {"uv": [4, 9, 5, 11], "rotation": 180, "texture": "#1"},
				"west": {"uv": [2, 9, 3, 11], "rotation": 180, "texture": "#1"},
				"up": {"uv": [2, 10, 5, 11], "texture": "#1"},
				"down": {"uv": [2, 9, 5, 10], "texture": "#1"}
			}
		},
		{
			"from": [3.9, 11.8, 0.25],
			"to": [4.1, 12, 1],
			"rotation": {"angle": 0, "axis": "y", "origin": [8, 0, 8]},
			"faces": {
				"east": {"uv": [0, 0, 0.75, 0.2], "texture": "#5"},
				"west": {"uv": [0, 0, 0.75, 0.2], "texture": "#5"},
				"up": {"uv": [0, 0, 0.2, 0.75], "texture": "#5"},
				"down": {"uv": [0, 0, 0.2, 0.75], "texture": "#5"}
			}
		},
		{
			"from": [3.5, 11.4, 0],
			"to": [4.5, 12.4, 0.25],
			"rotation": {"angle": 0, "axis": "y", "origin": [8, 0, 8]},
			"faces": {
				"north": {"uv": [0, 0, 1, 1], "texture": "#5"},
				"east": {"uv": [0, 0, 0.25, 1], "texture": "#5"},
				"south": {"uv": [0, 0, 1, 1], "texture": "#5"},
				"west": {"uv": [0, 0, 0.25, 1], "texture": "#5"},
				"up": {"uv": [0, 0, 1, 0.25], "texture": "#5"},
				"down": {"uv": [0, 0, 1, 0.25], "texture": "#5"}
			}
		},
		{
			"from": [2.5, 12, 0.35],
			"to": [5.5, 13, 0.95],
			"rotation": {"angle": 0, "axis": "y", "origin": [8, 0, 8]},
			"faces": {
				"north": {"uv": [11, 3, 14, 4], "texture": "#1"},
				"east": {"uv": [11, 3, 11.6, 4], "texture": "#1"},
				"south": {"uv": [11, 3, 14, 4], "rotation": 180, "texture": "#1"},
				"west": {"uv": [13.4, 3, 14, 4], "texture": "#1"},
				"up": {"uv": [11, 3, 14, 3.6], "rotation": 180, "texture": "#1"},
				"down": {"uv": [11, 3.4, 14, 4], "rotation": 180, "texture": "#1"}
			}
		},
		{
			"from": [4.5, 11, 0.35],
			"to": [5.5, 12, 0.95],
			"rotation": {"angle": 0, "axis": "y", "origin": [8, 0, 8]},
			"faces": {
				"north": {"uv": [11, 4, 12, 5], "texture": "#1"},
				"east": {"uv": [11, 4, 11.6, 5], "texture": "#1"},
				"south": {"uv": [11, 4, 12, 5], "rotation": 180, "texture": "#1"},
				"west": {"uv": [11.4, 4, 12, 5], "texture": "#1"}
			}
		},
		{
			"from": [2.5, 10, 0.35],
			"to": [5.5, 11, 0.95],
			"rotation": {"angle": 0, "axis": "y", "origin": [8, 0, 8]},
			"faces": {
				"north": {"uv": [11, 5, 14, 6], "texture": "#1"},
				"east": {"uv": [11, 5, 11.6, 6], "texture": "#1"},
				"south": {"uv": [11, 5, 14, 6], "rotation": 180, "texture": "#1"},
				"west": {"uv": [13.4, 5, 14, 6], "texture": "#1"},
				"up": {"uv": [11, 5, 14, 5.6], "rotation": 180, "texture": "#1"},
				"down": {"uv": [11, 5.4, 14, 6], "rotation": 180, "texture": "#1"}
			}
		},
		{
			"from": [2.5, 11, 0.35],
			"to": [3.5, 12, 0.95],
			"rotation": {"angle": 0, "axis": "y", "origin": [8, 0, 8]},
			"faces": {
				"north": {"uv": [13, 4, 14, 5], "texture": "#1"},
				"east": {"uv": [13, 4, 13.6, 5], "texture": "#1"},
				"south": {"uv": [13, 4, 14, 5], "rotation": 180, "texture": "#1"},
				"west": {"uv": [13.4, 4, 14, 5], "texture": "#1"}
			}
		},
		{
			"from": [2.5, 7, 0.55],
			"to": [5.5, 10, 0.75],
			"rotation": {"angle": 0, "axis": "y", "origin": [8, 0, 8]},
			"faces": {
				"north": {"uv": [11, 6, 14, 9], "texture": "#1"},
				"east": {"uv": [11, 6, 11.2, 9], "texture": "#1"},
				"south": {"uv": [14, 6, 11, 9], "texture": "#1"},
				"west": {"uv": [13.8, 6, 14, 9], "texture": "#1"},
				"down": {"uv": [11, 8.8, 14, 9], "rotation": 180, "texture": "#1"}
			}
		},
		{
			"from": [2.5, 5, 0.55],
			"to": [4.5, 7, 0.75],
			"rotation": {"angle": 0, "axis": "y", "origin": [8, 0, 8]},
			"faces": {
				"north": {"uv": [12, 9, 14, 11], "texture": "#1"},
				"east": {"uv": [12, 9, 12.2, 11], "texture": "#1"},
				"south": {"uv": [14, 9, 12, 11], "texture": "#1"},
				"west": {"uv": [13.8, 9, 14, 11], "texture": "#1"},
				"down": {"uv": [12, 10.8, 14, 11], "rotation": 180, "texture": "#1"}
			}
		},
		{
			"from": [2.5, 3, 0.55],
			"to": [3.5, 5, 0.75],
			"rotation": {"angle": 0, "axis": "y", "origin": [8, 0, 8]},
			"faces": {
				"north": {"uv": [13, 11, 14, 13], "texture": "#1"},
				"east": {"uv": [13, 11, 13.2, 13], "texture": "#1"},
				"south": {"uv": [14, 11, 13, 13], "texture": "#1"},
				"west": {"uv": [13.8, 11, 14, 13], "texture": "#1"},
				"down": {"uv": [13, 12.8, 14, 13], "rotation": 180, "texture": "#1"}
			}
		},
		{
			"name": "left",
			"from": [15, 8.8, 12.9],
			"to": [15.75, 9, 13.1],
			"rotation": {"angle": 0, "axis": "y", "origin": [8, 0, 8]},
			"faces": {
				"north": {"uv": [0, 0, 0.75, 0.2], "texture": "#5"},
				"east": {"uv": [0, 0, 0.2, 0.2], "texture": "#5"},
				"south": {"uv": [0, 0, 0.75, 0.2], "texture": "#5"},
				"up": {"uv": [0, 0, 0.75, 0.2], "texture": "#5"},
				"down": {"uv": [0, 0, 0.75, 0.2], "texture": "#5"}
			}
		},
		{
			"name": "right",
			"from": [15, 8.8, 10.9],
			"to": [15.75, 9, 11.1],
			"rotation": {"angle": 0, "axis": "y", "origin": [8, 0, 8]},
			"faces": {
				"north": {"uv": [0, 0, 0.75, 0.2], "texture": "#5"},
				"east": {"uv": [0, 0, 0.2, 0.2], "texture": "#5"},
				"south": {"uv": [0, 0, 0.75, 0.2], "texture": "#5"},
				"up": {"uv": [0, 0, 0.75, 0.2], "texture": "#5"},
				"down": {"uv": [0, 0, 0.75, 0.2], "texture": "#5"}
			}
		},
		{
			"from": [15.2, 9, 12.5],
			"to": [15.8, 11, 13.5],
			"rotation": {"angle": 0, "axis": "y", "origin": [8, 0, 8]},
			"faces": {
				"north": {"uv": [3.4, 5, 4, 7], "texture": "#2"},
				"east": {"uv": [3, 5, 4, 7], "texture": "#2"},
				"south": {"uv": [3, 5, 3.6, 7], "texture": "#2"},
				"west": {"uv": [4, 5, 3, 7], "texture": "#2"},
				"up": {"uv": [3, 5, 4, 5.6], "rotation": 90, "texture": "#2"},
				"down": {"uv": [3, 6.4, 4, 7], "rotation": 90, "texture": "#2"}
			}
		},
		{
			"from": [15.2, 9, 10.5],
			"to": [15.8, 11, 11.5],
			"rotation": {"angle": 0, "axis": "y", "origin": [8, 0, 8]},
			"faces": {
				"north": {"uv": [5.4, 5, 6, 7], "texture": "#2"},
				"east": {"uv": [5, 5, 6, 7], "texture": "#2"},
				"south": {"uv": [5, 5, 5.6, 7], "texture": "#2"},
				"west": {"uv": [6, 5, 5, 7], "texture": "#2"},
				"up": {"uv": [5, 5, 6, 5.6], "rotation": 90, "texture": "#2"},
				"down": {"uv": [5, 6.4, 6, 7], "rotation": 90, "texture": "#2"}
			}
		},
		{
			"from": [15.3, 8, 11.5],
			"to": [15.7, 9, 12.5],
			"rotation": {"angle": 0, "axis": "y", "origin": [8, 0, 8]},
			"faces": {
				"north": {"uv": [4.6, 7, 5, 8], "texture": "#2"},
				"east": {"uv": [4, 7, 5, 8], "texture": "#2"},
				"south": {"uv": [4, 7, 4.4, 8], "texture": "#2"},
				"west": {"uv": [5, 7, 4, 8], "texture": "#2"},
				"up": {"uv": [4, 7, 5, 7.4], "rotation": 90, "texture": "#2"},
				"down": {"uv": [4, 7.6, 5, 8], "rotation": 90, "texture": "#2"}
			}
		},
		{
			"from": [15.5, 6, 12.5],
			"to": [15.7, 8, 13.5],
			"rotation": {"angle": 0, "axis": "y", "origin": [8, 0, 8]},
			"faces": {
				"north": {"uv": [3.8, 8, 4, 10], "texture": "#2"},
				"east": {"uv": [3, 8, 4, 10], "texture": "#2"},
				"south": {"uv": [3, 8, 3.2, 10], "texture": "#2"},
				"west": {"uv": [4, 8, 3, 10], "texture": "#2"},
				"up": {"uv": [3, 8, 4, 8.2], "rotation": 90, "texture": "#2"},
				"down": {"uv": [3, 9.8, 4, 10], "rotation": 90, "texture": "#2"}
			}
		},
		{
			"from": [15.5, 6, 10.5],
			"to": [15.7, 8, 11.5],
			"rotation": {"angle": 0, "axis": "y", "origin": [8, 0, 8]},
			"faces": {
				"north": {"uv": [5.8, 8, 6, 10], "texture": "#2"},
				"east": {"uv": [5, 8, 6, 10], "texture": "#2"},
				"south": {"uv": [5, 8, 5.2, 10], "texture": "#2"},
				"west": {"uv": [6, 8, 5, 10], "texture": "#2"},
				"up": {"uv": [5, 8, 6, 8.2], "rotation": 90, "texture": "#2"},
				"down": {"uv": [5, 9.8, 6, 10], "rotation": 90, "texture": "#2"}
			}
		},
		{
			"name": "left",
			"from": [2.9, 8.8, 15],
			"to": [3.1, 9, 15.75],
			"rotation": {"angle": 0, "axis": "y", "origin": [8, 0, 8]},
			"faces": {
				"east": {"uv": [0, 0, 0.75, 0.2], "texture": "#5"},
				"south": {"uv": [0, 0, 0.2, 0.2], "texture": "#5"},
				"west": {"uv": [0, 0, 0.75, 0.2], "texture": "#5"},
				"down": {"uv": [0, 0, 0.2, 0.75], "rotation": 180, "texture": "#5"}
			}
		},
		{
			"name": "right",
			"from": [4.9, 8.8, 15],
			"to": [5.1, 9, 15.75],
			"rotation": {"angle": 0, "axis": "y", "origin": [8, 0, 8]},
			"faces": {
				"east": {"uv": [0, 0, 0.75, 0.2], "texture": "#5"},
				"south": {"uv": [0, 0, 0.2, 0.2], "texture": "#5"},
				"west": {"uv": [0, 0, 0.75, 0.2], "texture": "#5"},
				"down": {"uv": [0, 0, 0.2, 0.75], "rotation": 180, "texture": "#5"}
			}
		},
		{
			"name": "handle",
			"from": [3.6, 5, 15.15],
			"to": [4.4, 9, 15.95],
			"rotation": {"angle": 0, "axis": "y", "origin": [8, 0, 8]},
			"faces": {
				"north": {"uv": [3.1, 5, 3.9, 9], "rotation": 180, "texture": "#1"},
				"east": {"uv": [3.1, 5, 3.9, 9], "rotation": 180, "texture": "#1"},
				"south": {"uv": [3.1, 5, 3.9, 9], "rotation": 180, "texture": "#1"},
				"west": {"uv": [3.1, 5, 3.9, 9], "rotation": 180, "texture": "#1"},
				"down": {"uv": [3.1, 5, 3.9, 5.8], "rotation": 180, "texture": "#1"}
			}
		},
		{
			"name": "end",
			"from": [2.5, 9, 15],
			"to": [5.5, 11, 16],
			"rotation": {"angle": 0, "axis": "y", "origin": [8, 0, 8]},
			"faces": {
				"east": {"uv": [2, 9, 3, 11], "rotation": 180, "texture": "#1"},
				"south": {"uv": [2, 9, 5, 11], "rotation": 180, "texture": "#1"},
				"west": {"uv": [4, 9, 5, 11], "rotation": 180, "texture": "#1"},
				"up": {"uv": [2, 10, 5, 11], "rotation": 180, "texture": "#1"},
				"down": {"uv": [2, 9, 5, 10], "rotation": 180, "texture": "#1"}
			}
		},
		{
			"from": [11.9, 11.8, 15],
			"to": [12.1, 12, 15.75],
			"rotation": {"angle": 0, "axis": "y", "origin": [8, 0, 8]},
			"faces": {
				"east": {"uv": [0, 0, 0.75, 0.2], "texture": "#5"},
				"west": {"uv": [0, 0, 0.75, 0.2], "texture": "#5"},
				"up": {"uv": [0, 0, 0.2, 0.75], "rotation": 180, "texture": "#5"},
				"down": {"uv": [0, 0, 0.2, 0.75], "rotation": 180, "texture": "#5"}
			}
		},
		{
			"from": [11.5, 11.4, 15.75],
			"to": [12.5, 12.4, 16],
			"rotation": {"angle": 0, "axis": "y", "origin": [8, 0, 8]},
			"faces": {
				"north": {"uv": [0, 0, 1, 1], "texture": "#5"},
				"east": {"uv": [0, 0, 0.25, 1], "texture": "#5"},
				"south": {"uv": [0, 0, 1, 1], "texture": "#5"},
				"west": {"uv": [0, 0, 0.25, 1], "texture": "#5"},
				"up": {"uv": [0, 0, 1, 0.25], "rotation": 180, "texture": "#5"},
				"down": {"uv": [0, 0, 1, 0.25], "rotation": 180, "texture": "#5"}
			}
		},
		{
			"from": [10.5, 12, 15.05],
			"to": [13.5, 13, 15.65],
			"rotation": {"angle": 0, "axis": "y", "origin": [8, 0, 8]},
			"faces": {
				"north": {"uv": [11, 3, 14, 4], "rotation": 180, "texture": "#1"},
				"east": {"uv": [13.4, 3, 14, 4], "texture": "#1"},
				"south": {"uv": [11, 3, 14, 4], "texture": "#1"},
				"west": {"uv": [11, 3, 11.6, 4], "texture": "#1"},
				"up": {"uv": [11, 3, 14, 3.6], "texture": "#1"},
				"down": {"uv": [11, 3.4, 14, 4], "texture": "#1"}
			}
		},
		{
			"from": [10.5, 11, 15.05],
			"to": [11.5, 12, 15.65],
			"rotation": {"angle": 0, "axis": "y", "origin": [8, 0, 8]},
			"faces": {
				"north": {"uv": [11, 4, 12, 5], "rotation": 180, "texture": "#1"},
				"east": {"uv": [11.4, 4, 12, 5], "texture": "#1"},
				"south": {"uv": [11, 4, 12, 5], "texture": "#1"},
				"west": {"uv": [11, 4, 11.6, 5], "texture": "#1"}
			}
		},
		{
			"from": [10.5, 10, 15.05],
			"to": [13.5, 11, 15.65],
			"rotation": {"angle": 0, "axis": "y", "origin": [8, 0, 8]},
			"faces": {
				"north": {"uv": [11, 5, 14, 6], "rotation": 180, "texture": "#1"},
				"east": {"uv": [13.4, 5, 14, 6], "texture": "#1"},
				"south": {"uv": [11, 5, 14, 6], "texture": "#1"},
				"west": {"uv": [11, 5, 11.6, 6], "texture": "#1"},
				"up": {"uv": [11, 5, 14, 5.6], "texture": "#1"},
				"down": {"uv": [11, 5.4, 14, 6], "texture": "#1"}
			}
		},
		{
			"from": [12.5, 11, 15.05],
			"to": [13.5, 12, 15.65],
			"rotation": {"angle": 0, "axis": "y", "origin": [8, 0, 8]},
			"faces": {
				"north": {"uv": [13, 4, 14, 5], "rotation": 180, "texture": "#1"},
				"east": {"uv": [13.4, 4, 14, 5], "texture": "#1"},
				"south": {"uv": [13, 4, 14, 5], "texture": "#1"},
				"west": {"uv": [13, 4, 13.6, 5], "texture": "#1"}
			}
		},
		{
			"from": [10.5, 7, 15.25],
			"to": [13.5, 10, 15.45],
			"rotation": {"angle": 0, "axis": "y", "origin": [8, 0, 8]},
			"faces": {
				"north": {"uv": [14, 6, 11, 9], "texture": "#1"},
				"east": {"uv": [13.8, 6, 14, 9], "texture": "#1"},
				"south": {"uv": [11, 6, 14, 9], "texture": "#1"},
				"west": {"uv": [11, 6, 11.2, 9], "texture": "#1"},
				"down": {"uv": [11, 8.8, 14, 9], "texture": "#1"}
			}
		},
		{
			"from": [11.5, 5, 15.25],
			"to": [13.5, 7, 15.45],
			"rotation": {"angle": 0, "axis": "y", "origin": [8, 0, 8]},
			"faces": {
				"north": {"uv": [14, 9, 12, 11], "texture": "#1"},
				"east": {"uv": [13.8, 9, 14, 11], "texture": "#1"},
				"south": {"uv": [12, 9, 14, 11], "texture": "#1"},
				"west": {"uv": [12, 9, 12.2, 11], "texture": "#1"},
				"down": {"uv": [12, 10.8, 14, 11], "texture": "#1"}
			}
		},
		{
			"from": [12.5, 3, 15.25],
			"to": [13.5, 5, 15.45],
			"rotation": {"angle": 0, "axis": "y", "origin": [8, 0, 8]},
			"faces": {
				"north": {"uv": [14, 11, 13, 13], "texture": "#1"},
				"east": {"uv": [13.8, 11, 14, 13], "texture": "#1"},
				"south": {"uv": [13, 11, 14, 13], "texture": "#1"},
				"west": {"uv": [13, 11, 13.2, 13], "texture": "#1"},
				"down": {"uv": [13, 12.8, 14, 13], "texture": "#1"}
			}
		},
		{
			"name": "left",
			"from": [0.25, 8.8, 2.9],
			"to": [1, 9, 3.1],
			"rotation": {"angle": 0, "axis": "y", "origin": [8, 0, 8]},
			"faces": {
				"north": {"uv": [0, 0, 0.75, 0.2], "texture": "#5"},
				"south": {"uv": [0, 0, 0.75, 0.2], "texture": "#5"},
				"west": {"uv": [0, 0, 0.2, 0.2], "texture": "#5"},
				"up": {"uv": [0, 0, 0.75, 0.2], "rotation": 180, "texture": "#5"},
				"down": {"uv": [0, 0, 0.75, 0.2], "rotation": 180, "texture": "#5"}
			}
		},
		{
			"name": "right",
			"from": [0.25, 8.8, 4.9],
			"to": [1, 9, 5.1],
			"rotation": {"angle": 0, "axis": "y", "origin": [8, 0, 8]},
			"faces": {
				"north": {"uv": [0, 0, 0.75, 0.2], "texture": "#5"},
				"south": {"uv": [0, 0, 0.75, 0.2], "texture": "#5"},
				"west": {"uv": [0, 0, 0.2, 0.2], "texture": "#5"},
				"up": {"uv": [0, 0, 0.75, 0.2], "rotation": 180, "texture": "#5"},
				"down": {"uv": [0, 0, 0.75, 0.2], "rotation": 180, "texture": "#5"}
			}
		},
		{
			"from": [0.2, 9, 2.5],
			"to": [0.8, 11, 3.5],
			"rotation": {"angle": 0, "axis": "y", "origin": [8, 0, 8]},
			"faces": {
				"north": {"uv": [3, 5, 3.6, 7], "texture": "#2"},
				"east": {"uv": [4, 5, 3, 7], "texture": "#2"},
				"south": {"uv": [3.4, 5, 4, 7], "texture": "#2"},
				"west": {"uv": [3, 5, 4, 7], "texture": "#2"},
				"up": {"uv": [3, 5, 4, 5.6], "rotation": 270, "texture": "#2"},
				"down": {"uv": [3, 6.4, 4, 7], "rotation": 270, "texture": "#2"}
			}
		},
		{
			"from": [0.2, 9, 4.5],
			"to": [0.8, 11, 5.5],
			"rotation": {"angle": 0, "axis": "y", "origin": [8, 0, 8]},
			"faces": {
				"north": {"uv": [5, 5, 5.6, 7], "texture": "#2"},
				"east": {"uv": [6, 5, 5, 7], "texture": "#2"},
				"south": {"uv": [5.4, 5, 6, 7], "texture": "#2"},
				"west": {"uv": [5, 5, 6, 7], "texture": "#2"},
				"up": {"uv": [5, 5, 6, 5.6], "rotation": 270, "texture": "#2"},
				"down": {"uv": [5, 6.4, 6, 7], "rotation": 270, "texture": "#2"}
			}
		},
		{
			"from": [0.3, 8, 3.5],
			"to": [0.7, 9, 4.5],
			"rotation": {"angle": 0, "axis": "y", "origin": [8, 0, 8]},
			"faces": {
				"north": {"uv": [4, 7, 4.4, 8], "texture": "#2"},
				"east": {"uv": [5, 7, 4, 8], "texture": "#2"},
				"south": {"uv": [4.6, 7, 5, 8], "texture": "#2"},
				"west": {"uv": [4, 7, 5, 8], "texture": "#2"},
				"up": {"uv": [4, 7, 5, 7.4], "rotation": 270, "texture": "#2"},
				"down": {"uv": [4, 7.6, 5, 8], "rotation": 270, "texture": "#2"}
			}
		},
		{
			"from": [0.3, 6, 2.5],
			"to": [0.5, 8, 3.5],
			"rotation": {"angle": 0, "axis": "y", "origin": [8, 0, 8]},
			"faces": {
				"north": {"uv": [3, 8, 3.2, 10], "texture": "#2"},
				"east": {"uv": [4, 8, 3, 10], "texture": "#2"},
				"south": {"uv": [3.8, 8, 4, 10], "texture": "#2"},
				"west": {"uv": [3, 8, 4, 10], "texture": "#2"},
				"up": {"uv": [3, 8, 4, 8.2], "rotation": 270, "texture": "#2"},
				"down": {"uv": [3, 9.8, 4, 10], "rotation": 270, "texture": "#2"}
			}
		},
		{
			"from": [0.3, 6, 4.5],
			"to": [0.5, 8, 5.5],
			"rotation": {"angle": 0, "axis": "y", "origin": [8, 0, 8]},
			"faces": {
				"north": {"uv": [5, 8, 5.2, 10], "texture": "#2"},
				"east": {"uv": [6, 8, 5, 10], "texture": "#2"},
				"south": {"uv": [5.8, 8, 6, 10], "texture": "#2"},
				"west": {"uv": [5, 8, 6, 10], "texture": "#2"},
				"up": {"uv": [5, 8, 6, 8.2], "rotation": 270, "texture": "#2"},
				"down": {"uv": [5, 9.8, 6, 10], "rotation": 270, "texture": "#2"}
			}
		}
	],
	"display": {
		"thirdperson_righthand": {
			"rotation": [75, 45, 0],
			"translation": [0, 2.5, 0],
			"scale": [0.375, 0.375, 0.375]
		},
		"thirdperson_lefthand": {
			"rotation": [75, 45, 0],
			"translation": [0, 2.5, 0],
			"scale": [0.375, 0.375, 0.375]
		},
		"firstperson_righthand": {
			"rotation": [0, 45, 0],
			"scale": [0.4, 0.4, 0.4]
		},
		"firstperson_lefthand": {
			"rotation": [0, 225, 0],
			"scale": [0.4, 0.4, 0.4]
		},
		"ground": {
			"translation": [0, 3, 0],
			"scale": [0.25, 0.25, 0.25]
		},
		"gui": {
			"rotation": [30, 225, 0],
			"scale": [0.625, 0.625, 0.625]
		},
		"head": {
			"translation": [0, 1, 0],
			"scale": [1.05, 1.05, 1.05]
		},
		"fixed": {
			"scale": [0.5, 0.5, 0.5]
		}
	},
	"groups": [
		0,
		{
			"name": "frame",
			"origin": [8, 8, 8],
			"color": 0,
			"children": [
				{
					"name": "corner",
					"origin": [8, 8, 8],
					"color": 0,
					"children": [1, 2, 3, 4]
				},
				{
					"name": "top",
					"origin": [8, 8, 8],
					"color": 0,
					"children": [5, 6, 7, 8, 9, 10, 11, 12]
				},
				{
					"name": "bottom",
					"origin": [8, 8, 8],
					"color": 0,
					"children": [13, 14, 15, 16]
				},
				{
					"name": "side",
					"origin": [8, 8, 8],
					"color": 0,
					"children": [
						{
							"name": "N",
							"origin": [8, 8, 8],
							"color": 0,
							"children": [17, 18, 19, 20]
						},
						{
							"name": "E",
							"origin": [8, 8, 8],
							"color": 0,
							"children": [21, 22, 23, 24]
						},
						{
							"name": "S",
							"origin": [8, 8, 8],
							"color": 0,
							"children": [25, 26, 27, 28]
						},
						{
							"name": "W",
							"origin": [8, 8, 8],
							"color": 0,
							"children": [29, 30, 31, 32]
						}
					]
				}
			]
		},
		{
			"name": "crafting-grid",
			"origin": [8, 8, 8],
			"color": 0,
			"children": [33, 34, 35, 36, 37, 38, 39, 40]
		},
		{
			"name": "tools",
			"origin": [8, 8, 8],
			"color": 0,
			"children": [
				{
					"name": "N",
					"origin": [8, 8, 8],
					"color": 0,
					"children": [
						{
							"name": "hammer",
							"origin": [8, 8, 8],
							"color": 0,
							"children": [
								{
									"name": "pins",
									"origin": [8, 8, 8],
									"color": 0,
									"children": [41, 42]
								},
								43,
								44
							]
						},
						{
							"name": "saw",
							"origin": [8, 8, 8],
							"color": 0,
							"children": [
								{
									"name": "pin",
									"origin": [8, 8, 8],
									"color": 0,
									"children": [45, 46]
								},
								{
									"name": "handle",
									"origin": [8, 8, 8],
									"color": 0,
									"children": [47, 48, 49, 50]
								},
								{
									"name": "blade",
									"origin": [8, 8, 8],
									"color": 0,
									"children": [51, 52, 53]
								}
							]
						}
					]
				},
				{
					"name": "E",
					"origin": [8, 8, 8],
					"color": 0,
					"children": [
						{
							"name": "pliers",
							"origin": [8, 8, 8],
							"color": 0,
							"children": [
								{
									"name": "pins",
									"origin": [8, 8, 8],
									"color": 0,
									"children": [54, 55]
								},
								{
									"name": "handle",
									"origin": [8, 8, 8],
									"color": 0,
									"children": [56, 57]
								},
								{
									"name": "other",
									"origin": [8, 8, 8],
									"color": 0,
									"children": [58, 59, 60]
								}
							]
						}
					]
				},
				{
					"name": "S",
					"origin": [8, 8, 8],
					"color": 0,
					"children": [
						{
							"name": "hammer",
							"origin": [8, 8, 8],
							"color": 0,
							"children": [
								{
									"name": "pins",
									"origin": [8, 8, 8],
									"color": 0,
									"children": [61, 62]
								},
								63,
								64
							]
						},
						{
							"name": "saw",
							"origin": [8, 8, 8],
							"color": 0,
							"children": [
								{
									"name": "pin",
									"origin": [8, 8, 8],
									"color": 0,
									"children": [65, 66]
								},
								{
									"name": "handle",
									"origin": [8, 8, 8],
									"color": 0,
									"children": [67, 68, 69, 70]
								},
								{
									"name": "blade",
									"origin": [8, 8, 8],
									"color": 0,
									"children": [71, 72, 73]
								}
							]
						}
					]
				},
				{
					"name": "W",
					"origin": [8, 8, 8],
					"color": 0,
					"children": [
						{
							"name": "pliers",
							"origin": [8, 8, 8],
							"color": 0,
							"children": [
								{
									"name": "pins",
									"origin": [8, 8, 8],
									"color": 0,
									"children": [74, 75]
								},
								{
									"name": "handle",
									"origin": [8, 8, 8],
									"color": 0,
									"children": [76, 77]
								},
								{
									"name": "other",
									"origin": [8, 8, 8],
									"color": 0,
									"children": [78, 79, 80]
								}
							]
						}
					]
				}
			]
		}
	]
}