{
	"credit": "Made by SkylaDev :3 https://skyla.dev/",
	"textures": {
		"0": "block/enchanting_table_top",
		"1": "block/enchanting_table_bottom",
		"2": "block/enchanting_table_side",
		"particle": "block/enchanting_table_bottom"
	},
	"elements": [
		{
			"name": "base",
			"from": [0, 0, 0],
			"to": [16, 12, 16],
			"faces": {
				"north": {"uv": [0, 4, 16, 16], "texture": "#2"},
				"east": {"uv": [0, 4, 16, 16], "texture": "#2"},
				"south": {"uv": [0, 4, 16, 16], "texture": "#2"},
				"west": {"uv": [0, 4, 16, 16], "texture": "#2"},
				"up": {"uv": [0, 0, 16, 16], "texture": "#0"},
				"down": {"uv": [0, 0, 16, 16], "texture": "#1"}
			}
		},
		{
			"from": [13, 9, -0.5],
			"to": [16.5, 12.5, 3],
			"rotation": {"angle": 0, "axis": "y", "origin": [8, 0, 8]},
			"faces": {
				"north": {"uv": [0, 4, 3, 7], "texture": "#2"},
				"east": {"uv": [13, 4, 16, 7], "texture": "#2"},
				"up": {"uv": [0, 13, 3, 16], "rotation": 180, "texture": "#0"}
			}
		},
		{
			"from": [12, 9, -0.5],
			"to": [13, 12.5, 3],
			"rotation": {"angle": 0, "axis": "y", "origin": [8, 0, 8]},
			"faces": {
				"north": {"uv": [3, 4, 4, 7], "texture": "#2"},
				"south": {"uv": [12, 4, 13, 7], "texture": "#2"},
				"west": {"uv": [0, 4, 3, 7], "texture": "#2"},
				"up": {"uv": [3, 13, 4, 16], "rotation": 180, "texture": "#0"},
				"down": {"uv": [3, 0, 4, 3], "rotation": 180, "texture": "#0"}
			}
		},
		{
			"from": [13, 9, 3],
			"to": [16.5, 12.5, 4],
			"rotation": {"angle": 0, "axis": "y", "origin": [8, 0, 8]},
			"faces": {
				"east": {"uv": [12, 4, 13, 7], "texture": "#2"},
				"south": {"uv": [13, 4, 16, 7], "texture": "#2"},
				"west": {"uv": [3, 4, 4, 7], "texture": "#2"},
				"up": {"uv": [3, 12, 0, 13], "texture": "#0"},
				"down": {"uv": [0, 3, 3, 4], "rotation": 180, "texture": "#0"}
			}
		},
		{
			"from": [13, 8, -0.5],
			"to": [16.5, 9, 3],
			"rotation": {"angle": 0, "axis": "y", "origin": [8, 0, 8]},
			"faces": {
				"north": {"uv": [0, 7, 3, 8], "texture": "#2"},
				"east": {"uv": [13, 7, 16, 8], "texture": "#2"},
				"south": {"uv": [13, 7, 16, 8], "texture": "#2"},
				"west": {"uv": [0, 7, 3, 8], "texture": "#2"},
				"down": {"uv": [0, 0, 3, 3], "rotation": 180, "texture": "#0"}
			}
		},
		{
			"from": [-0.5, 9, -0.5],
			"to": [3, 12.5, 3],
			"rotation": {"angle": 0, "axis": "y", "origin": [8, 0, 8]},
			"faces": {
				"north": {"uv": [13, 4, 16, 7], "texture": "#2"},
				"west": {"uv": [0, 4, 3, 7], "texture": "#2"},
				"up": {"uv": [0, 13, 3, 16], "rotation": 90, "texture": "#0"}
			}
		},
		{
			"from": [-0.5, 9, 3],
			"to": [3, 12.5, 4],
			"rotation": {"angle": 0, "axis": "y", "origin": [8, 0, 8]},
			"faces": {
				"east": {"uv": [12, 4, 13, 7], "texture": "#2"},
				"south": {"uv": [0, 4, 3, 7], "texture": "#2"},
				"west": {"uv": [3, 4, 4, 7], "texture": "#2"},
				"up": {"uv": [3, 13, 4, 16], "rotation": 90, "texture": "#0"},
				"down": {"uv": [3, 0, 4, 3], "rotation": 270, "texture": "#0"}
			}
		},
		{
			"from": [3, 9, -0.5],
			"to": [4, 12.5, 3],
			"rotation": {"angle": 0, "axis": "y", "origin": [8, 0, 8]},
			"faces": {
				"north": {"uv": [12, 4, 13, 7], "texture": "#2"},
				"east": {"uv": [13, 4, 16, 7], "texture": "#2"},
				"south": {"uv": [3, 4, 4, 7], "texture": "#2"},
				"up": {"uv": [3, 12, 0, 13], "rotation": 270, "texture": "#0"},
				"down": {"uv": [0, 3, 3, 4], "rotation": 270, "texture": "#0"}
			}
		},
		{
			"from": [-0.5, 8, -0.5],
			"to": [3, 9, 3],
			"rotation": {"angle": 0, "axis": "y", "origin": [8, 0, 8]},
			"faces": {
				"north": {"uv": [13, 7, 16, 8], "texture": "#2"},
				"east": {"uv": [13, 7, 16, 8], "texture": "#2"},
				"south": {"uv": [0, 7, 3, 8], "texture": "#2"},
				"west": {"uv": [0, 7, 3, 8], "texture": "#2"},
				"down": {"uv": [0, 0, 3, 3], "rotation": 270, "texture": "#0"}
			}
		},
		{
			"from": [13, 9, 13],
			"to": [16.5, 12.5, 16.5],
			"rotation": {"angle": 0, "axis": "y", "origin": [8, 0, 8]},
			"faces": {
				"east": {"uv": [0, 4, 3, 7], "texture": "#2"},
				"south": {"uv": [13, 4, 16, 7], "texture": "#2"},
				"up": {"uv": [0, 13, 3, 16], "rotation": 270, "texture": "#0"}
			}
		},
		{
			"from": [13, 9, 12],
			"to": [16.5, 12.5, 13],
			"rotation": {"angle": 0, "axis": "y", "origin": [8, 0, 8]},
			"faces": {
				"north": {"uv": [0, 4, 3, 7], "texture": "#2"},
				"east": {"uv": [3, 4, 4, 7], "texture": "#2"},
				"west": {"uv": [12, 4, 13, 7], "texture": "#2"},
				"up": {"uv": [3, 13, 4, 16], "rotation": 270, "texture": "#0"},
				"down": {"uv": [3, 0, 4, 3], "rotation": 90, "texture": "#0"}
			}
		},
		{
			"from": [12, 9, 13],
			"to": [13, 12.5, 16.5],
			"rotation": {"angle": 0, "axis": "y", "origin": [8, 0, 8]},
			"faces": {
				"north": {"uv": [3, 4, 4, 7], "texture": "#2"},
				"south": {"uv": [12, 4, 13, 7], "texture": "#2"},
				"west": {"uv": [13, 4, 16, 7], "texture": "#2"},
				"up": {"uv": [3, 12, 0, 13], "rotation": 90, "texture": "#0"},
				"down": {"uv": [0, 3, 3, 4], "rotation": 90, "texture": "#0"}
			}
		},
		{
			"from": [13, 8, 13],
			"to": [16.5, 9, 16.5],
			"rotation": {"angle": 0, "axis": "y", "origin": [8, 0, 8]},
			"faces": {
				"north": {"uv": [0, 7, 3, 8], "texture": "#2"},
				"east": {"uv": [0, 7, 3, 8], "texture": "#2"},
				"south": {"uv": [13, 7, 16, 8], "texture": "#2"},
				"west": {"uv": [13, 7, 16, 8], "texture": "#2"},
				"down": {"uv": [0, 0, 3, 3], "rotation": 90, "texture": "#0"}
			}
		},
		{
			"from": [-0.5, 9, 13],
			"to": [3, 12.5, 16.5],
			"rotation": {"angle": 0, "axis": "y", "origin": [8, 0, 8]},
			"faces": {
				"south": {"uv": [0, 4, 3, 7], "texture": "#2"},
				"west": {"uv": [13, 4, 16, 7], "texture": "#2"},
				"up": {"uv": [0, 13, 3, 16], "texture": "#0"}
			}
		},
		{
			"from": [3, 9, 13],
			"to": [4, 12.5, 16.5],
			"rotation": {"angle": 0, "axis": "y", "origin": [8, 0, 8]},
			"faces": {
				"north": {"uv": [12, 4, 13, 7], "texture": "#2"},
				"east": {"uv": [0, 4, 3, 7], "texture": "#2"},
				"south": {"uv": [3, 4, 4, 7], "texture": "#2"},
				"up": {"uv": [3, 13, 4, 16], "texture": "#0"},
				"down": {"uv": [3, 0, 4, 3], "texture": "#0"}
			}
		},
		{
			"from": [-0.5, 9, 12],
			"to": [3, 12.5, 13],
			"rotation": {"angle": 0, "axis": "y", "origin": [8, 0, 8]},
			"faces": {
				"north": {"uv": [13, 4, 16, 7], "texture": "#2"},
				"east": {"uv": [3, 4, 4, 7], "texture": "#2"},
				"west": {"uv": [12, 4, 13, 7], "texture": "#2"},
				"up": {"uv": [3, 12, 0, 13], "rotation": 180, "texture": "#0"},
				"down": {"uv": [0, 3, 3, 4], "texture": "#0"}
			}
		},
		{
			"from": [-0.5, 8, 13],
			"to": [3, 9, 16.5],
			"rotation": {"angle": 0, "axis": "y", "origin": [8, 0, 8]},
			"faces": {
				"north": {"uv": [13, 7, 16, 8], "texture": "#2"},
				"east": {"uv": [0, 7, 3, 8], "texture": "#2"},
				"south": {"uv": [0, 7, 3, 8], "texture": "#2"},
				"west": {"uv": [13, 7, 16, 8], "texture": "#2"},
				"down": {"uv": [0, 0, 3, 3], "texture": "#0"}
			}
		},
		{
			"name": "top",
			"from": [0, 12, 0],
			"to": [16, 12.25, 16],
			"faces": {
				"north": {"uv": [0, 0, 16, 0.25], "texture": "#0"},
				"east": {"uv": [15.75, 0, 16, 16], "rotation": 90, "texture": "#0"},
				"south": {"uv": [0, 15.75, 16, 16], "rotation": 180, "texture": "#0"},
				"west": {"uv": [0, 0, 0.25, 16], "rotation": 270, "texture": "#0"},
				"up": {"uv": [0, 0, 16, 16], "texture": "#0"}
			}
		},
		{
			"from": [4, 10, -0.25],
			"to": [12, 12, 0],
			"rotation": {"angle": 0, "axis": "y", "origin": [8, 0, 8]},
			"faces": {
				"north": {"uv": [4, 4, 12, 6], "texture": "#2"},
				"up": {"uv": [12, 4, 4, 4.25], "texture": "#2"},
				"down": {"uv": [12, 5.75, 4, 6], "texture": "#2"}
			}
		},
		{
			"from": [5, 9, -0.25],
			"to": [11, 10, 0],
			"rotation": {"angle": 0, "axis": "y", "origin": [8, 0, 8]},
			"faces": {
				"north": {"uv": [5, 6, 11, 7], "texture": "#2"},
				"east": {"uv": [5, 6, 5.25, 7], "texture": "#2"},
				"west": {"uv": [10.75, 6, 11, 7], "texture": "#2"},
				"down": {"uv": [11, 6.75, 5, 7], "texture": "#2"}
			}
		},
		{
			"from": [6, 8, -0.25],
			"to": [10, 9, 0],
			"rotation": {"angle": 0, "axis": "y", "origin": [8, 0, 8]},
			"faces": {
				"north": {"uv": [6, 7, 10, 8], "texture": "#2"},
				"east": {"uv": [6, 7, 6.25, 8], "texture": "#2"},
				"west": {"uv": [9.75, 7, 10, 8], "texture": "#2"},
				"down": {"uv": [10, 7.75, 6, 8], "texture": "#2"}
			}
		},
		{
			"from": [7, 7, -0.25],
			"to": [9, 8, 0],
			"rotation": {"angle": 0, "axis": "y", "origin": [8, 0, 8]},
			"faces": {
				"north": {"uv": [7, 8, 9, 9], "texture": "#2"},
				"east": {"uv": [7, 8, 7.25, 9], "texture": "#2"},
				"west": {"uv": [8.75, 8, 9, 9], "texture": "#2"},
				"down": {"uv": [9, 8.75, 7, 9], "texture": "#2"}
			}
		},
		{
			"from": [16, 10, 4],
			"to": [16.25, 12, 12],
			"rotation": {"angle": 0, "axis": "y", "origin": [8, 0, 8]},
			"faces": {
				"east": {"uv": [4, 4, 12, 6], "texture": "#2"},
				"up": {"uv": [12, 4, 4, 4.25], "rotation": 90, "texture": "#2"},
				"down": {"uv": [12, 5.75, 4, 6], "rotation": 270, "texture": "#2"}
			}
		},
		{
			"from": [16, 9, 5],
			"to": [16.25, 10, 11],
			"rotation": {"angle": 0, "axis": "y", "origin": [8, 0, 8]},
			"faces": {
				"north": {"uv": [10.75, 6, 11, 7], "texture": "#2"},
				"east": {"uv": [5, 6, 11, 7], "texture": "#2"},
				"south": {"uv": [5, 6, 5.25, 7], "texture": "#2"},
				"down": {"uv": [11, 6.75, 5, 7], "rotation": 270, "texture": "#2"}
			}
		},
		{
			"from": [16, 8, 6],
			"to": [16.25, 9, 10],
			"rotation": {"angle": 0, "axis": "y", "origin": [8, 0, 8]},
			"faces": {
				"north": {"uv": [9.75, 7, 10, 8], "texture": "#2"},
				"east": {"uv": [6, 7, 10, 8], "texture": "#2"},
				"south": {"uv": [6, 7, 6.25, 8], "texture": "#2"},
				"down": {"uv": [10, 7.75, 6, 8], "rotation": 270, "texture": "#2"}
			}
		},
		{
			"from": [16, 7, 7],
			"to": [16.25, 8, 9],
			"rotation": {"angle": 0, "axis": "y", "origin": [8, 0, 8]},
			"faces": {
				"north": {"uv": [8.75, 8, 9, 9], "texture": "#2"},
				"east": {"uv": [7, 8, 9, 9], "texture": "#2"},
				"south": {"uv": [7, 8, 7.25, 9], "texture": "#2"},
				"down": {"uv": [9, 8.75, 7, 9], "rotation": 270, "texture": "#2"}
			}
		},
		{
			"from": [4, 10, 16],
			"to": [12, 12, 16.25],
			"rotation": {"angle": 0, "axis": "y", "origin": [8, 0, 8]},
			"faces": {
				"south": {"uv": [4, 4, 12, 6], "texture": "#2"},
				"up": {"uv": [12, 4, 4, 4.25], "rotation": 180, "texture": "#2"},
				"down": {"uv": [12, 5.75, 4, 6], "rotation": 180, "texture": "#2"}
			}
		},
		{
			"from": [5, 9, 16],
			"to": [11, 10, 16.25],
			"rotation": {"angle": 0, "axis": "y", "origin": [8, 0, 8]},
			"faces": {
				"east": {"uv": [10.75, 6, 11, 7], "texture": "#2"},
				"south": {"uv": [5, 6, 11, 7], "texture": "#2"},
				"west": {"uv": [5, 6, 5.25, 7], "texture": "#2"},
				"down": {"uv": [11, 6.75, 5, 7], "rotation": 180, "texture": "#2"}
			}
		},
		{
			"from": [6, 8, 16],
			"to": [10, 9, 16.25],
			"rotation": {"angle": 0, "axis": "y", "origin": [8, 0, 8]},
			"faces": {
				"east": {"uv": [9.75, 7, 10, 8], "texture": "#2"},
				"south": {"uv": [6, 7, 10, 8], "texture": "#2"},
				"west": {"uv": [6, 7, 6.25, 8], "texture": "#2"},
				"down": {"uv": [10, 7.75, 6, 8], "rotation": 180, "texture": "#2"}
			}
		},
		{
			"from": [7, 7, 16],
			"to": [9, 8, 16.25],
			"rotation": {"angle": 0, "axis": "y", "origin": [8, 0, 8]},
			"faces": {
				"east": {"uv": [8.75, 8, 9, 9], "texture": "#2"},
				"south": {"uv": [7, 8, 9, 9], "texture": "#2"},
				"west": {"uv": [7, 8, 7.25, 9], "texture": "#2"},
				"down": {"uv": [9, 8.75, 7, 9], "rotation": 180, "texture": "#2"}
			}
		},
		{
			"from": [-0.25, 10, 4],
			"to": [0, 12, 12],
			"rotation": {"angle": 0, "axis": "y", "origin": [8, 0, 8]},
			"faces": {
				"west": {"uv": [4, 4, 12, 6], "texture": "#2"},
				"up": {"uv": [12, 4, 4, 4.25], "rotation": 270, "texture": "#2"},
				"down": {"uv": [12, 5.75, 4, 6], "rotation": 90, "texture": "#2"}
			}
		},
		{
			"from": [-0.25, 9, 5],
			"to": [0, 10, 11],
			"rotation": {"angle": 0, "axis": "y", "origin": [8, 0, 8]},
			"faces": {
				"north": {"uv": [5, 6, 5.25, 7], "texture": "#2"},
				"south": {"uv": [10.75, 6, 11, 7], "texture": "#2"},
				"west": {"uv": [5, 6, 11, 7], "texture": "#2"},
				"down": {"uv": [11, 6.75, 5, 7], "rotation": 90, "texture": "#2"}
			}
		},
		{
			"from": [-0.25, 8, 6],
			"to": [0, 9, 10],
			"rotation": {"angle": 0, "axis": "y", "origin": [8, 0, 8]},
			"faces": {
				"north": {"uv": [6, 7, 6.25, 8], "texture": "#2"},
				"south": {"uv": [9.75, 7, 10, 8], "texture": "#2"},
				"west": {"uv": [6, 7, 10, 8], "texture": "#2"},
				"down": {"uv": [10, 7.75, 6, 8], "rotation": 90, "texture": "#2"}
			}
		},
		{
			"from": [-0.25, 7, 7],
			"to": [0, 8, 9],
			"rotation": {"angle": 0, "axis": "y", "origin": [8, 0, 8]},
			"faces": {
				"north": {"uv": [7, 8, 7.25, 9], "texture": "#2"},
				"south": {"uv": [8.75, 8, 9, 9], "texture": "#2"},
				"west": {"uv": [7, 8, 9, 9], "texture": "#2"},
				"down": {"uv": [9, 8.75, 7, 9], "rotation": 90, "texture": "#2"}
			}
		}
	],
	"display": {
		"thirdperson_righthand": {
			"rotation": [75, 45, 0],
			"translation": [0, 2.5, 0],
			"scale": [0.375, 0.375, 0.375]
		},
		"thirdperson_lefthand": {
			"rotation": [75, 45, 0],
			"translation": [0, 2.5, 0],
			"scale": [0.375, 0.375, 0.375]
		},
		"firstperson_righthand": {
			"rotation": [0, 45, 0],
			"scale": [0.4, 0.4, 0.4]
		},
		"firstperson_lefthand": {
			"rotation": [0, 225, 0],
			"scale": [0.4, 0.4, 0.4]
		},
		"ground": {
			"translation": [0, 3, 0],
			"scale": [0.25, 0.25, 0.25]
		},
		"gui": {
			"rotation": [30, 225, 0],
			"scale": [0.625, 0.625, 0.625]
		},
		"fixed": {
			"scale": [0.5, 0.5, 0.5]
		}
	},
	"groups": [
		0,
		{
			"name": "corners",
			"origin": [0, 0, 0],
			"color": 0,
			"children": [
				{
					"name": "NE",
					"origin": [0, 0, 0],
					"color": 0,
					"children": [1, 2, 3, 4]
				},
				{
					"name": "NW",
					"origin": [0, 0, 0],
					"color": 0,
					"children": [5, 6, 7, 8]
				},
				{
					"name": "SE",
					"origin": [0, 0, 0],
					"color": 0,
					"children": [9, 10, 11, 12]
				},
				{
					"name": "SW",
					"origin": [0, 0, 0],
					"color": 0,
					"children": [13, 14, 15, 16]
				}
			]
		},
		{
			"name": "cloth",
			"origin": [8, 8, 8],
			"color": 0,
			"children": [
				17,
				{
					"name": "N",
					"origin": [8, 8, 8],
					"color": 0,
					"children": [18, 19, 20, 21]
				},
				{
					"name": "E",
					"origin": [8, 8, 8],
					"color": 0,
					"children": [22, 23, 24, 25]
				},
				{
					"name": "S",
					"origin": [8, 8, 8],
					"color": 0,
					"children": [26, 27, 28, 29]
				},
				{
					"name": "W",
					"origin": [8, 8, 8],
					"color": 0,
					"children": [30, 31, 32, 33]
				}
			]
		}
	]
}