{
	"credit": "Made by SkylaDev :3 https://skyla.dev/",
	"textures": {
		"1": "block/furnace_top",
		"2": "block/furnace_side",
		"3": "block/anvil",
		"4": "block/furnace_front",
		"5": "block/fire_0",
		"particle": "block/furnace_front_on"
	},
	"elements": [
		{
			"name": "bottomN",
			"from": [0, 0, 0],
			"to": [16, 1, 1],
			"faces": {
				"north": {"uv": [0, 0, 16, 1], "texture": "#1"},
				"east": {"uv": [15, 0, 16, 1], "texture": "#2"},
				"south": {"uv": [0, 0, 16, 1], "rotation": 180, "texture": "#1"},
				"west": {"uv": [0, 0, 1, 1], "texture": "#2"},
				"up": {"uv": [0, 0, 16, 1], "rotation": 180, "texture": "#1"},
				"down": {"uv": [0, 0, 16, 1], "rotation": 180, "texture": "#1"}
			}
		},
		{
			"name": "bottomS",
			"from": [0, 0, 15],
			"to": [16, 1, 16],
			"faces": {
				"north": {"uv": [0, 15, 16, 16], "texture": "#1"},
				"east": {"uv": [0, 0, 1, 1], "texture": "#2"},
				"south": {"uv": [0, 15, 16, 16], "rotation": 180, "texture": "#1"},
				"west": {"uv": [15, 0, 16, 1], "texture": "#2"},
				"up": {"uv": [0, 15, 16, 16], "rotation": 180, "texture": "#1"},
				"down": {"uv": [0, 15, 16, 16], "rotation": 180, "texture": "#1"}
			}
		},
		{
			"name": "bottomE",
			"from": [15, 0, 1],
			"to": [16, 1, 15],
			"faces": {
				"east": {"uv": [15, 1, 16, 15], "rotation": 90, "texture": "#1"},
				"west": {"uv": [15, 1, 16, 15], "rotation": 270, "texture": "#1"},
				"up": {"uv": [15, 1, 16, 15], "texture": "#1"},
				"down": {"uv": [15, 1, 16, 15], "rotation": 180, "texture": "#1"}
			}
		},
		{
			"name": "bottomW",
			"from": [0, 0, 1],
			"to": [1, 1, 15],
			"faces": {
				"east": {"uv": [0, 1, 1, 15], "rotation": 90, "texture": "#1"},
				"west": {"uv": [0, 1, 1, 15], "rotation": 270, "texture": "#1"},
				"up": {"uv": [0, 1, 1, 15], "texture": "#1"},
				"down": {"uv": [0, 1, 1, 15], "rotation": 180, "texture": "#1"}
			}
		},
		{
			"name": "topN",
			"from": [0, 15, 0],
			"to": [16, 16, 1],
			"faces": {
				"north": {"uv": [0, 0, 16, 1], "texture": "#1"},
				"east": {"uv": [15, 0, 16, 1], "texture": "#2"},
				"south": {"uv": [0, 0, 16, 1], "rotation": 180, "texture": "#1"},
				"west": {"uv": [0, 0, 1, 1], "texture": "#2"},
				"up": {"uv": [0, 0, 16, 1], "rotation": 180, "texture": "#1"},
				"down": {"uv": [0, 0, 16, 1], "rotation": 180, "texture": "#1"}
			}
		},
		{
			"name": "topS",
			"from": [0, 15, 15],
			"to": [16, 16, 16],
			"faces": {
				"north": {"uv": [0, 15, 16, 16], "texture": "#1"},
				"east": {"uv": [0, 0, 1, 1], "texture": "#2"},
				"south": {"uv": [0, 15, 16, 16], "rotation": 180, "texture": "#1"},
				"west": {"uv": [15, 0, 16, 1], "texture": "#2"},
				"up": {"uv": [0, 15, 16, 16], "rotation": 180, "texture": "#1"},
				"down": {"uv": [0, 15, 16, 16], "rotation": 180, "texture": "#1"}
			}
		},
		{
			"name": "topE",
			"from": [15, 15, 1],
			"to": [16, 16, 15],
			"faces": {
				"east": {"uv": [15, 1, 16, 15], "rotation": 90, "texture": "#1"},
				"west": {"uv": [15, 1, 16, 15], "rotation": 270, "texture": "#1"},
				"up": {"uv": [15, 1, 16, 15], "texture": "#1"},
				"down": {"uv": [15, 1, 16, 15], "rotation": 180, "texture": "#1"}
			}
		},
		{
			"name": "topW",
			"from": [0, 15, 1],
			"to": [1, 16, 15],
			"faces": {
				"east": {"uv": [0, 1, 1, 15], "rotation": 90, "texture": "#1"},
				"west": {"uv": [0, 1, 1, 15], "rotation": 270, "texture": "#1"},
				"up": {"uv": [0, 1, 1, 15], "texture": "#1"},
				"down": {"uv": [0, 1, 1, 15], "rotation": 180, "texture": "#1"}
			}
		},
		{
			"name": "sideNE",
			"from": [15, 1, 0],
			"to": [16, 15, 1],
			"faces": {
				"north": {"uv": [0, 1, 1, 15], "texture": "#2"},
				"east": {"uv": [0, 1, 1, 15], "texture": "#2"},
				"south": {"uv": [0, 1, 1, 15], "texture": "#2"},
				"west": {"uv": [0, 1, 1, 15], "texture": "#2"}
			}
		},
		{
			"name": "sideNW",
			"from": [0, 1, 0],
			"to": [1, 15, 1],
			"faces": {
				"north": {"uv": [15, 1, 16, 15], "texture": "#2"},
				"east": {"uv": [15, 1, 16, 15], "texture": "#2"},
				"south": {"uv": [15, 1, 16, 15], "texture": "#2"},
				"west": {"uv": [15, 1, 16, 15], "texture": "#2"}
			}
		},
		{
			"name": "sideSE",
			"from": [15, 1, 15],
			"to": [16, 15, 16],
			"faces": {
				"north": {"uv": [15, 1, 16, 15], "texture": "#2"},
				"east": {"uv": [15, 1, 16, 15], "texture": "#2"},
				"south": {"uv": [15, 1, 16, 15], "texture": "#2"},
				"west": {"uv": [15, 1, 16, 15], "texture": "#2"}
			}
		},
		{
			"name": "sideSW",
			"from": [0, 1, 15],
			"to": [1, 15, 16],
			"faces": {
				"north": {"uv": [0, 1, 1, 15], "texture": "#2"},
				"east": {"uv": [0, 1, 1, 15], "texture": "#2"},
				"south": {"uv": [0, 1, 1, 15], "texture": "#2"},
				"west": {"uv": [0, 1, 1, 15], "texture": "#2"}
			}
		},
		{
			"from": [1, 1, 1],
			"to": [3, 15, 1],
			"faces": {
				"north": {"uv": [13, 1, 15, 15], "texture": "#4"}
			}
		},
		{
			"from": [13, 1, 1],
			"to": [15, 15, 1],
			"faces": {
				"north": {"uv": [1, 1, 3, 15], "texture": "#4"}
			}
		},
		{
			"from": [3, 4, 1],
			"to": [6, 9, 1],
			"faces": {
				"north": {"uv": [10, 7, 13, 12], "texture": "#4"}
			}
		},
		{
			"from": [10, 4, 1],
			"to": [13, 9, 1],
			"faces": {
				"north": {"uv": [3, 7, 6, 12], "texture": "#4"}
			}
		},
		{
			"from": [6, 6, 1],
			"to": [10, 9, 1],
			"faces": {
				"north": {"uv": [6, 7, 10, 10], "texture": "#4"}
			}
		},
		{
			"from": [3, 12, 1],
			"to": [13, 15, 1],
			"faces": {
				"north": {"uv": [3, 1, 13, 4], "texture": "#4"}
			}
		},
		{
			"name": "base",
			"from": [0.25, 0.25, 0.25],
			"to": [15.75, 15.75, 15.75],
			"faces": {
				"east": {"uv": [0.25, 0.25, 15.75, 15.75], "texture": "#2"},
				"south": {"uv": [0.25, 0.25, 15.75, 15.75], "texture": "#2"},
				"west": {"uv": [0.25, 0.25, 15.75, 15.75], "texture": "#2"},
				"up": {"uv": [0.25, 0.25, 15.75, 15.75], "texture": "#1"},
				"down": {"uv": [0.25, 0.25, 15.75, 15.75], "texture": "#1"}
			}
		},
		{
			"name": "floor",
			"from": [1, 1, 1],
			"to": [15, 1, 15],
			"faces": {
				"up": {"uv": [1, 1, 15, 15], "texture": "#3"}
			}
		},
		{
			"name": "midpoint",
			"from": [1, 9, 1],
			"to": [15, 9, 15],
			"faces": {
				"up": {"uv": [1, 1, 15, 15], "texture": "#3"}
			}
		},
		{
			"name": "back",
			"from": [1, 1, 13],
			"to": [15, 15, 13],
			"faces": {
				"north": {"uv": [1, 1, 15, 15], "texture": "#3"},
				"east": {"uv": [0, 0, 0, 14], "texture": "#missing"}
			}
		},
		{
			"from": [2, 1, 0.5],
			"to": [3, 3, 13],
			"faces": {
				"north": {"uv": [13, 13, 14, 15], "texture": "#4"},
				"east": {"uv": [13, 13, 14, 15], "texture": "#4"},
				"west": {"uv": [13, 13, 14, 15], "texture": "#4"},
				"up": {"uv": [13, 13, 14, 14], "texture": "#4"}
			}
		},
		{
			"from": [13, 1, 0.5],
			"to": [14, 3, 13],
			"faces": {
				"north": {"uv": [2, 13, 3, 15], "texture": "#4"},
				"east": {"uv": [2, 13, 3, 15], "texture": "#4"},
				"west": {"uv": [2, 13, 3, 15], "texture": "#4"},
				"up": {"uv": [2, 13, 3, 14], "texture": "#4"}
			}
		},
		{
			"from": [3, 3, 0.5],
			"to": [4, 4, 13],
			"faces": {
				"north": {"uv": [12, 12, 13, 13], "texture": "#4"},
				"east": {"uv": [12, 12, 13, 13], "texture": "#4"},
				"west": {"uv": [12, 12, 13, 13], "texture": "#4"},
				"up": {"uv": [12, 12, 13, 13], "texture": "#4"},
				"down": {"uv": [12, 12, 13, 13], "texture": "#4"}
			}
		},
		{
			"from": [12, 3, 0.5],
			"to": [13, 4, 13],
			"faces": {
				"north": {"uv": [3, 12, 4, 13], "texture": "#4"},
				"east": {"uv": [3, 12, 4, 13], "texture": "#4"},
				"west": {"uv": [3, 12, 4, 13], "texture": "#4"},
				"up": {"uv": [3, 12, 4, 13], "texture": "#4"},
				"down": {"uv": [3, 12, 4, 13], "texture": "#4"}
			}
		},
		{
			"from": [4, 4, 0.5],
			"to": [6, 5, 13],
			"faces": {
				"north": {"uv": [10, 11, 12, 12], "texture": "#4"},
				"east": {"uv": [10, 11, 11, 12], "texture": "#4"},
				"west": {"uv": [11, 11, 12, 12], "texture": "#4"},
				"up": {"uv": [10, 11, 12, 12], "rotation": 180, "texture": "#4"},
				"down": {"uv": [10, 11, 12, 12], "rotation": 180, "texture": "#4"}
			}
		},
		{
			"from": [10, 4, 0.5],
			"to": [12, 5, 13],
			"faces": {
				"north": {"uv": [4, 11, 6, 12], "texture": "#4"},
				"east": {"uv": [4, 11, 5, 12], "texture": "#4"},
				"west": {"uv": [5, 11, 6, 12], "texture": "#4"},
				"up": {"uv": [4, 11, 6, 12], "rotation": 180, "texture": "#4"},
				"down": {"uv": [4, 11, 6, 12], "rotation": 180, "texture": "#4"}
			}
		},
		{
			"from": [6, 5, 0.5],
			"to": [10, 6, 13],
			"faces": {
				"north": {"uv": [6, 10, 10, 11], "texture": "#4"},
				"east": {"uv": [6, 10, 7, 11], "texture": "#4"},
				"west": {"uv": [9, 10, 10, 11], "texture": "#4"},
				"up": {"uv": [6, 10, 10, 11], "rotation": 180, "texture": "#4"},
				"down": {"uv": [6, 10, 10, 11], "rotation": 180, "texture": "#4"}
			}
		},
		{
			"from": [3, 1, 1.5],
			"to": [13, 5, 1.5],
			"faces": {
				"north": {"uv": [3, 12, 13, 16], "texture": "#5"}
			}
		},
		{
			"from": [2, 9, 0.5],
			"to": [3, 11, 13.5],
			"faces": {
				"north": {"uv": [13, 5, 14, 7], "texture": "#4"},
				"east": {"uv": [13, 5, 14, 7], "texture": "#4"},
				"west": {"uv": [13, 5, 14, 7], "texture": "#4"},
				"up": {"uv": [13, 5, 14, 6], "texture": "#4"}
			}
		},
		{
			"from": [13, 9, 0.5],
			"to": [14, 11, 13.5],
			"faces": {
				"north": {"uv": [2, 5, 3, 7], "texture": "#4"},
				"east": {"uv": [2, 5, 3, 7], "texture": "#4"},
				"west": {"uv": [2, 5, 3, 7], "texture": "#4"},
				"up": {"uv": [2, 5, 3, 6], "texture": "#4"}
			}
		},
		{
			"from": [3, 11, 0.5],
			"to": [4, 12, 13.5],
			"faces": {
				"north": {"uv": [12, 4, 13, 5], "texture": "#4"},
				"east": {"uv": [12, 4, 13, 5], "texture": "#4"},
				"west": {"uv": [12, 4, 13, 5], "texture": "#4"},
				"up": {"uv": [12, 4, 13, 5], "texture": "#4"},
				"down": {"uv": [12, 4, 13, 5], "texture": "#4"}
			}
		},
		{
			"from": [12, 11, 0.5],
			"to": [13, 12, 13.5],
			"faces": {
				"north": {"uv": [3, 4, 4, 5], "texture": "#4"},
				"east": {"uv": [3, 4, 4, 5], "texture": "#4"},
				"west": {"uv": [3, 4, 4, 5], "texture": "#4"},
				"up": {"uv": [3, 4, 4, 5], "texture": "#4"},
				"down": {"uv": [3, 4, 4, 5], "texture": "#4"}
			}
		},
		{
			"from": [4, 12, 0.5],
			"to": [12, 13, 13.5],
			"faces": {
				"north": {"uv": [4, 3, 12, 4], "texture": "#4"},
				"east": {"uv": [4, 3, 5, 4], "texture": "#4"},
				"west": {"uv": [11, 3, 12, 4], "texture": "#4"},
				"up": {"uv": [4, 3, 12, 4], "rotation": 180, "texture": "#4"},
				"down": {"uv": [4, 3, 12, 4], "rotation": 180, "texture": "#4"}
			}
		},
		{
			"from": [2, 8, 0.5],
			"to": [14, 9, 1],
			"faces": {
				"north": {"uv": [2, 7, 14, 8], "texture": "#4"},
				"east": {"uv": [2, 7, 2.5, 8], "texture": "#4"},
				"west": {"uv": [13, 7, 13.5, 8], "texture": "#4"},
				"up": {"uv": [2, 7, 14, 7.5], "rotation": 180, "texture": "#4"},
				"down": {"uv": [2, 7, 14, 7.5], "rotation": 180, "texture": "#4"}
			}
		}
	],
	"display": {
		"thirdperson_righthand": {
			"rotation": [75, 45, 0],
			"translation": [0, 2.5, 0],
			"scale": [0.375, 0.375, 0.375]
		},
		"thirdperson_lefthand": {
			"rotation": [75, 45, 0],
			"translation": [0, 2.5, 0],
			"scale": [0.375, 0.375, 0.375]
		},
		"firstperson_righthand": {
			"rotation": [0, 45, 0],
			"scale": [0.4, 0.4, 0.4]
		},
		"firstperson_lefthand": {
			"rotation": [0, 225, 0],
			"scale": [0.4, 0.4, 0.4]
		},
		"ground": {
			"translation": [0, 3, 0],
			"scale": [0.25, 0.25, 0.25]
		},
		"gui": {
			"rotation": [30, 225, 0],
			"scale": [0.625, 0.625, 0.625]
		},
		"fixed": {
			"scale": [0.5, 0.5, 0.5]
		}
	},
	"groups": [
		{
			"name": "frames",
			"origin": [0, 0, 0],
			"color": 0,
			"children": [0, 1, 2, 3, 4, 5, 6, 7, 8, 9, 10, 11]
		},
		{
			"name": "shell",
			"origin": [8, 8, 8],
			"color": 0,
			"children": [
				{
					"name": "front",
					"origin": [8, 8, 8],
					"color": 0,
					"children": [12, 13, 14, 15, 16, 17]
				},
				18,
				19,
				20,
				21
			]
		},
		{
			"name": "lowercomp",
			"origin": [8, 8, 8],
			"color": 0,
			"children": [
				{
					"name": "outline",
					"origin": [8, 8, 8],
					"color": 0,
					"children": [22, 23, 24, 25, 26, 27, 28]
				},
				29
			]
		},
		{
			"name": "uppercomp",
			"origin": [0, 0, 0],
			"color": 0,
			"children": [
				{
					"name": "outline",
					"origin": [0, 0, 0],
					"color": 0,
					"children": [30, 31, 32, 33, 34, 35]
				}
			]
		}
	]
}