{
	"credit": "Made by SkylaDev :3 https://skyla.dev/",
	"textures": {
		"0": "block/iron_ore",
		"particle": "block/iron_ore"
	},
	"elements": [
		{
			"name": "base",
			"from": [0, 0, 0],
			"to": [16, 16, 16],
			"faces": {
				"north": {"uv": [0, 0, 16, 16], "texture": "#0"},
				"east": {"uv": [0, 0, 16, 16], "texture": "#0"},
				"south": {"uv": [0, 0, 16, 16], "texture": "#0"},
				"west": {"uv": [0, 0, 16, 16], "texture": "#0"},
				"up": {"uv": [0, 0, 16, 16], "texture": "#0"},
				"down": {"uv": [0, 0, 16, 16], "texture": "#0"}
			}
		},
		{
			"from": [1.005, 10.005, -0.4],
			"to": [2.995, 10.995, 0],
			"rotation": {"angle": 0, "axis": "y", "origin": [8, 8, 8]},
			"faces": {
				"north": {"uv": [13.005, 5.005, 14.995, 5.995], "texture": "#0"},
				"east": {"uv": [13, 5.005, 13.4, 5.995], "texture": "#0"},
				"west": {"uv": [14.6, 5.005, 15, 5.995], "texture": "#0"},
				"up": {"uv": [14.995, 5, 13.005, 5.4], "texture": "#0"},
				"down": {"uv": [14.995, 5.6, 13.005, 6], "texture": "#0"}
			}
		},
		{
			"from": [10.005, 3.005, -0.4],
			"to": [11.995, 3.995, 0],
			"rotation": {"angle": 0, "axis": "y", "origin": [8, 8, 8]},
			"faces": {
				"north": {"uv": [4.005, 12.005, 5.995, 12.995], "texture": "#0"},
				"east": {"uv": [4, 12.005, 4.4, 12.995], "texture": "#0"},
				"west": {"uv": [5.6, 12.005, 6, 12.995], "texture": "#0"},
				"up": {"uv": [5.995, 12, 4.005, 12.4], "texture": "#0"},
				"down": {"uv": [5.995, 12.6, 4.005, 13], "texture": "#0"}
			}
		},
		{
			"from": [3.005, 7.005, -0.4],
			"to": [6.995, 7.995, 0],
			"rotation": {"angle": 0, "axis": "y", "origin": [8, 8, 8]},
			"faces": {
				"north": {"uv": [9.005, 8.005, 12.995, 8.995], "texture": "#0"},
				"east": {"uv": [9, 8.005, 9.4, 8.995], "texture": "#0"},
				"west": {"uv": [12.6, 8.005, 13, 8.995], "texture": "#0"},
				"up": {"uv": [12.995, 8, 9.005, 8.4], "texture": "#0"},
				"down": {"uv": [12.995, 8.6, 9.005, 9], "texture": "#0"}
			}
		},
		{
			"from": [4.005, 6.005, -0.4],
			"to": [5.995, 7.005, 0],
			"rotation": {"angle": 0, "axis": "y", "origin": [8, 8, 8]},
			"faces": {
				"north": {"uv": [10.005, 8.995, 11.995, 9.995], "texture": "#0"},
				"east": {"uv": [10, 8.995, 10.4, 9.995], "texture": "#0"},
				"west": {"uv": [11.6, 8.995, 12, 9.995], "texture": "#0"},
				"down": {"uv": [11.995, 9.6, 10.005, 10], "texture": "#0"}
			}
		},
		{
			"from": [2.005, 14.005, -0.4],
			"to": [5.995, 14.995, 0],
			"rotation": {"angle": 0, "axis": "y", "origin": [8, 8, 8]},
			"faces": {
				"north": {"uv": [10.005, 1.005, 13.995, 1.995], "texture": "#0"},
				"east": {"uv": [10, 1.005, 10.4, 1.995], "texture": "#0"},
				"west": {"uv": [13.6, 1.005, 14, 1.995], "texture": "#0"},
				"up": {"uv": [13.995, 1, 10.005, 1.4], "texture": "#0"},
				"down": {"uv": [13.995, 1.6, 10.005, 2], "texture": "#0"}
			}
		},
		{
			"from": [3.005, 13.005, -0.4],
			"to": [4.995, 14.005, 0],
			"rotation": {"angle": 0, "axis": "y", "origin": [8, 8, 8]},
			"faces": {
				"north": {"uv": [11.005, 1.995, 12.995, 2.995], "texture": "#0"},
				"east": {"uv": [11, 1.995, 11.4, 2.995], "texture": "#0"},
				"west": {"uv": [12.6, 1.995, 13, 2.995], "texture": "#0"},
				"down": {"uv": [12.995, 2.6, 11.005, 3], "texture": "#0"}
			}
		},
		{
			"from": [1.005, 3.005, -0.4],
			"to": [7.995, 3.995, 0],
			"rotation": {"angle": 0, "axis": "y", "origin": [8, 8, 8]},
			"faces": {
				"north": {"uv": [8.005, 12.005, 14.995, 12.995], "texture": "#0"},
				"east": {"uv": [8, 12.005, 8.4, 12.995], "texture": "#0"},
				"west": {"uv": [14.6, 12.005, 15, 12.995], "texture": "#0"},
				"up": {"uv": [14.995, 12, 8.005, 12.4], "texture": "#0"},
				"down": {"uv": [14.995, 12.6, 8.005, 13], "texture": "#0"}
			}
		},
		{
			"from": [3.005, 2.005, -0.4],
			"to": [6.995, 3.005, 0],
			"rotation": {"angle": 0, "axis": "y", "origin": [8, 8, 8]},
			"faces": {
				"north": {"uv": [9.005, 12.995, 12.995, 13.995], "texture": "#0"},
				"east": {"uv": [9, 12.995, 9.4, 13.995], "texture": "#0"},
				"west": {"uv": [12.6, 12.995, 13, 13.995], "texture": "#0"},
				"down": {"uv": [12.995, 13.6, 9.005, 14], "texture": "#0"}
			}
		},
		{
			"from": [3.005, 3.995, -0.4],
			"to": [4.995, 4.995, 0],
			"rotation": {"angle": 0, "axis": "y", "origin": [8, 8, 8]},
			"faces": {
				"north": {"uv": [11.005, 11.005, 12.995, 12.005], "texture": "#0"},
				"east": {"uv": [11, 11.005, 11.4, 12.005], "texture": "#0"},
				"west": {"uv": [12.6, 11.005, 13, 12.005], "texture": "#0"},
				"up": {"uv": [12.995, 11, 11.005, 11.4], "texture": "#0"}
			}
		},
		{
			"from": [9.005, 6.005, -0.4],
			"to": [13.995, 6.995, 0],
			"rotation": {"angle": 0, "axis": "y", "origin": [8, 8, 8]},
			"faces": {
				"north": {"uv": [2.005, 9.005, 6.995, 9.995], "texture": "#0"},
				"east": {"uv": [2, 9.005, 2.4, 9.995], "texture": "#0"},
				"west": {"uv": [6.6, 9.005, 7, 9.995], "texture": "#0"},
				"up": {"uv": [6.995, 9, 2.005, 9.4], "texture": "#0"},
				"down": {"uv": [6.995, 9.6, 2.005, 10], "texture": "#0"}
			}
		},
		{
			"from": [10.005, 5.005, -0.4],
			"to": [11.995, 6.005, 0],
			"rotation": {"angle": 0, "axis": "y", "origin": [8, 8, 8]},
			"faces": {
				"north": {"uv": [4.005, 9.995, 5.995, 10.995], "texture": "#0"},
				"east": {"uv": [4, 9.995, 4.4, 10.995], "texture": "#0"},
				"west": {"uv": [5.6, 9.995, 6, 10.995], "texture": "#0"},
				"down": {"uv": [5.995, 10.6, 4.005, 11], "texture": "#0"}
			}
		},
		{
			"from": [11.005, 6.995, -0.4],
			"to": [12.995, 7.995, 0],
			"rotation": {"angle": 0, "axis": "y", "origin": [8, 8, 8]},
			"faces": {
				"north": {"uv": [3.005, 8.005, 4.995, 9.005], "texture": "#0"},
				"east": {"uv": [3, 8.005, 3.4, 9.005], "texture": "#0"},
				"west": {"uv": [4.6, 8.005, 5, 9.005], "texture": "#0"},
				"up": {"uv": [4.995, 8, 3.005, 8.4], "texture": "#0"}
			}
		},
		{
			"from": [5.005, 10.005, -0.4],
			"to": [8.995, 11.995, 0],
			"rotation": {"angle": 0, "axis": "y", "origin": [8, 8, 8]},
			"faces": {
				"north": {"uv": [7.005, 4.005, 10.995, 5.995], "texture": "#0"},
				"east": {"uv": [7, 4.005, 7.4, 5.995], "texture": "#0"},
				"west": {"uv": [10.6, 4.005, 11, 5.995], "texture": "#0"},
				"up": {"uv": [10.995, 4, 7.005, 4.4], "texture": "#0"},
				"down": {"uv": [10.995, 5.6, 7.005, 6], "texture": "#0"}
			}
		},
		{
			"from": [7.005, 9.005, -0.4],
			"to": [9.995, 10.995, 0],
			"rotation": {"angle": 0, "axis": "y", "origin": [8, 8, 8]},
			"faces": {
				"north": {"uv": [6.005, 5.005, 8.995, 6.995], "texture": "#0"},
				"east": {"uv": [6, 5.005, 6.4, 6.995], "texture": "#0"},
				"west": {"uv": [8.6, 5.005, 9, 6.995], "texture": "#0"},
				"up": {"uv": [8.995, 5, 6.005, 5.4], "texture": "#0"},
				"down": {"uv": [8.995, 6.6, 6.005, 7], "texture": "#0"}
			}
		},
		{
			"from": [4.005, 11.005, -0.4],
			"to": [5.005, 11.995, 0],
			"rotation": {"angle": 0, "axis": "y", "origin": [8, 8, 8]},
			"faces": {
				"north": {"uv": [10.995, 4.005, 11.995, 4.995], "texture": "#0"},
				"west": {"uv": [11.6, 4.005, 12, 4.995], "texture": "#0"},
				"up": {"uv": [11.995, 4, 10.995, 4.4], "texture": "#0"},
				"down": {"uv": [11.995, 4.6, 10.995, 5], "texture": "#0"}
			}
		},
		{
			"from": [9.995, 10.005, -0.4],
			"to": [11.995, 10.995, 0],
			"rotation": {"angle": 0, "axis": "y", "origin": [8, 8, 8]},
			"faces": {
				"north": {"uv": [4.005, 5.005, 6.005, 5.995], "texture": "#0"},
				"east": {"uv": [4, 5.005, 4.4, 5.995], "texture": "#0"},
				"up": {"uv": [6.005, 5, 4.005, 5.4], "texture": "#0"},
				"down": {"uv": [6.005, 5.6, 4.005, 6], "texture": "#0"}
			}
		},
		{
			"from": [12.005, 12.005, -0.4],
			"to": [13.995, 13.995, 0],
			"rotation": {"angle": 0, "axis": "y", "origin": [8, 8, 8]},
			"faces": {
				"north": {"uv": [2.005, 2.005, 3.995, 3.995], "texture": "#0"},
				"east": {"uv": [2, 2.005, 2.4, 3.995], "texture": "#0"},
				"west": {"uv": [3.6, 2.005, 4, 3.995], "texture": "#0"},
				"up": {"uv": [3.995, 2, 2.005, 2.4], "texture": "#0"},
				"down": {"uv": [3.995, 3.6, 2.005, 4], "texture": "#0"}
			}
		},
		{
			"from": [11.005, 13.005, -0.4],
			"to": [12.005, 13.995, 0],
			"rotation": {"angle": 0, "axis": "y", "origin": [8, 8, 8]},
			"faces": {
				"north": {"uv": [3.995, 2.005, 4.995, 2.995], "texture": "#0"},
				"west": {"uv": [4.6, 2.005, 5, 2.995], "texture": "#0"},
				"up": {"uv": [4.995, 2, 3.995, 2.4], "texture": "#0"},
				"down": {"uv": [4.995, 2.6, 3.995, 3], "texture": "#0"}
			}
		},
		{
			"from": [13.995, 12.005, -0.4],
			"to": [14.995, 12.995, 0],
			"rotation": {"angle": 0, "axis": "y", "origin": [8, 8, 8]},
			"faces": {
				"north": {"uv": [1.005, 3.005, 2.005, 3.995], "texture": "#0"},
				"east": {"uv": [1, 3.005, 1.4, 3.995], "texture": "#0"},
				"up": {"uv": [2.005, 3, 1.005, 3.4], "texture": "#0"},
				"down": {"uv": [2.005, 3.6, 1.005, 4], "texture": "#0"}
			}
		},
		{
			"from": [13.005, 1.005, -0.4],
			"to": [13.995, 2.995, 0],
			"rotation": {"angle": 0, "axis": "y", "origin": [8, 8, 8]},
			"faces": {
				"north": {"uv": [2.005, 13.005, 2.995, 14.995], "texture": "#0"},
				"east": {"uv": [2, 13.005, 2.4, 14.995], "texture": "#0"},
				"west": {"uv": [2.6, 13.005, 3, 14.995], "texture": "#0"},
				"up": {"uv": [2.995, 13, 2.005, 13.4], "texture": "#0"},
				"down": {"uv": [2.995, 14.6, 2.005, 15], "texture": "#0"}
			}
		},
		{
			"from": [12.005, 1.005, -0.4],
			"to": [13.005, 1.995, 0],
			"rotation": {"angle": 0, "axis": "y", "origin": [8, 8, 8]},
			"faces": {
				"north": {"uv": [2.995, 14.005, 3.995, 14.995], "texture": "#0"},
				"west": {"uv": [3.6, 14.005, 4, 14.995], "texture": "#0"},
				"up": {"uv": [3.995, 14, 2.995, 14.4], "texture": "#0"},
				"down": {"uv": [3.995, 14.6, 2.995, 15], "texture": "#0"}
			}
		},
		{
			"from": [13.995, 2.005, -0.4],
			"to": [14.995, 2.995, 0],
			"rotation": {"angle": 0, "axis": "y", "origin": [8, 8, 8]},
			"faces": {
				"north": {"uv": [1.005, 13.005, 2.005, 13.995], "texture": "#0"},
				"east": {"uv": [1, 13.005, 1.4, 13.995], "texture": "#0"},
				"up": {"uv": [2.005, 13, 1.005, 13.4], "texture": "#0"},
				"down": {"uv": [2.005, 13.6, 1.005, 14], "texture": "#0"}
			}
		},
		{
			"from": [16, 10.005, 1.005],
			"to": [16.4, 10.995, 2.995],
			"rotation": {"angle": 0, "axis": "y", "origin": [8, 8, 8]},
			"faces": {
				"north": {"uv": [14.6, 5.005, 15, 5.995], "texture": "#0"},
				"east": {"uv": [13.005, 5.005, 14.995, 5.995], "texture": "#0"},
				"south": {"uv": [13, 5.005, 13.4, 5.995], "texture": "#0"},
				"up": {"uv": [14.995, 5, 13.005, 5.4], "rotation": 90, "texture": "#0"},
				"down": {"uv": [14.995, 5.6, 13.005, 6], "rotation": 270, "texture": "#0"}
			}
		},
		{
			"from": [16, 3.005, 10.005],
			"to": [16.4, 3.995, 11.995],
			"rotation": {"angle": 0, "axis": "y", "origin": [8, 8, 8]},
			"faces": {
				"north": {"uv": [5.6, 12.005, 6, 12.995], "texture": "#0"},
				"east": {"uv": [4.005, 12.005, 5.995, 12.995], "texture": "#0"},
				"south": {"uv": [4, 12.005, 4.4, 12.995], "texture": "#0"},
				"up": {"uv": [5.995, 12, 4.005, 12.4], "rotation": 90, "texture": "#0"},
				"down": {"uv": [5.995, 12.6, 4.005, 13], "rotation": 270, "texture": "#0"}
			}
		},
		{
			"from": [16, 7.005, 3.005],
			"to": [16.4, 7.995, 6.995],
			"rotation": {"angle": 0, "axis": "y", "origin": [8, 8, 8]},
			"faces": {
				"north": {"uv": [12.6, 8.005, 13, 8.995], "texture": "#0"},
				"east": {"uv": [9.005, 8.005, 12.995, 8.995], "texture": "#0"},
				"south": {"uv": [9, 8.005, 9.4, 8.995], "texture": "#0"},
				"up": {"uv": [12.995, 8, 9.005, 8.4], "rotation": 90, "texture": "#0"},
				"down": {"uv": [12.995, 8.6, 9.005, 9], "rotation": 270, "texture": "#0"}
			}
		},
		{
			"from": [16, 6.005, 4.005],
			"to": [16.4, 7.005, 5.995],
			"rotation": {"angle": 0, "axis": "y", "origin": [8, 8, 8]},
			"faces": {
				"north": {"uv": [11.6, 8.995, 12, 9.995], "texture": "#0"},
				"east": {"uv": [10.005, 8.995, 11.995, 9.995], "texture": "#0"},
				"south": {"uv": [10, 8.995, 10.4, 9.995], "texture": "#0"},
				"down": {"uv": [11.995, 9.6, 10.005, 10], "rotation": 270, "texture": "#0"}
			}
		},
		{
			"from": [16, 14.005, 2.005],
			"to": [16.4, 14.995, 5.995],
			"rotation": {"angle": 0, "axis": "y", "origin": [8, 8, 8]},
			"faces": {
				"north": {"uv": [13.6, 1.005, 14, 1.995], "texture": "#0"},
				"east": {"uv": [10.005, 1.005, 13.995, 1.995], "texture": "#0"},
				"south": {"uv": [10, 1.005, 10.4, 1.995], "texture": "#0"},
				"up": {"uv": [13.995, 1, 10.005, 1.4], "rotation": 90, "texture": "#0"},
				"down": {"uv": [13.995, 1.6, 10.005, 2], "rotation": 270, "texture": "#0"}
			}
		},
		{
			"from": [16, 13.005, 3.005],
			"to": [16.4, 14.005, 4.995],
			"rotation": {"angle": 0, "axis": "y", "origin": [8, 8, 8]},
			"faces": {
				"north": {"uv": [12.6, 1.995, 13, 2.995], "texture": "#0"},
				"east": {"uv": [11.005, 1.995, 12.995, 2.995], "texture": "#0"},
				"south": {"uv": [11, 1.995, 11.4, 2.995], "texture": "#0"},
				"down": {"uv": [12.995, 2.6, 11.005, 3], "rotation": 270, "texture": "#0"}
			}
		},
		{
			"from": [16, 3.005, 1.005],
			"to": [16.4, 3.995, 7.995],
			"rotation": {"angle": 0, "axis": "y", "origin": [8, 8, 8]},
			"faces": {
				"north": {"uv": [14.6, 12.005, 15, 12.995], "texture": "#0"},
				"east": {"uv": [8.005, 12.005, 14.995, 12.995], "texture": "#0"},
				"south": {"uv": [8, 12.005, 8.4, 12.995], "texture": "#0"},
				"up": {"uv": [14.995, 12, 8.005, 12.4], "rotation": 90, "texture": "#0"},
				"down": {"uv": [14.995, 12.6, 8.005, 13], "rotation": 270, "texture": "#0"}
			}
		},
		{
			"from": [16, 2.005, 3.005],
			"to": [16.4, 3.005, 6.995],
			"rotation": {"angle": 0, "axis": "y", "origin": [8, 8, 8]},
			"faces": {
				"north": {"uv": [12.6, 12.995, 13, 13.995], "texture": "#0"},
				"east": {"uv": [9.005, 12.995, 12.995, 13.995], "texture": "#0"},
				"south": {"uv": [9, 12.995, 9.4, 13.995], "texture": "#0"},
				"down": {"uv": [12.995, 13.6, 9.005, 14], "rotation": 270, "texture": "#0"}
			}
		},
		{
			"from": [16, 3.995, 3.005],
			"to": [16.4, 4.995, 4.995],
			"rotation": {"angle": 0, "axis": "y", "origin": [8, 8, 8]},
			"faces": {
				"north": {"uv": [12.6, 11.005, 13, 12.005], "texture": "#0"},
				"east": {"uv": [11.005, 11.005, 12.995, 12.005], "texture": "#0"},
				"south": {"uv": [11, 11.005, 11.4, 12.005], "texture": "#0"},
				"up": {"uv": [12.995, 11, 11.005, 11.4], "rotation": 90, "texture": "#0"}
			}
		},
		{
			"from": [16, 6.005, 9.005],
			"to": [16.4, 6.995, 13.995],
			"rotation": {"angle": 0, "axis": "y", "origin": [8, 8, 8]},
			"faces": {
				"north": {"uv": [6.6, 9.005, 7, 9.995], "texture": "#0"},
				"east": {"uv": [2.005, 9.005, 6.995, 9.995], "texture": "#0"},
				"south": {"uv": [2, 9.005, 2.4, 9.995], "texture": "#0"},
				"up": {"uv": [6.995, 9, 2.005, 9.4], "rotation": 90, "texture": "#0"},
				"down": {"uv": [6.995, 9.6, 2.005, 10], "rotation": 270, "texture": "#0"}
			}
		},
		{
			"from": [16, 5.005, 10.005],
			"to": [16.4, 6.005, 11.995],
			"rotation": {"angle": 0, "axis": "y", "origin": [8, 8, 8]},
			"faces": {
				"north": {"uv": [5.6, 9.995, 6, 10.995], "texture": "#0"},
				"east": {"uv": [4.005, 9.995, 5.995, 10.995], "texture": "#0"},
				"south": {"uv": [4, 9.995, 4.4, 10.995], "texture": "#0"},
				"down": {"uv": [5.995, 10.6, 4.005, 11], "rotation": 270, "texture": "#0"}
			}
		},
		{
			"from": [16, 6.995, 11.005],
			"to": [16.4, 7.995, 12.995],
			"rotation": {"angle": 0, "axis": "y", "origin": [8, 8, 8]},
			"faces": {
				"north": {"uv": [4.6, 8.005, 5, 9.005], "texture": "#0"},
				"east": {"uv": [3.005, 8.005, 4.995, 9.005], "texture": "#0"},
				"south": {"uv": [3, 8.005, 3.4, 9.005], "texture": "#0"},
				"up": {"uv": [4.995, 8, 3.005, 8.4], "rotation": 90, "texture": "#0"}
			}
		},
		{
			"from": [16, 10.005, 5.005],
			"to": [16.4, 11.995, 8.995],
			"rotation": {"angle": 0, "axis": "y", "origin": [8, 8, 8]},
			"faces": {
				"north": {"uv": [10.6, 4.005, 11, 5.995], "texture": "#0"},
				"east": {"uv": [7.005, 4.005, 10.995, 5.995], "texture": "#0"},
				"south": {"uv": [7, 4.005, 7.4, 5.995], "texture": "#0"},
				"up": {"uv": [10.995, 4, 7.005, 4.4], "rotation": 90, "texture": "#0"},
				"down": {"uv": [10.995, 5.6, 7.005, 6], "rotation": 270, "texture": "#0"}
			}
		},
		{
			"from": [16, 9.005, 7.005],
			"to": [16.4, 10.995, 9.995],
			"rotation": {"angle": 0, "axis": "y", "origin": [8, 8, 8]},
			"faces": {
				"north": {"uv": [8.6, 5.005, 9, 6.995], "texture": "#0"},
				"east": {"uv": [6.005, 5.005, 8.995, 6.995], "texture": "#0"},
				"south": {"uv": [6, 5.005, 6.4, 6.995], "texture": "#0"},
				"up": {"uv": [8.995, 5, 6.005, 5.4], "rotation": 90, "texture": "#0"},
				"down": {"uv": [8.995, 6.6, 6.005, 7], "rotation": 270, "texture": "#0"}
			}
		},
		{
			"from": [16, 11.005, 4.005],
			"to": [16.4, 11.995, 5.005],
			"rotation": {"angle": 0, "axis": "y", "origin": [8, 8, 8]},
			"faces": {
				"north": {"uv": [11.6, 4.005, 12, 4.995], "texture": "#0"},
				"east": {"uv": [10.995, 4.005, 11.995, 4.995], "texture": "#0"},
				"up": {"uv": [11.995, 4, 10.995, 4.4], "rotation": 90, "texture": "#0"},
				"down": {"uv": [11.995, 4.6, 10.995, 5], "rotation": 270, "texture": "#0"}
			}
		},
		{
			"from": [16, 10.005, 9.995],
			"to": [16.4, 10.995, 11.995],
			"rotation": {"angle": 0, "axis": "y", "origin": [8, 8, 8]},
			"faces": {
				"east": {"uv": [4.005, 5.005, 6.005, 5.995], "texture": "#0"},
				"south": {"uv": [4, 5.005, 4.4, 5.995], "texture": "#0"},
				"up": {"uv": [6.005, 5, 4.005, 5.4], "rotation": 90, "texture": "#0"},
				"down": {"uv": [6.005, 5.6, 4.005, 6], "rotation": 270, "texture": "#0"}
			}
		},
		{
			"from": [16, 12.005, 12.005],
			"to": [16.4, 13.995, 13.995],
			"rotation": {"angle": 0, "axis": "y", "origin": [8, 8, 8]},
			"faces": {
				"north": {"uv": [3.6, 2.005, 4, 3.995], "texture": "#0"},
				"east": {"uv": [2.005, 2.005, 3.995, 3.995], "texture": "#0"},
				"south": {"uv": [2, 2.005, 2.4, 3.995], "texture": "#0"},
				"up": {"uv": [3.995, 2, 2.005, 2.4], "rotation": 90, "texture": "#0"},
				"down": {"uv": [3.995, 3.6, 2.005, 4], "rotation": 270, "texture": "#0"}
			}
		},
		{
			"from": [16, 13.005, 11.005],
			"to": [16.4, 13.995, 12.005],
			"rotation": {"angle": 0, "axis": "y", "origin": [8, 8, 8]},
			"faces": {
				"north": {"uv": [4.6, 2.005, 5, 2.995], "texture": "#0"},
				"east": {"uv": [3.995, 2.005, 4.995, 2.995], "texture": "#0"},
				"up": {"uv": [4.995, 2, 3.995, 2.4], "rotation": 90, "texture": "#0"},
				"down": {"uv": [4.995, 2.6, 3.995, 3], "rotation": 270, "texture": "#0"}
			}
		},
		{
			"from": [16, 12.005, 13.995],
			"to": [16.4, 12.995, 14.995],
			"rotation": {"angle": 0, "axis": "y", "origin": [8, 8, 8]},
			"faces": {
				"east": {"uv": [1.005, 3.005, 2.005, 3.995], "texture": "#0"},
				"south": {"uv": [1, 3.005, 1.4, 3.995], "texture": "#0"},
				"up": {"uv": [2.005, 3, 1.005, 3.4], "rotation": 90, "texture": "#0"},
				"down": {"uv": [2.005, 3.6, 1.005, 4], "rotation": 270, "texture": "#0"}
			}
		},
		{
			"from": [16, 1.005, 13.005],
			"to": [16.4, 2.995, 13.995],
			"rotation": {"angle": 0, "axis": "y", "origin": [8, 8, 8]},
			"faces": {
				"north": {"uv": [2.6, 13.005, 3, 14.995], "texture": "#0"},
				"east": {"uv": [2.005, 13.005, 2.995, 14.995], "texture": "#0"},
				"south": {"uv": [2, 13.005, 2.4, 14.995], "texture": "#0"},
				"up": {"uv": [2.995, 13, 2.005, 13.4], "rotation": 90, "texture": "#0"},
				"down": {"uv": [2.995, 14.6, 2.005, 15], "rotation": 270, "texture": "#0"}
			}
		},
		{
			"from": [16, 1.005, 12.005],
			"to": [16.4, 1.995, 13.005],
			"rotation": {"angle": 0, "axis": "y", "origin": [8, 8, 8]},
			"faces": {
				"north": {"uv": [3.6, 14.005, 4, 14.995], "texture": "#0"},
				"east": {"uv": [2.995, 14.005, 3.995, 14.995], "texture": "#0"},
				"up": {"uv": [3.995, 14, 2.995, 14.4], "rotation": 90, "texture": "#0"},
				"down": {"uv": [3.995, 14.6, 2.995, 15], "rotation": 270, "texture": "#0"}
			}
		},
		{
			"from": [16, 2.005, 13.995],
			"to": [16.4, 2.995, 14.995],
			"rotation": {"angle": 0, "axis": "y", "origin": [8, 8, 8]},
			"faces": {
				"east": {"uv": [1.005, 13.005, 2.005, 13.995], "texture": "#0"},
				"south": {"uv": [1, 13.005, 1.4, 13.995], "texture": "#0"},
				"up": {"uv": [2.005, 13, 1.005, 13.4], "rotation": 90, "texture": "#0"},
				"down": {"uv": [2.005, 13.6, 1.005, 14], "rotation": 270, "texture": "#0"}
			}
		},
		{
			"from": [13.005, 10.005, 16],
			"to": [14.995, 10.995, 16.4],
			"rotation": {"angle": 0, "axis": "y", "origin": [8, 8, 8]},
			"faces": {
				"east": {"uv": [14.6, 5.005, 15, 5.995], "texture": "#0"},
				"south": {"uv": [13.005, 5.005, 14.995, 5.995], "texture": "#0"},
				"west": {"uv": [13, 5.005, 13.4, 5.995], "texture": "#0"},
				"up": {"uv": [14.995, 5, 13.005, 5.4], "rotation": 180, "texture": "#0"},
				"down": {"uv": [14.995, 5.6, 13.005, 6], "rotation": 180, "texture": "#0"}
			}
		},
		{
			"from": [4.005, 3.005, 16],
			"to": [5.995, 3.995, 16.4],
			"rotation": {"angle": 0, "axis": "y", "origin": [8, 8, 8]},
			"faces": {
				"east": {"uv": [5.6, 12.005, 6, 12.995], "texture": "#0"},
				"south": {"uv": [4.005, 12.005, 5.995, 12.995], "texture": "#0"},
				"west": {"uv": [4, 12.005, 4.4, 12.995], "texture": "#0"},
				"up": {"uv": [5.995, 12, 4.005, 12.4], "rotation": 180, "texture": "#0"},
				"down": {"uv": [5.995, 12.6, 4.005, 13], "rotation": 180, "texture": "#0"}
			}
		},
		{
			"from": [9.005, 7.005, 16],
			"to": [12.995, 7.995, 16.4],
			"rotation": {"angle": 0, "axis": "y", "origin": [8, 8, 8]},
			"faces": {
				"east": {"uv": [12.6, 8.005, 13, 8.995], "texture": "#0"},
				"south": {"uv": [9.005, 8.005, 12.995, 8.995], "texture": "#0"},
				"west": {"uv": [9, 8.005, 9.4, 8.995], "texture": "#0"},
				"up": {"uv": [12.995, 8, 9.005, 8.4], "rotation": 180, "texture": "#0"},
				"down": {"uv": [12.995, 8.6, 9.005, 9], "rotation": 180, "texture": "#0"}
			}
		},
		{
			"from": [10.005, 6.005, 16],
			"to": [11.995, 7.005, 16.4],
			"rotation": {"angle": 0, "axis": "y", "origin": [8, 8, 8]},
			"faces": {
				"east": {"uv": [11.6, 8.995, 12, 9.995], "texture": "#0"},
				"south": {"uv": [10.005, 8.995, 11.995, 9.995], "texture": "#0"},
				"west": {"uv": [10, 8.995, 10.4, 9.995], "texture": "#0"},
				"down": {"uv": [11.995, 9.6, 10.005, 10], "rotation": 180, "texture": "#0"}
			}
		},
		{
			"from": [10.005, 14.005, 16],
			"to": [13.995, 14.995, 16.4],
			"rotation": {"angle": 0, "axis": "y", "origin": [8, 8, 8]},
			"faces": {
				"east": {"uv": [13.6, 1.005, 14, 1.995], "texture": "#0"},
				"south": {"uv": [10.005, 1.005, 13.995, 1.995], "texture": "#0"},
				"west": {"uv": [10, 1.005, 10.4, 1.995], "texture": "#0"},
				"up": {"uv": [13.995, 1, 10.005, 1.4], "rotation": 180, "texture": "#0"},
				"down": {"uv": [13.995, 1.6, 10.005, 2], "rotation": 180, "texture": "#0"}
			}
		},
		{
			"from": [11.005, 13.005, 16],
			"to": [12.995, 14.005, 16.4],
			"rotation": {"angle": 0, "axis": "y", "origin": [8, 8, 8]},
			"faces": {
				"east": {"uv": [12.6, 1.995, 13, 2.995], "texture": "#0"},
				"south": {"uv": [11.005, 1.995, 12.995, 2.995], "texture": "#0"},
				"west": {"uv": [11, 1.995, 11.4, 2.995], "texture": "#0"},
				"down": {"uv": [12.995, 2.6, 11.005, 3], "rotation": 180, "texture": "#0"}
			}
		},
		{
			"from": [8.005, 3.005, 16],
			"to": [14.995, 3.995, 16.4],
			"rotation": {"angle": 0, "axis": "y", "origin": [8, 8, 8]},
			"faces": {
				"east": {"uv": [14.6, 12.005, 15, 12.995], "texture": "#0"},
				"south": {"uv": [8.005, 12.005, 14.995, 12.995], "texture": "#0"},
				"west": {"uv": [8, 12.005, 8.4, 12.995], "texture": "#0"},
				"up": {"uv": [14.995, 12, 8.005, 12.4], "rotation": 180, "texture": "#0"},
				"down": {"uv": [14.995, 12.6, 8.005, 13], "rotation": 180, "texture": "#0"}
			}
		},
		{
			"from": [9.005, 2.005, 16],
			"to": [12.995, 3.005, 16.4],
			"rotation": {"angle": 0, "axis": "y", "origin": [8, 8, 8]},
			"faces": {
				"east": {"uv": [12.6, 12.995, 13, 13.995], "texture": "#0"},
				"south": {"uv": [9.005, 12.995, 12.995, 13.995], "texture": "#0"},
				"west": {"uv": [9, 12.995, 9.4, 13.995], "texture": "#0"},
				"down": {"uv": [12.995, 13.6, 9.005, 14], "rotation": 180, "texture": "#0"}
			}
		},
		{
			"from": [11.005, 3.995, 16],
			"to": [12.995, 4.995, 16.4],
			"rotation": {"angle": 0, "axis": "y", "origin": [8, 8, 8]},
			"faces": {
				"east": {"uv": [12.6, 11.005, 13, 12.005], "texture": "#0"},
				"south": {"uv": [11.005, 11.005, 12.995, 12.005], "texture": "#0"},
				"west": {"uv": [11, 11.005, 11.4, 12.005], "texture": "#0"},
				"up": {"uv": [12.995, 11, 11.005, 11.4], "rotation": 180, "texture": "#0"}
			}
		},
		{
			"from": [2.005, 6.005, 16],
			"to": [6.995, 6.995, 16.4],
			"rotation": {"angle": 0, "axis": "y", "origin": [8, 8, 8]},
			"faces": {
				"east": {"uv": [6.6, 9.005, 7, 9.995], "texture": "#0"},
				"south": {"uv": [2.005, 9.005, 6.995, 9.995], "texture": "#0"},
				"west": {"uv": [2, 9.005, 2.4, 9.995], "texture": "#0"},
				"up": {"uv": [6.995, 9, 2.005, 9.4], "rotation": 180, "texture": "#0"},
				"down": {"uv": [6.995, 9.6, 2.005, 10], "rotation": 180, "texture": "#0"}
			}
		},
		{
			"from": [4.005, 5.005, 16],
			"to": [5.995, 6.005, 16.4],
			"rotation": {"angle": 0, "axis": "y", "origin": [8, 8, 8]},
			"faces": {
				"east": {"uv": [5.6, 9.995, 6, 10.995], "texture": "#0"},
				"south": {"uv": [4.005, 9.995, 5.995, 10.995], "texture": "#0"},
				"west": {"uv": [4, 9.995, 4.4, 10.995], "texture": "#0"},
				"down": {"uv": [5.995, 10.6, 4.005, 11], "rotation": 180, "texture": "#0"}
			}
		},
		{
			"from": [3.005, 6.995, 16],
			"to": [4.995, 7.995, 16.4],
			"rotation": {"angle": 0, "axis": "y", "origin": [8, 8, 8]},
			"faces": {
				"east": {"uv": [4.6, 8.005, 5, 9.005], "texture": "#0"},
				"south": {"uv": [3.005, 8.005, 4.995, 9.005], "texture": "#0"},
				"west": {"uv": [3, 8.005, 3.4, 9.005], "texture": "#0"},
				"up": {"uv": [4.995, 8, 3.005, 8.4], "rotation": 180, "texture": "#0"}
			}
		},
		{
			"from": [7.005, 10.005, 16],
			"to": [10.995, 11.995, 16.4],
			"rotation": {"angle": 0, "axis": "y", "origin": [8, 8, 8]},
			"faces": {
				"east": {"uv": [10.6, 4.005, 11, 5.995], "texture": "#0"},
				"south": {"uv": [7.005, 4.005, 10.995, 5.995], "texture": "#0"},
				"west": {"uv": [7, 4.005, 7.4, 5.995], "texture": "#0"},
				"up": {"uv": [10.995, 4, 7.005, 4.4], "rotation": 180, "texture": "#0"},
				"down": {"uv": [10.995, 5.6, 7.005, 6], "rotation": 180, "texture": "#0"}
			}
		},
		{
			"from": [6.005, 9.005, 16],
			"to": [8.995, 10.995, 16.4],
			"rotation": {"angle": 0, "axis": "y", "origin": [8, 8, 8]},
			"faces": {
				"east": {"uv": [8.6, 5.005, 9, 6.995], "texture": "#0"},
				"south": {"uv": [6.005, 5.005, 8.995, 6.995], "texture": "#0"},
				"west": {"uv": [6, 5.005, 6.4, 6.995], "texture": "#0"},
				"up": {"uv": [8.995, 5, 6.005, 5.4], "rotation": 180, "texture": "#0"},
				"down": {"uv": [8.995, 6.6, 6.005, 7], "rotation": 180, "texture": "#0"}
			}
		},
		{
			"from": [10.995, 11.005, 16],
			"to": [11.995, 11.995, 16.4],
			"rotation": {"angle": 0, "axis": "y", "origin": [8, 8, 8]},
			"faces": {
				"east": {"uv": [11.6, 4.005, 12, 4.995], "texture": "#0"},
				"south": {"uv": [10.995, 4.005, 11.995, 4.995], "texture": "#0"},
				"up": {"uv": [11.995, 4, 10.995, 4.4], "rotation": 180, "texture": "#0"},
				"down": {"uv": [11.995, 4.6, 10.995, 5], "rotation": 180, "texture": "#0"}
			}
		},
		{
			"from": [4.005, 10.005, 16],
			"to": [6.005, 10.995, 16.4],
			"rotation": {"angle": 0, "axis": "y", "origin": [8, 8, 8]},
			"faces": {
				"south": {"uv": [4.005, 5.005, 6.005, 5.995], "texture": "#0"},
				"west": {"uv": [4, 5.005, 4.4, 5.995], "texture": "#0"},
				"up": {"uv": [6.005, 5, 4.005, 5.4], "rotation": 180, "texture": "#0"},
				"down": {"uv": [6.005, 5.6, 4.005, 6], "rotation": 180, "texture": "#0"}
			}
		},
		{
			"from": [2.005, 12.005, 16],
			"to": [3.995, 13.995, 16.4],
			"rotation": {"angle": 0, "axis": "y", "origin": [8, 8, 8]},
			"faces": {
				"east": {"uv": [3.6, 2.005, 4, 3.995], "texture": "#0"},
				"south": {"uv": [2.005, 2.005, 3.995, 3.995], "texture": "#0"},
				"west": {"uv": [2, 2.005, 2.4, 3.995], "texture": "#0"},
				"up": {"uv": [3.995, 2, 2.005, 2.4], "rotation": 180, "texture": "#0"},
				"down": {"uv": [3.995, 3.6, 2.005, 4], "rotation": 180, "texture": "#0"}
			}
		},
		{
			"from": [3.995, 13.005, 16],
			"to": [4.995, 13.995, 16.4],
			"rotation": {"angle": 0, "axis": "y", "origin": [8, 8, 8]},
			"faces": {
				"east": {"uv": [4.6, 2.005, 5, 2.995], "texture": "#0"},
				"south": {"uv": [3.995, 2.005, 4.995, 2.995], "texture": "#0"},
				"up": {"uv": [4.995, 2, 3.995, 2.4], "rotation": 180, "texture": "#0"},
				"down": {"uv": [4.995, 2.6, 3.995, 3], "rotation": 180, "texture": "#0"}
			}
		},
		{
			"from": [1.005, 12.005, 16],
			"to": [2.005, 12.995, 16.4],
			"rotation": {"angle": 0, "axis": "y", "origin": [8, 8, 8]},
			"faces": {
				"south": {"uv": [1.005, 3.005, 2.005, 3.995], "texture": "#0"},
				"west": {"uv": [1, 3.005, 1.4, 3.995], "texture": "#0"},
				"up": {"uv": [2.005, 3, 1.005, 3.4], "rotation": 180, "texture": "#0"},
				"down": {"uv": [2.005, 3.6, 1.005, 4], "rotation": 180, "texture": "#0"}
			}
		},
		{
			"from": [2.005, 1.005, 16],
			"to": [2.995, 2.995, 16.4],
			"rotation": {"angle": 0, "axis": "y", "origin": [8, 8, 8]},
			"faces": {
				"east": {"uv": [2.6, 13.005, 3, 14.995], "texture": "#0"},
				"south": {"uv": [2.005, 13.005, 2.995, 14.995], "texture": "#0"},
				"west": {"uv": [2, 13.005, 2.4, 14.995], "texture": "#0"},
				"up": {"uv": [2.995, 13, 2.005, 13.4], "rotation": 180, "texture": "#0"},
				"down": {"uv": [2.995, 14.6, 2.005, 15], "rotation": 180, "texture": "#0"}
			}
		},
		{
			"from": [2.995, 1.005, 16],
			"to": [3.995, 1.995, 16.4],
			"rotation": {"angle": 0, "axis": "y", "origin": [8, 8, 8]},
			"faces": {
				"east": {"uv": [3.6, 14.005, 4, 14.995], "texture": "#0"},
				"south": {"uv": [2.995, 14.005, 3.995, 14.995], "texture": "#0"},
				"up": {"uv": [3.995, 14, 2.995, 14.4], "rotation": 180, "texture": "#0"},
				"down": {"uv": [3.995, 14.6, 2.995, 15], "rotation": 180, "texture": "#0"}
			}
		},
		{
			"from": [1.005, 2.005, 16],
			"to": [2.005, 2.995, 16.4],
			"rotation": {"angle": 0, "axis": "y", "origin": [8, 8, 8]},
			"faces": {
				"south": {"uv": [1.005, 13.005, 2.005, 13.995], "texture": "#0"},
				"west": {"uv": [1, 13.005, 1.4, 13.995], "texture": "#0"},
				"up": {"uv": [2.005, 13, 1.005, 13.4], "rotation": 180, "texture": "#0"},
				"down": {"uv": [2.005, 13.6, 1.005, 14], "rotation": 180, "texture": "#0"}
			}
		},
		{
			"from": [-0.4, 10.005, 13.005],
			"to": [0, 10.995, 14.995],
			"rotation": {"angle": 0, "axis": "y", "origin": [8, 8, 8]},
			"faces": {
				"north": {"uv": [13, 5.005, 13.4, 5.995], "texture": "#0"},
				"south": {"uv": [14.6, 5.005, 15, 5.995], "texture": "#0"},
				"west": {"uv": [13.005, 5.005, 14.995, 5.995], "texture": "#0"},
				"up": {"uv": [14.995, 5, 13.005, 5.4], "rotation": 270, "texture": "#0"},
				"down": {"uv": [14.995, 5.6, 13.005, 6], "rotation": 90, "texture": "#0"}
			}
		},
		{
			"from": [-0.4, 3.005, 4.005],
			"to": [0, 3.995, 5.995],
			"rotation": {"angle": 0, "axis": "y", "origin": [8, 8, 8]},
			"faces": {
				"north": {"uv": [4, 12.005, 4.4, 12.995], "texture": "#0"},
				"south": {"uv": [5.6, 12.005, 6, 12.995], "texture": "#0"},
				"west": {"uv": [4.005, 12.005, 5.995, 12.995], "texture": "#0"},
				"up": {"uv": [5.995, 12, 4.005, 12.4], "rotation": 270, "texture": "#0"},
				"down": {"uv": [5.995, 12.6, 4.005, 13], "rotation": 90, "texture": "#0"}
			}
		},
		{
			"from": [-0.4, 7.005, 9.005],
			"to": [0, 7.995, 12.995],
			"rotation": {"angle": 0, "axis": "y", "origin": [8, 8, 8]},
			"faces": {
				"north": {"uv": [9, 8.005, 9.4, 8.995], "texture": "#0"},
				"south": {"uv": [12.6, 8.005, 13, 8.995], "texture": "#0"},
				"west": {"uv": [9.005, 8.005, 12.995, 8.995], "texture": "#0"},
				"up": {"uv": [12.995, 8, 9.005, 8.4], "rotation": 270, "texture": "#0"},
				"down": {"uv": [12.995, 8.6, 9.005, 9], "rotation": 90, "texture": "#0"}
			}
		},
		{
			"from": [-0.4, 6.005, 10.005],
			"to": [0, 7.005, 11.995],
			"rotation": {"angle": 0, "axis": "y", "origin": [8, 8, 8]},
			"faces": {
				"north": {"uv": [10, 8.995, 10.4, 9.995], "texture": "#0"},
				"south": {"uv": [11.6, 8.995, 12, 9.995], "texture": "#0"},
				"west": {"uv": [10.005, 8.995, 11.995, 9.995], "texture": "#0"},
				"down": {"uv": [11.995, 9.6, 10.005, 10], "rotation": 90, "texture": "#0"}
			}
		},
		{
			"from": [-0.4, 14.005, 10.005],
			"to": [0, 14.995, 13.995],
			"rotation": {"angle": 0, "axis": "y", "origin": [8, 8, 8]},
			"faces": {
				"north": {"uv": [10, 1.005, 10.4, 1.995], "texture": "#0"},
				"south": {"uv": [13.6, 1.005, 14, 1.995], "texture": "#0"},
				"west": {"uv": [10.005, 1.005, 13.995, 1.995], "texture": "#0"},
				"up": {"uv": [13.995, 1, 10.005, 1.4], "rotation": 270, "texture": "#0"},
				"down": {"uv": [13.995, 1.6, 10.005, 2], "rotation": 90, "texture": "#0"}
			}
		},
		{
			"from": [-0.4, 13.005, 11.005],
			"to": [0, 14.005, 12.995],
			"rotation": {"angle": 0, "axis": "y", "origin": [8, 8, 8]},
			"faces": {
				"north": {"uv": [11, 1.995, 11.4, 2.995], "texture": "#0"},
				"south": {"uv": [12.6, 1.995, 13, 2.995], "texture": "#0"},
				"west": {"uv": [11.005, 1.995, 12.995, 2.995], "texture": "#0"},
				"down": {"uv": [12.995, 2.6, 11.005, 3], "rotation": 90, "texture": "#0"}
			}
		},
		{
			"from": [-0.4, 3.005, 8.005],
			"to": [0, 3.995, 14.995],
			"rotation": {"angle": 0, "axis": "y", "origin": [8, 8, 8]},
			"faces": {
				"north": {"uv": [8, 12.005, 8.4, 12.995], "texture": "#0"},
				"south": {"uv": [14.6, 12.005, 15, 12.995], "texture": "#0"},
				"west": {"uv": [8.005, 12.005, 14.995, 12.995], "texture": "#0"},
				"up": {"uv": [14.995, 12, 8.005, 12.4], "rotation": 270, "texture": "#0"},
				"down": {"uv": [14.995, 12.6, 8.005, 13], "rotation": 90, "texture": "#0"}
			}
		},
		{
			"from": [-0.4, 2.005, 9.005],
			"to": [0, 3.005, 12.995],
			"rotation": {"angle": 0, "axis": "y", "origin": [8, 8, 8]},
			"faces": {
				"north": {"uv": [9, 12.995, 9.4, 13.995], "texture": "#0"},
				"south": {"uv": [12.6, 12.995, 13, 13.995], "texture": "#0"},
				"west": {"uv": [9.005, 12.995, 12.995, 13.995], "texture": "#0"},
				"down": {"uv": [12.995, 13.6, 9.005, 14], "rotation": 90, "texture": "#0"}
			}
		},
		{
			"from": [-0.4, 3.995, 11.005],
			"to": [0, 4.995, 12.995],
			"rotation": {"angle": 0, "axis": "y", "origin": [8, 8, 8]},
			"faces": {
				"north": {"uv": [11, 11.005, 11.4, 12.005], "texture": "#0"},
				"south": {"uv": [12.6, 11.005, 13, 12.005], "texture": "#0"},
				"west": {"uv": [11.005, 11.005, 12.995, 12.005], "texture": "#0"},
				"up": {"uv": [12.995, 11, 11.005, 11.4], "rotation": 270, "texture": "#0"}
			}
		},
		{
			"from": [-0.4, 6.005, 2.005],
			"to": [0, 6.995, 6.995],
			"rotation": {"angle": 0, "axis": "y", "origin": [8, 8, 8]},
			"faces": {
				"north": {"uv": [2, 9.005, 2.4, 9.995], "texture": "#0"},
				"south": {"uv": [6.6, 9.005, 7, 9.995], "texture": "#0"},
				"west": {"uv": [2.005, 9.005, 6.995, 9.995], "texture": "#0"},
				"up": {"uv": [6.995, 9, 2.005, 9.4], "rotation": 270, "texture": "#0"},
				"down": {"uv": [6.995, 9.6, 2.005, 10], "rotation": 90, "texture": "#0"}
			}
		},
		{
			"from": [-0.4, 5.005, 4.005],
			"to": [0, 6.005, 5.995],
			"rotation": {"angle": 0, "axis": "y", "origin": [8, 8, 8]},
			"faces": {
				"north": {"uv": [4, 9.995, 4.4, 10.995], "texture": "#0"},
				"south": {"uv": [5.6, 9.995, 6, 10.995], "texture": "#0"},
				"west": {"uv": [4.005, 9.995, 5.995, 10.995], "texture": "#0"},
				"down": {"uv": [5.995, 10.6, 4.005, 11], "rotation": 90, "texture": "#0"}
			}
		},
		{
			"from": [-0.4, 6.995, 3.005],
			"to": [0, 7.995, 4.995],
			"rotation": {"angle": 0, "axis": "y", "origin": [8, 8, 8]},
			"faces": {
				"north": {"uv": [3, 8.005, 3.4, 9.005], "texture": "#0"},
				"south": {"uv": [4.6, 8.005, 5, 9.005], "texture": "#0"},
				"west": {"uv": [3.005, 8.005, 4.995, 9.005], "texture": "#0"},
				"up": {"uv": [4.995, 8, 3.005, 8.4], "rotation": 270, "texture": "#0"}
			}
		},
		{
			"from": [-0.4, 10.005, 7.005],
			"to": [0, 11.995, 10.995],
			"rotation": {"angle": 0, "axis": "y", "origin": [8, 8, 8]},
			"faces": {
				"north": {"uv": [7, 4.005, 7.4, 5.995], "texture": "#0"},
				"south": {"uv": [10.6, 4.005, 11, 5.995], "texture": "#0"},
				"west": {"uv": [7.005, 4.005, 10.995, 5.995], "texture": "#0"},
				"up": {"uv": [10.995, 4, 7.005, 4.4], "rotation": 270, "texture": "#0"},
				"down": {"uv": [10.995, 5.6, 7.005, 6], "rotation": 90, "texture": "#0"}
			}
		},
		{
			"from": [-0.4, 9.005, 6.005],
			"to": [0, 10.995, 8.995],
			"rotation": {"angle": 0, "axis": "y", "origin": [8, 8, 8]},
			"faces": {
				"north": {"uv": [6, 5.005, 6.4, 6.995], "texture": "#0"},
				"south": {"uv": [8.6, 5.005, 9, 6.995], "texture": "#0"},
				"west": {"uv": [6.005, 5.005, 8.995, 6.995], "texture": "#0"},
				"up": {"uv": [8.995, 5, 6.005, 5.4], "rotation": 270, "texture": "#0"},
				"down": {"uv": [8.995, 6.6, 6.005, 7], "rotation": 90, "texture": "#0"}
			}
		},
		{
			"from": [-0.4, 11.005, 10.995],
			"to": [0, 11.995, 11.995],
			"rotation": {"angle": 0, "axis": "y", "origin": [8, 8, 8]},
			"faces": {
				"south": {"uv": [11.6, 4.005, 12, 4.995], "texture": "#0"},
				"west": {"uv": [10.995, 4.005, 11.995, 4.995], "texture": "#0"},
				"up": {"uv": [11.995, 4, 10.995, 4.4], "rotation": 270, "texture": "#0"},
				"down": {"uv": [11.995, 4.6, 10.995, 5], "rotation": 90, "texture": "#0"}
			}
		},
		{
			"from": [-0.4, 10.005, 4.005],
			"to": [0, 10.995, 6.005],
			"rotation": {"angle": 0, "axis": "y", "origin": [8, 8, 8]},
			"faces": {
				"north": {"uv": [4, 5.005, 4.4, 5.995], "texture": "#0"},
				"west": {"uv": [4.005, 5.005, 6.005, 5.995], "texture": "#0"},
				"up": {"uv": [6.005, 5, 4.005, 5.4], "rotation": 270, "texture": "#0"},
				"down": {"uv": [6.005, 5.6, 4.005, 6], "rotation": 90, "texture": "#0"}
			}
		},
		{
			"from": [-0.4, 12.005, 2.005],
			"to": [0, 13.995, 3.995],
			"rotation": {"angle": 0, "axis": "y", "origin": [8, 8, 8]},
			"faces": {
				"north": {"uv": [2, 2.005, 2.4, 3.995], "texture": "#0"},
				"south": {"uv": [3.6, 2.005, 4, 3.995], "texture": "#0"},
				"west": {"uv": [2.005, 2.005, 3.995, 3.995], "texture": "#0"},
				"up": {"uv": [3.995, 2, 2.005, 2.4], "rotation": 270, "texture": "#0"},
				"down": {"uv": [3.995, 3.6, 2.005, 4], "rotation": 90, "texture": "#0"}
			}
		},
		{
			"from": [-0.4, 13.005, 3.995],
			"to": [0, 13.995, 4.995],
			"rotation": {"angle": 0, "axis": "y", "origin": [8, 8, 8]},
			"faces": {
				"south": {"uv": [4.6, 2.005, 5, 2.995], "texture": "#0"},
				"west": {"uv": [3.995, 2.005, 4.995, 2.995], "texture": "#0"},
				"up": {"uv": [4.995, 2, 3.995, 2.4], "rotation": 270, "texture": "#0"},
				"down": {"uv": [4.995, 2.6, 3.995, 3], "rotation": 90, "texture": "#0"}
			}
		},
		{
			"from": [-0.4, 12.005, 1.005],
			"to": [0, 12.995, 2.005],
			"rotation": {"angle": 0, "axis": "y", "origin": [8, 8, 8]},
			"faces": {
				"north": {"uv": [1, 3.005, 1.4, 3.995], "texture": "#0"},
				"west": {"uv": [1.005, 3.005, 2.005, 3.995], "texture": "#0"},
				"up": {"uv": [2.005, 3, 1.005, 3.4], "rotation": 270, "texture": "#0"},
				"down": {"uv": [2.005, 3.6, 1.005, 4], "rotation": 90, "texture": "#0"}
			}
		},
		{
			"from": [-0.4, 1.005, 2.005],
			"to": [0, 2.995, 2.995],
			"rotation": {"angle": 0, "axis": "y", "origin": [8, 8, 8]},
			"faces": {
				"north": {"uv": [2, 13.005, 2.4, 14.995], "texture": "#0"},
				"south": {"uv": [2.6, 13.005, 3, 14.995], "texture": "#0"},
				"west": {"uv": [2.005, 13.005, 2.995, 14.995], "texture": "#0"},
				"up": {"uv": [2.995, 13, 2.005, 13.4], "rotation": 270, "texture": "#0"},
				"down": {"uv": [2.995, 14.6, 2.005, 15], "rotation": 90, "texture": "#0"}
			}
		},
		{
			"from": [-0.4, 1.005, 2.995],
			"to": [0, 1.995, 3.995],
			"rotation": {"angle": 0, "axis": "y", "origin": [8, 8, 8]},
			"faces": {
				"south": {"uv": [3.6, 14.005, 4, 14.995], "texture": "#0"},
				"west": {"uv": [2.995, 14.005, 3.995, 14.995], "texture": "#0"},
				"up": {"uv": [3.995, 14, 2.995, 14.4], "rotation": 270, "texture": "#0"},
				"down": {"uv": [3.995, 14.6, 2.995, 15], "rotation": 90, "texture": "#0"}
			}
		},
		{
			"from": [-0.4, 2.005, 1.005],
			"to": [0, 2.995, 2.005],
			"rotation": {"angle": 0, "axis": "y", "origin": [8, 8, 8]},
			"faces": {
				"north": {"uv": [1, 13.005, 1.4, 13.995], "texture": "#0"},
				"west": {"uv": [1.005, 13.005, 2.005, 13.995], "texture": "#0"},
				"up": {"uv": [2.005, 13, 1.005, 13.4], "rotation": 270, "texture": "#0"},
				"down": {"uv": [2.005, 13.6, 1.005, 14], "rotation": 90, "texture": "#0"}
			}
		},
		{
			"from": [13.005, 16, 5.005],
			"to": [14.995, 16.4, 5.995],
			"rotation": {"angle": 0, "axis": "x", "origin": [8, 8, 8]},
			"faces": {
				"north": {"uv": [14.995, 5, 13.005, 5.4], "texture": "#0"},
				"east": {"uv": [14.6, 5.005, 15, 5.995], "rotation": 90, "texture": "#0"},
				"south": {"uv": [14.995, 5.6, 13.005, 6], "rotation": 180, "texture": "#0"},
				"west": {"uv": [13, 5.005, 13.4, 5.995], "rotation": 270, "texture": "#0"},
				"up": {"uv": [13.005, 5.005, 14.995, 5.995], "texture": "#0"}
			}
		},
		{
			"from": [4.005, 16, 12.005],
			"to": [5.995, 16.4, 12.995],
			"rotation": {"angle": 0, "axis": "x", "origin": [8, 8, 8]},
			"faces": {
				"north": {"uv": [5.995, 12, 4.005, 12.4], "texture": "#0"},
				"east": {"uv": [5.6, 12.005, 6, 12.995], "rotation": 90, "texture": "#0"},
				"south": {"uv": [5.995, 12.6, 4.005, 13], "rotation": 180, "texture": "#0"},
				"west": {"uv": [4, 12.005, 4.4, 12.995], "rotation": 270, "texture": "#0"},
				"up": {"uv": [4.005, 12.005, 5.995, 12.995], "texture": "#0"}
			}
		},
		{
			"from": [9.005, 16, 8.005],
			"to": [12.995, 16.4, 8.995],
			"rotation": {"angle": 0, "axis": "x", "origin": [8, 8, 8]},
			"faces": {
				"north": {"uv": [12.995, 8, 9.005, 8.4], "texture": "#0"},
				"east": {"uv": [12.6, 8.005, 13, 8.995], "rotation": 90, "texture": "#0"},
				"south": {"uv": [12.995, 8.6, 9.005, 9], "rotation": 180, "texture": "#0"},
				"west": {"uv": [9, 8.005, 9.4, 8.995], "rotation": 270, "texture": "#0"},
				"up": {"uv": [9.005, 8.005, 12.995, 8.995], "texture": "#0"}
			}
		},
		{
			"from": [10.005, 16, 8.995],
			"to": [11.995, 16.4, 9.995],
			"rotation": {"angle": 0, "axis": "x", "origin": [8, 8, 8]},
			"faces": {
				"east": {"uv": [11.6, 8.995, 12, 9.995], "rotation": 90, "texture": "#0"},
				"south": {"uv": [11.995, 9.6, 10.005, 10], "rotation": 180, "texture": "#0"},
				"west": {"uv": [10, 8.995, 10.4, 9.995], "rotation": 270, "texture": "#0"},
				"up": {"uv": [10.005, 8.995, 11.995, 9.995], "texture": "#0"}
			}
		},
		{
			"from": [10.005, 16, 1.005],
			"to": [13.995, 16.4, 1.995],
			"rotation": {"angle": 0, "axis": "x", "origin": [8, 8, 8]},
			"faces": {
				"north": {"uv": [13.995, 1, 10.005, 1.4], "texture": "#0"},
				"east": {"uv": [13.6, 1.005, 14, 1.995], "rotation": 90, "texture": "#0"},
				"south": {"uv": [13.995, 1.6, 10.005, 2], "rotation": 180, "texture": "#0"},
				"west": {"uv": [10, 1.005, 10.4, 1.995], "rotation": 270, "texture": "#0"},
				"up": {"uv": [10.005, 1.005, 13.995, 1.995], "texture": "#0"}
			}
		},
		{
			"from": [11.005, 16, 1.995],
			"to": [12.995, 16.4, 2.995],
			"rotation": {"angle": 0, "axis": "x", "origin": [8, 8, 8]},
			"faces": {
				"east": {"uv": [12.6, 1.995, 13, 2.995], "rotation": 90, "texture": "#0"},
				"south": {"uv": [12.995, 2.6, 11.005, 3], "rotation": 180, "texture": "#0"},
				"west": {"uv": [11, 1.995, 11.4, 2.995], "rotation": 270, "texture": "#0"},
				"up": {"uv": [11.005, 1.995, 12.995, 2.995], "texture": "#0"}
			}
		},
		{
			"from": [8.005, 16, 12.005],
			"to": [14.995, 16.4, 12.995],
			"rotation": {"angle": 0, "axis": "x", "origin": [8, 8, 8]},
			"faces": {
				"north": {"uv": [14.995, 12, 8.005, 12.4], "texture": "#0"},
				"east": {"uv": [14.6, 12.005, 15, 12.995], "rotation": 90, "texture": "#0"},
				"south": {"uv": [14.995, 12.6, 8.005, 13], "rotation": 180, "texture": "#0"},
				"west": {"uv": [8, 12.005, 8.4, 12.995], "rotation": 270, "texture": "#0"},
				"up": {"uv": [8.005, 12.005, 14.995, 12.995], "texture": "#0"}
			}
		},
		{
			"from": [9.005, 16, 12.995],
			"to": [12.995, 16.4, 13.995],
			"rotation": {"angle": 0, "axis": "x", "origin": [8, 8, 8]},
			"faces": {
				"east": {"uv": [12.6, 12.995, 13, 13.995], "rotation": 90, "texture": "#0"},
				"south": {"uv": [12.995, 13.6, 9.005, 14], "rotation": 180, "texture": "#0"},
				"west": {"uv": [9, 12.995, 9.4, 13.995], "rotation": 270, "texture": "#0"},
				"up": {"uv": [9.005, 12.995, 12.995, 13.995], "texture": "#0"}
			}
		},
		{
			"from": [11.005, 16, 11.005],
			"to": [12.995, 16.4, 12.005],
			"rotation": {"angle": 0, "axis": "x", "origin": [8, 8, 8]},
			"faces": {
				"north": {"uv": [12.995, 11, 11.005, 11.4], "texture": "#0"},
				"east": {"uv": [12.6, 11.005, 13, 12.005], "rotation": 90, "texture": "#0"},
				"west": {"uv": [11, 11.005, 11.4, 12.005], "rotation": 270, "texture": "#0"},
				"up": {"uv": [11.005, 11.005, 12.995, 12.005], "texture": "#0"}
			}
		},
		{
			"from": [2.005, 16, 9.005],
			"to": [6.995, 16.4, 9.995],
			"rotation": {"angle": 0, "axis": "x", "origin": [8, 8, 8]},
			"faces": {
				"north": {"uv": [6.995, 9, 2.005, 9.4], "texture": "#0"},
				"east": {"uv": [6.6, 9.005, 7, 9.995], "rotation": 90, "texture": "#0"},
				"south": {"uv": [6.995, 9.6, 2.005, 10], "rotation": 180, "texture": "#0"},
				"west": {"uv": [2, 9.005, 2.4, 9.995], "rotation": 270, "texture": "#0"},
				"up": {"uv": [2.005, 9.005, 6.995, 9.995], "texture": "#0"}
			}
		},
		{
			"from": [4.005, 16, 9.995],
			"to": [5.995, 16.4, 10.995],
			"rotation": {"angle": 0, "axis": "x", "origin": [8, 8, 8]},
			"faces": {
				"east": {"uv": [5.6, 9.995, 6, 10.995], "rotation": 90, "texture": "#0"},
				"south": {"uv": [5.995, 10.6, 4.005, 11], "rotation": 180, "texture": "#0"},
				"west": {"uv": [4, 9.995, 4.4, 10.995], "rotation": 270, "texture": "#0"},
				"up": {"uv": [4.005, 9.995, 5.995, 10.995], "texture": "#0"}
			}
		},
		{
			"from": [3.005, 16, 8.005],
			"to": [4.995, 16.4, 9.005],
			"rotation": {"angle": 0, "axis": "x", "origin": [8, 8, 8]},
			"faces": {
				"north": {"uv": [4.995, 8, 3.005, 8.4], "texture": "#0"},
				"east": {"uv": [4.6, 8.005, 5, 9.005], "rotation": 90, "texture": "#0"},
				"west": {"uv": [3, 8.005, 3.4, 9.005], "rotation": 270, "texture": "#0"},
				"up": {"uv": [3.005, 8.005, 4.995, 9.005], "texture": "#0"}
			}
		},
		{
			"from": [7.005, 16, 4.005],
			"to": [10.995, 16.4, 5.995],
			"rotation": {"angle": 0, "axis": "x", "origin": [8, 8, 8]},
			"faces": {
				"north": {"uv": [10.995, 4, 7.005, 4.4], "texture": "#0"},
				"east": {"uv": [10.6, 4.005, 11, 5.995], "rotation": 90, "texture": "#0"},
				"south": {"uv": [10.995, 5.6, 7.005, 6], "rotation": 180, "texture": "#0"},
				"west": {"uv": [7, 4.005, 7.4, 5.995], "rotation": 270, "texture": "#0"},
				"up": {"uv": [7.005, 4.005, 10.995, 5.995], "texture": "#0"}
			}
		},
		{
			"from": [6.005, 16, 5.005],
			"to": [8.995, 16.4, 6.995],
			"rotation": {"angle": 0, "axis": "x", "origin": [8, 8, 8]},
			"faces": {
				"north": {"uv": [8.995, 5, 6.005, 5.4], "texture": "#0"},
				"east": {"uv": [8.6, 5.005, 9, 6.995], "rotation": 90, "texture": "#0"},
				"south": {"uv": [8.995, 6.6, 6.005, 7], "rotation": 180, "texture": "#0"},
				"west": {"uv": [6, 5.005, 6.4, 6.995], "rotation": 270, "texture": "#0"},
				"up": {"uv": [6.005, 5.005, 8.995, 6.995], "texture": "#0"}
			}
		},
		{
			"from": [10.995, 16, 4.005],
			"to": [11.995, 16.4, 4.995],
			"rotation": {"angle": 0, "axis": "x", "origin": [8, 8, 8]},
			"faces": {
				"north": {"uv": [11.995, 4, 10.995, 4.4], "texture": "#0"},
				"east": {"uv": [11.6, 4.005, 12, 4.995], "rotation": 90, "texture": "#0"},
				"south": {"uv": [11.995, 4.6, 10.995, 5], "rotation": 180, "texture": "#0"},
				"up": {"uv": [10.995, 4.005, 11.995, 4.995], "texture": "#0"}
			}
		},
		{
			"from": [4.005, 16, 5.005],
			"to": [6.005, 16.4, 5.995],
			"rotation": {"angle": 0, "axis": "x", "origin": [8, 8, 8]},
			"faces": {
				"north": {"uv": [6.005, 5, 4.005, 5.4], "texture": "#0"},
				"south": {"uv": [6.005, 5.6, 4.005, 6], "rotation": 180, "texture": "#0"},
				"west": {"uv": [4, 5.005, 4.4, 5.995], "rotation": 270, "texture": "#0"},
				"up": {"uv": [4.005, 5.005, 6.005, 5.995], "texture": "#0"}
			}
		},
		{
			"from": [2.005, 16, 2.005],
			"to": [3.995, 16.4, 3.995],
			"rotation": {"angle": 0, "axis": "x", "origin": [8, 8, 8]},
			"faces": {
				"north": {"uv": [3.995, 2, 2.005, 2.4], "texture": "#0"},
				"east": {"uv": [3.6, 2.005, 4, 3.995], "rotation": 90, "texture": "#0"},
				"south": {"uv": [3.995, 3.6, 2.005, 4], "rotation": 180, "texture": "#0"},
				"west": {"uv": [2, 2.005, 2.4, 3.995], "rotation": 270, "texture": "#0"},
				"up": {"uv": [2.005, 2.005, 3.995, 3.995], "texture": "#0"}
			}
		},
		{
			"from": [3.995, 16, 2.005],
			"to": [4.995, 16.4, 2.995],
			"rotation": {"angle": 0, "axis": "x", "origin": [8, 8, 8]},
			"faces": {
				"north": {"uv": [4.995, 2, 3.995, 2.4], "texture": "#0"},
				"east": {"uv": [4.6, 2.005, 5, 2.995], "rotation": 90, "texture": "#0"},
				"south": {"uv": [4.995, 2.6, 3.995, 3], "rotation": 180, "texture": "#0"},
				"up": {"uv": [3.995, 2.005, 4.995, 2.995], "texture": "#0"}
			}
		},
		{
			"from": [1.005, 16, 3.005],
			"to": [2.005, 16.4, 3.995],
			"rotation": {"angle": 0, "axis": "x", "origin": [8, 8, 8]},
			"faces": {
				"north": {"uv": [2.005, 3, 1.005, 3.4], "texture": "#0"},
				"south": {"uv": [2.005, 3.6, 1.005, 4], "rotation": 180, "texture": "#0"},
				"west": {"uv": [1, 3.005, 1.4, 3.995], "rotation": 270, "texture": "#0"},
				"up": {"uv": [1.005, 3.005, 2.005, 3.995], "texture": "#0"}
			}
		},
		{
			"from": [2.005, 16, 13.005],
			"to": [2.995, 16.4, 14.995],
			"rotation": {"angle": 0, "axis": "x", "origin": [8, 8, 8]},
			"faces": {
				"north": {"uv": [2.995, 13, 2.005, 13.4], "texture": "#0"},
				"east": {"uv": [2.6, 13.005, 3, 14.995], "rotation": 90, "texture": "#0"},
				"south": {"uv": [2.995, 14.6, 2.005, 15], "rotation": 180, "texture": "#0"},
				"west": {"uv": [2, 13.005, 2.4, 14.995], "rotation": 270, "texture": "#0"},
				"up": {"uv": [2.005, 13.005, 2.995, 14.995], "texture": "#0"}
			}
		},
		{
			"from": [2.995, 16, 14.005],
			"to": [3.995, 16.4, 14.995],
			"rotation": {"angle": 0, "axis": "x", "origin": [8, 8, 8]},
			"faces": {
				"north": {"uv": [3.995, 14, 2.995, 14.4], "texture": "#0"},
				"east": {"uv": [3.6, 14.005, 4, 14.995], "rotation": 90, "texture": "#0"},
				"south": {"uv": [3.995, 14.6, 2.995, 15], "rotation": 180, "texture": "#0"},
				"up": {"uv": [2.995, 14.005, 3.995, 14.995], "texture": "#0"}
			}
		},
		{
			"from": [1.005, 16, 13.005],
			"to": [2.005, 16.4, 13.995],
			"rotation": {"angle": 0, "axis": "x", "origin": [8, 8, 8]},
			"faces": {
				"north": {"uv": [2.005, 13, 1.005, 13.4], "texture": "#0"},
				"south": {"uv": [2.005, 13.6, 1.005, 14], "rotation": 180, "texture": "#0"},
				"west": {"uv": [1, 13.005, 1.4, 13.995], "rotation": 270, "texture": "#0"},
				"up": {"uv": [1.005, 13.005, 2.005, 13.995], "texture": "#0"}
			}
		},
		{
			"from": [13.005, -0.4, 10.005],
			"to": [14.995, 0, 10.995],
			"rotation": {"angle": 0, "axis": "x", "origin": [8, 8, 8]},
			"faces": {
				"north": {"uv": [14.995, 5.6, 13.005, 6], "texture": "#0"},
				"east": {"uv": [14.6, 5.005, 15, 5.995], "rotation": 270, "texture": "#0"},
				"south": {"uv": [14.995, 5, 13.005, 5.4], "rotation": 180, "texture": "#0"},
				"west": {"uv": [13, 5.005, 13.4, 5.995], "rotation": 90, "texture": "#0"},
				"down": {"uv": [13.005, 5.005, 14.995, 5.995], "texture": "#0"}
			}
		},
		{
			"from": [4.005, -0.4, 3.005],
			"to": [5.995, 0, 3.995],
			"rotation": {"angle": 0, "axis": "x", "origin": [8, 8, 8]},
			"faces": {
				"north": {"uv": [5.995, 12.6, 4.005, 13], "texture": "#0"},
				"east": {"uv": [5.6, 12.005, 6, 12.995], "rotation": 270, "texture": "#0"},
				"south": {"uv": [5.995, 12, 4.005, 12.4], "rotation": 180, "texture": "#0"},
				"west": {"uv": [4, 12.005, 4.4, 12.995], "rotation": 90, "texture": "#0"},
				"down": {"uv": [4.005, 12.005, 5.995, 12.995], "texture": "#0"}
			}
		},
		{
			"from": [9.005, -0.4, 7.005],
			"to": [12.995, 0, 7.995],
			"rotation": {"angle": 0, "axis": "x", "origin": [8, 8, 8]},
			"faces": {
				"north": {"uv": [12.995, 8.6, 9.005, 9], "texture": "#0"},
				"east": {"uv": [12.6, 8.005, 13, 8.995], "rotation": 270, "texture": "#0"},
				"south": {"uv": [12.995, 8, 9.005, 8.4], "rotation": 180, "texture": "#0"},
				"west": {"uv": [9, 8.005, 9.4, 8.995], "rotation": 90, "texture": "#0"},
				"down": {"uv": [9.005, 8.005, 12.995, 8.995], "texture": "#0"}
			}
		},
		{
			"from": [10.005, -0.4, 6.005],
			"to": [11.995, 0, 7.005],
			"rotation": {"angle": 0, "axis": "x", "origin": [8, 8, 8]},
			"faces": {
				"north": {"uv": [11.995, 9.6, 10.005, 10], "texture": "#0"},
				"east": {"uv": [11.6, 8.995, 12, 9.995], "rotation": 270, "texture": "#0"},
				"west": {"uv": [10, 8.995, 10.4, 9.995], "rotation": 90, "texture": "#0"},
				"down": {"uv": [10.005, 8.995, 11.995, 9.995], "texture": "#0"}
			}
		},
		{
			"from": [10.005, -0.4, 14.005],
			"to": [13.995, 0, 14.995],
			"rotation": {"angle": 0, "axis": "x", "origin": [8, 8, 8]},
			"faces": {
				"north": {"uv": [13.995, 1.6, 10.005, 2], "texture": "#0"},
				"east": {"uv": [13.6, 1.005, 14, 1.995], "rotation": 270, "texture": "#0"},
				"south": {"uv": [13.995, 1, 10.005, 1.4], "rotation": 180, "texture": "#0"},
				"west": {"uv": [10, 1.005, 10.4, 1.995], "rotation": 90, "texture": "#0"},
				"down": {"uv": [10.005, 1.005, 13.995, 1.995], "texture": "#0"}
			}
		},
		{
			"from": [11.005, -0.4, 13.005],
			"to": [12.995, 0, 14.005],
			"rotation": {"angle": 0, "axis": "x", "origin": [8, 8, 8]},
			"faces": {
				"north": {"uv": [12.995, 2.6, 11.005, 3], "texture": "#0"},
				"east": {"uv": [12.6, 1.995, 13, 2.995], "rotation": 270, "texture": "#0"},
				"west": {"uv": [11, 1.995, 11.4, 2.995], "rotation": 90, "texture": "#0"},
				"down": {"uv": [11.005, 1.995, 12.995, 2.995], "texture": "#0"}
			}
		},
		{
			"from": [8.005, -0.4, 3.005],
			"to": [14.995, 0, 3.995],
			"rotation": {"angle": 0, "axis": "x", "origin": [8, 8, 8]},
			"faces": {
				"north": {"uv": [14.995, 12.6, 8.005, 13], "texture": "#0"},
				"east": {"uv": [14.6, 12.005, 15, 12.995], "rotation": 270, "texture": "#0"},
				"south": {"uv": [14.995, 12, 8.005, 12.4], "rotation": 180, "texture": "#0"},
				"west": {"uv": [8, 12.005, 8.4, 12.995], "rotation": 90, "texture": "#0"},
				"down": {"uv": [8.005, 12.005, 14.995, 12.995], "texture": "#0"}
			}
		},
		{
			"from": [9.005, -0.4, 2.005],
			"to": [12.995, 0, 3.005],
			"rotation": {"angle": 0, "axis": "x", "origin": [8, 8, 8]},
			"faces": {
				"north": {"uv": [12.995, 13.6, 9.005, 14], "texture": "#0"},
				"east": {"uv": [12.6, 12.995, 13, 13.995], "rotation": 270, "texture": "#0"},
				"west": {"uv": [9, 12.995, 9.4, 13.995], "rotation": 90, "texture": "#0"},
				"down": {"uv": [9.005, 12.995, 12.995, 13.995], "texture": "#0"}
			}
		},
		{
			"from": [11.005, -0.4, 3.995],
			"to": [12.995, 0, 4.995],
			"rotation": {"angle": 0, "axis": "x", "origin": [8, 8, 8]},
			"faces": {
				"east": {"uv": [12.6, 11.005, 13, 12.005], "rotation": 270, "texture": "#0"},
				"south": {"uv": [12.995, 11, 11.005, 11.4], "rotation": 180, "texture": "#0"},
				"west": {"uv": [11, 11.005, 11.4, 12.005], "rotation": 90, "texture": "#0"},
				"down": {"uv": [11.005, 11.005, 12.995, 12.005], "texture": "#0"}
			}
		},
		{
			"from": [2.005, -0.4, 6.005],
			"to": [6.995, 0, 6.995],
			"rotation": {"angle": 0, "axis": "x", "origin": [8, 8, 8]},
			"faces": {
				"north": {"uv": [6.995, 9.6, 2.005, 10], "texture": "#0"},
				"east": {"uv": [6.6, 9.005, 7, 9.995], "rotation": 270, "texture": "#0"},
				"south": {"uv": [6.995, 9, 2.005, 9.4], "rotation": 180, "texture": "#0"},
				"west": {"uv": [2, 9.005, 2.4, 9.995], "rotation": 90, "texture": "#0"},
				"down": {"uv": [2.005, 9.005, 6.995, 9.995], "texture": "#0"}
			}
		},
		{
			"from": [4.005, -0.4, 5.005],
			"to": [5.995, 0, 6.005],
			"rotation": {"angle": 0, "axis": "x", "origin": [8, 8, 8]},
			"faces": {
				"north": {"uv": [5.995, 10.6, 4.005, 11], "texture": "#0"},
				"east": {"uv": [5.6, 9.995, 6, 10.995], "rotation": 270, "texture": "#0"},
				"west": {"uv": [4, 9.995, 4.4, 10.995], "rotation": 90, "texture": "#0"},
				"down": {"uv": [4.005, 9.995, 5.995, 10.995], "texture": "#0"}
			}
		},
		{
			"from": [3.005, -0.4, 6.995],
			"to": [4.995, 0, 7.995],
			"rotation": {"angle": 0, "axis": "x", "origin": [8, 8, 8]},
			"faces": {
				"east": {"uv": [4.6, 8.005, 5, 9.005], "rotation": 270, "texture": "#0"},
				"south": {"uv": [4.995, 8, 3.005, 8.4], "rotation": 180, "texture": "#0"},
				"west": {"uv": [3, 8.005, 3.4, 9.005], "rotation": 90, "texture": "#0"},
				"down": {"uv": [3.005, 8.005, 4.995, 9.005], "texture": "#0"}
			}
		},
		{
			"from": [7.005, -0.4, 10.005],
			"to": [10.995, 0, 11.995],
			"rotation": {"angle": 0, "axis": "x", "origin": [8, 8, 8]},
			"faces": {
				"north": {"uv": [10.995, 5.6, 7.005, 6], "texture": "#0"},
				"east": {"uv": [10.6, 4.005, 11, 5.995], "rotation": 270, "texture": "#0"},
				"south": {"uv": [10.995, 4, 7.005, 4.4], "rotation": 180, "texture": "#0"},
				"west": {"uv": [7, 4.005, 7.4, 5.995], "rotation": 90, "texture": "#0"},
				"down": {"uv": [7.005, 4.005, 10.995, 5.995], "texture": "#0"}
			}
		},
		{
			"from": [6.005, -0.4, 9.005],
			"to": [8.995, 0, 10.995],
			"rotation": {"angle": 0, "axis": "x", "origin": [8, 8, 8]},
			"faces": {
				"north": {"uv": [8.995, 6.6, 6.005, 7], "texture": "#0"},
				"east": {"uv": [8.6, 5.005, 9, 6.995], "rotation": 270, "texture": "#0"},
				"south": {"uv": [8.995, 5, 6.005, 5.4], "rotation": 180, "texture": "#0"},
				"west": {"uv": [6, 5.005, 6.4, 6.995], "rotation": 90, "texture": "#0"},
				"down": {"uv": [6.005, 5.005, 8.995, 6.995], "texture": "#0"}
			}
		},
		{
			"from": [10.995, -0.4, 11.005],
			"to": [11.995, 0, 11.995],
			"rotation": {"angle": 0, "axis": "x", "origin": [8, 8, 8]},
			"faces": {
				"north": {"uv": [11.995, 4.6, 10.995, 5], "texture": "#0"},
				"east": {"uv": [11.6, 4.005, 12, 4.995], "rotation": 270, "texture": "#0"},
				"south": {"uv": [11.995, 4, 10.995, 4.4], "rotation": 180, "texture": "#0"},
				"down": {"uv": [10.995, 4.005, 11.995, 4.995], "texture": "#0"}
			}
		},
		{
			"from": [4.005, -0.4, 10.005],
			"to": [6.005, 0, 10.995],
			"rotation": {"angle": 0, "axis": "x", "origin": [8, 8, 8]},
			"faces": {
				"north": {"uv": [6.005, 5.6, 4.005, 6], "texture": "#0"},
				"south": {"uv": [6.005, 5, 4.005, 5.4], "rotation": 180, "texture": "#0"},
				"west": {"uv": [4, 5.005, 4.4, 5.995], "rotation": 90, "texture": "#0"},
				"down": {"uv": [4.005, 5.005, 6.005, 5.995], "texture": "#0"}
			}
		},
		{
			"from": [2.005, -0.4, 12.005],
			"to": [3.995, 0, 13.995],
			"rotation": {"angle": 0, "axis": "x", "origin": [8, 8, 8]},
			"faces": {
				"north": {"uv": [3.995, 3.6, 2.005, 4], "texture": "#0"},
				"east": {"uv": [3.6, 2.005, 4, 3.995], "rotation": 270, "texture": "#0"},
				"south": {"uv": [3.995, 2, 2.005, 2.4], "rotation": 180, "texture": "#0"},
				"west": {"uv": [2, 2.005, 2.4, 3.995], "rotation": 90, "texture": "#0"},
				"down": {"uv": [2.005, 2.005, 3.995, 3.995], "texture": "#0"}
			}
		},
		{
			"from": [3.995, -0.4, 13.005],
			"to": [4.995, 0, 13.995],
			"rotation": {"angle": 0, "axis": "x", "origin": [8, 8, 8]},
			"faces": {
				"north": {"uv": [4.995, 2.6, 3.995, 3], "texture": "#0"},
				"east": {"uv": [4.6, 2.005, 5, 2.995], "rotation": 270, "texture": "#0"},
				"south": {"uv": [4.995, 2, 3.995, 2.4], "rotation": 180, "texture": "#0"},
				"down": {"uv": [3.995, 2.005, 4.995, 2.995], "texture": "#0"}
			}
		},
		{
			"from": [1.005, -0.4, 12.005],
			"to": [2.005, 0, 12.995],
			"rotation": {"angle": 0, "axis": "x", "origin": [8, 8, 8]},
			"faces": {
				"north": {"uv": [2.005, 3.6, 1.005, 4], "texture": "#0"},
				"south": {"uv": [2.005, 3, 1.005, 3.4], "rotation": 180, "texture": "#0"},
				"west": {"uv": [1, 3.005, 1.4, 3.995], "rotation": 90, "texture": "#0"},
				"down": {"uv": [1.005, 3.005, 2.005, 3.995], "texture": "#0"}
			}
		},
		{
			"from": [2.005, -0.4, 1.005],
			"to": [2.995, 0, 2.995],
			"rotation": {"angle": 0, "axis": "x", "origin": [8, 8, 8]},
			"faces": {
				"north": {"uv": [2.995, 14.6, 2.005, 15], "texture": "#0"},
				"east": {"uv": [2.6, 13.005, 3, 14.995], "rotation": 270, "texture": "#0"},
				"south": {"uv": [2.995, 13, 2.005, 13.4], "rotation": 180, "texture": "#0"},
				"west": {"uv": [2, 13.005, 2.4, 14.995], "rotation": 90, "texture": "#0"},
				"down": {"uv": [2.005, 13.005, 2.995, 14.995], "texture": "#0"}
			}
		},
		{
			"from": [2.995, -0.4, 1.005],
			"to": [3.995, 0, 1.995],
			"rotation": {"angle": 0, "axis": "x", "origin": [8, 8, 8]},
			"faces": {
				"north": {"uv": [3.995, 14.6, 2.995, 15], "texture": "#0"},
				"east": {"uv": [3.6, 14.005, 4, 14.995], "rotation": 270, "texture": "#0"},
				"south": {"uv": [3.995, 14, 2.995, 14.4], "rotation": 180, "texture": "#0"},
				"down": {"uv": [2.995, 14.005, 3.995, 14.995], "texture": "#0"}
			}
		},
		{
			"from": [1.005, -0.4, 2.005],
			"to": [2.005, 0, 2.995],
			"rotation": {"angle": 0, "axis": "x", "origin": [8, 8, 8]},
			"faces": {
				"north": {"uv": [2.005, 13.6, 1.005, 14], "texture": "#0"},
				"south": {"uv": [2.005, 13, 1.005, 13.4], "rotation": 180, "texture": "#0"},
				"west": {"uv": [1, 13.005, 1.4, 13.995], "rotation": 90, "texture": "#0"},
				"down": {"uv": [1.005, 13.005, 2.005, 13.995], "texture": "#0"}
			}
		}
	],
	"display": {
		"thirdperson_righthand": {
			"rotation": [75, 45, 0],
			"translation": [0, 2.5, 0],
			"scale": [0.375, 0.375, 0.375]
		},
		"thirdperson_lefthand": {
			"rotation": [75, 45, 0],
			"translation": [0, 2.5, 0],
			"scale": [0.375, 0.375, 0.375]
		},
		"firstperson_righthand": {
			"rotation": [0, 45, 0],
			"scale": [0.4, 0.4, 0.4]
		},
		"firstperson_lefthand": {
			"rotation": [0, 225, 0],
			"scale": [0.4, 0.4, 0.4]
		},
		"ground": {
			"translation": [0, 3, 0],
			"scale": [0.25, 0.25, 0.25]
		},
		"gui": {
			"rotation": [30, 225, 0],
			"scale": [0.625, 0.625, 0.625]
		},
		"fixed": {
			"scale": [0.5, 0.5, 0.5]
		}
	},
	"groups": [
		0,
		{
			"name": "N",
			"origin": [8, 8, 8],
			"color": 0,
			"children": [
				1,
				2,
				{
					"name": "group",
					"origin": [8, 8, 8],
					"color": 0,
					"children": [3, 4]
				},
				{
					"name": "group",
					"origin": [8, 8, 8],
					"color": 0,
					"children": [5, 6]
				},
				{
					"name": "group",
					"origin": [8, 8, 8],
					"color": 0,
					"children": [7, 8, 9]
				},
				{
					"name": "group",
					"origin": [8, 8, 8],
					"color": 0,
					"children": [10, 11, 12]
				},
				{
					"name": "group",
					"origin": [8, 8, 8],
					"color": 0,
					"children": [13, 14, 15, 16]
				},
				{
					"name": "group",
					"origin": [8, 8, 8],
					"color": 0,
					"children": [17, 18, 19]
				},
				{
					"name": "group",
					"origin": [8, 8, 8],
					"color": 0,
					"children": [20, 21, 22]
				}
			]
		},
		{
			"name": "E",
			"origin": [8, 8, 8],
			"color": 0,
			"children": [
				23,
				24,
				{
					"name": "group",
					"origin": [8, 8, 8],
					"color": 0,
					"children": [25, 26]
				},
				{
					"name": "group",
					"origin": [8, 8, 8],
					"color": 0,
					"children": [27, 28]
				},
				{
					"name": "group",
					"origin": [8, 8, 8],
					"color": 0,
					"children": [29, 30, 31]
				},
				{
					"name": "group",
					"origin": [8, 8, 8],
					"color": 0,
					"children": [32, 33, 34]
				},
				{
					"name": "group",
					"origin": [8, 8, 8],
					"color": 0,
					"children": [35, 36, 37, 38]
				},
				{
					"name": "group",
					"origin": [8, 8, 8],
					"color": 0,
					"children": [39, 40, 41]
				},
				{
					"name": "group",
					"origin": [8, 8, 8],
					"color": 0,
					"children": [42, 43, 44]
				}
			]
		},
		{
			"name": "S",
			"origin": [8, 8, 8],
			"color": 0,
			"children": [
				45,
				46,
				{
					"name": "group",
					"origin": [8, 8, 8],
					"color": 0,
					"children": [47, 48]
				},
				{
					"name": "group",
					"origin": [8, 8, 8],
					"color": 0,
					"children": [49, 50]
				},
				{
					"name": "group",
					"origin": [8, 8, 8],
					"color": 0,
					"children": [51, 52, 53]
				},
				{
					"name": "group",
					"origin": [8, 8, 8],
					"color": 0,
					"children": [54, 55, 56]
				},
				{
					"name": "group",
					"origin": [8, 8, 8],
					"color": 0,
					"children": [57, 58, 59, 60]
				},
				{
					"name": "group",
					"origin": [8, 8, 8],
					"color": 0,
					"children": [61, 62, 63]
				},
				{
					"name": "group",
					"origin": [8, 8, 8],
					"color": 0,
					"children": [64, 65, 66]
				}
			]
		},
		{
			"name": "W",
			"origin": [8, 8, 8],
			"color": 0,
			"children": [
				67,
				68,
				{
					"name": "group",
					"origin": [8, 8, 8],
					"color": 0,
					"children": [69, 70]
				},
				{
					"name": "group",
					"origin": [8, 8, 8],
					"color": 0,
					"children": [71, 72]
				},
				{
					"name": "group",
					"origin": [8, 8, 8],
					"color": 0,
					"children": [73, 74, 75]
				},
				{
					"name": "group",
					"origin": [8, 8, 8],
					"color": 0,
					"children": [76, 77, 78]
				},
				{
					"name": "group",
					"origin": [8, 8, 8],
					"color": 0,
					"children": [79, 80, 81, 82]
				},
				{
					"name": "group",
					"origin": [8, 8, 8],
					"color": 0,
					"children": [83, 84, 85]
				},
				{
					"name": "group",
					"origin": [8, 8, 8],
					"color": 0,
					"children": [86, 87, 88]
				}
			]
		},
		{
			"name": "U",
			"origin": [8, 8, 8],
			"color": 0,
			"children": [
				89,
				90,
				{
					"name": "group",
					"origin": [8, 8, 8],
					"color": 0,
					"children": [91, 92]
				},
				{
					"name": "group",
					"origin": [8, 8, 8],
					"color": 0,
					"children": [93, 94]
				},
				{
					"name": "group",
					"origin": [8, 8, 8],
					"color": 0,
					"children": [95, 96, 97]
				},
				{
					"name": "group",
					"origin": [8, 8, 8],
					"color": 0,
					"children": [98, 99, 100]
				},
				{
					"name": "group",
					"origin": [8, 8, 8],
					"color": 0,
					"children": [101, 102, 103, 104]
				},
				{
					"name": "group",
					"origin": [8, 8, 8],
					"color": 0,
					"children": [105, 106, 107]
				},
				{
					"name": "group",
					"origin": [8, 8, 8],
					"color": 0,
					"children": [108, 109, 110]
				}
			]
		},
		{
			"name": "D",
			"origin": [8, 8, 8],
			"color": 0,
			"children": [
				111,
				112,
				{
					"name": "group",
					"origin": [8, 8, 8],
					"color": 0,
					"children": [113, 114]
				},
				{
					"name": "group",
					"origin": [8, 8, 8],
					"color": 0,
					"children": [115, 116]
				},
				{
					"name": "group",
					"origin": [8, 8, 8],
					"color": 0,
					"children": [117, 118, 119]
				},
				{
					"name": "group",
					"origin": [8, 8, 8],
					"color": 0,
					"children": [120, 121, 122]
				},
				{
					"name": "group",
					"origin": [8, 8, 8],
					"color": 0,
					"children": [123, 124, 125, 126]
				},
				{
					"name": "group",
					"origin": [8, 8, 8],
					"color": 0,
					"children": [127, 128, 129]
				},
				{
					"name": "group",
					"origin": [8, 8, 8],
					"color": 0,
					"children": [130, 131, 132]
				}
			]
		}
	]
}