{
	"credit": "Made by SkylaDev :3 https://skyla.dev/",
	"textures": {
		"0": "block/iron_bars",
		"particle": "block/iron_bars"
	},
	"elements": [
		{
			"from": [7.5, 0, 8],
			"to": [8.5, 16, 9],
			"rotation": {"angle": 0, "axis": "y", "origin": [8, 0, 8]},
			"faces": {
				"north": {"uv": [7, 0, 8, 16], "texture": "#0"},
				"east": {"uv": [7, 0, 8, 16], "texture": "#0"},
				"south": {"uv": [7, 0, 8, 16], "texture": "#0"},
				"west": {"uv": [8, 0, 7, 16], "texture": "#0"},
				"up": {"uv": [7, 0, 8, 1], "texture": "#0"},
				"down": {"uv": [7, 15, 8, 16], "texture": "#0"}
			}
		},
		{
			"from": [7.5, 0, 7],
			"to": [8.5, 16, 8],
			"rotation": {"angle": 0, "axis": "y", "origin": [8, 0, 8]},
			"faces": {
				"north": {"uv": [8, 0, 9, 16], "texture": "#0"},
				"east": {"uv": [8, 0, 9, 16], "texture": "#0"},
				"south": {"uv": [8, 0, 9, 16], "texture": "#0"},
				"west": {"uv": [9, 0, 8, 16], "texture": "#0"},
				"up": {"uv": [8, 0, 9, 1], "texture": "#0"},
				"down": {"uv": [8, 15, 9, 16], "texture": "#0"}
			}
		},
		{
			"from": [7, 0, 7.5],
			"to": [8, 16, 8.5],
			"rotation": {"angle": 0, "axis": "y", "origin": [8, 0, 8]},
			"faces": {
				"north": {"uv": [8, 0, 7, 16], "texture": "#0"},
				"east": {"uv": [7, 0, 8, 16], "texture": "#0"},
				"south": {"uv": [7, 0, 8, 16], "texture": "#0"},
				"west": {"uv": [7, 0, 8, 16], "texture": "#0"},
				"up": {"uv": [7, 0, 8, 1], "rotation": 90, "texture": "#0"},
				"down": {"uv": [7, 15, 8, 16], "rotation": 270, "texture": "#0"}
			}
		},
		{
			"from": [8, 0, 7.5],
			"to": [9, 16, 8.5],
			"rotation": {"angle": 0, "axis": "y", "origin": [8, 0, 8]},
			"faces": {
				"north": {"uv": [9, 0, 8, 16], "texture": "#0"},
				"east": {"uv": [8, 0, 9, 16], "texture": "#0"},
				"south": {"uv": [8, 0, 9, 16], "texture": "#0"},
				"west": {"uv": [8, 0, 9, 16], "texture": "#0"},
				"up": {"uv": [8, 0, 9, 1], "rotation": 90, "texture": "#0"},
				"down": {"uv": [8, 15, 9, 16], "rotation": 270, "texture": "#0"}
			}
		},
		{
			"name": "capTop",
			"from": [7.5, 16.001, 7.5],
			"to": [8.5, 16.001, 8.5],
			"faces": {
				"up": {"uv": [8, 0, 9, 1], "texture": "#0"}
			}
		},
		{
			"name": "capBottom",
			"from": [7.5, -0.001, 7.5],
			"to": [8.5, -0.001, 8.5],
			"faces": {
				"down": {"uv": [8, 15, 9, 16], "texture": "#0"}
			}
		}
	],
	"display": {
		"thirdperson_righthand": {
			"rotation": [75, 45, 0],
			"translation": [0, 2.5, 0],
			"scale": [0.375, 0.375, 0.375]
		},
		"thirdperson_lefthand": {
			"rotation": [75, 45, 0],
			"translation": [0, 2.5, 0],
			"scale": [0.375, 0.375, 0.375]
		},
		"firstperson_righthand": {
			"rotation": [0, 45, 0],
			"scale": [0.4, 0.4, 0.4]
		},
		"firstperson_lefthand": {
			"rotation": [0, 225, 0],
			"scale": [0.4, 0.4, 0.4]
		},
		"ground": {
			"translation": [0, 3, 0],
			"scale": [0.25, 0.25, 0.25]
		},
		"gui": {
			"rotation": [30, 225, 0],
			"scale": [0.625, 0.625, 0.625]
		},
		"fixed": {
			"scale": [0.5, 0.5, 0.5]
		}
	}
}