{
	"credit": "Made by SkylaDev :3 https://skyla.dev/",
	"textures": {
		"0": "block/iron_bars",
		"particle": "block/iron_bars"
	},
	"elements": [
		{
			"from": [7.5, 0, 7],
			"to": [8.5, 16, 8],
			"faces": {
				"north": {"uv": [8, 0, 9, 16], "texture": "#0"},
				"east": {"uv": [8, 0, 9, 16], "texture": "#0"},
				"south": {"uv": [8, 0, 9, 16], "texture": "#0"},
				"west": {"uv": [9, 0, 8, 16], "texture": "#0"},
				"up": {"uv": [8, 0, 9, 1], "texture": "#0"},
				"down": {"uv": [8, 15, 9, 16], "texture": "#0"}
			}
		},
		{
			"from": [7.5, 0, 2],
			"to": [8.5, 16, 4],
			"faces": {
				"north": {"uv": [13, 0, 14, 16], "texture": "#0"},
				"east": {"uv": [12, 0, 14, 16], "texture": "#0"},
				"south": {"uv": [12, 0, 13, 16], "texture": "#0"},
				"west": {"uv": [14, 0, 12, 16], "texture": "#0"},
				"up": {"uv": [12, 0, 14, 1], "rotation": 270, "texture": "#0"},
				"down": {"uv": [12, 15, 14, 16], "rotation": 90, "texture": "#0"}
			}
		},
		{
			"from": [7.5, 2, 4],
			"to": [8.5, 4, 7],
			"faces": {
				"east": {"uv": [9, 12, 12, 14], "texture": "#0"},
				"west": {"uv": [12, 12, 9, 14], "texture": "#0"},
				"up": {"uv": [9, 12, 12, 13], "rotation": 270, "texture": "#0"},
				"down": {"uv": [9, 13, 12, 14], "rotation": 90, "texture": "#0"}
			}
		},
		{
			"from": [7.5, 7, 0],
			"to": [8.5, 9, 2],
			"faces": {
				"north": {"uv": [15, 7, 16, 9], "texture": "#0"},
				"east": {"uv": [14, 7, 16, 9], "texture": "#0"},
				"west": {"uv": [16, 7, 14, 9], "texture": "#0"},
				"up": {"uv": [14, 7, 16, 8], "rotation": 270, "texture": "#0"},
				"down": {"uv": [14, 8, 16, 9], "rotation": 90, "texture": "#0"}
			}
		},
		{
			"name": "capTop",
			"from": [7.5, 16.001, 7],
			"to": [8.5, 16.001, 8],
			"faces": {
				"up": {"uv": [8, 0, 9, 1], "texture": "#0"}
			}
		},
		{
			"name": "capBottom",
			"from": [7.5, -0.001, 7],
			"to": [8.5, -0.001, 8],
			"faces": {
				"down": {"uv": [8, 15, 9, 16], "texture": "#0"}
			}
		}
	],
	"display": {
		"thirdperson_righthand": {
			"rotation": [75, 45, 0],
			"translation": [0, 2.5, 0],
			"scale": [0.375, 0.375, 0.375]
		},
		"thirdperson_lefthand": {
			"rotation": [75, 45, 0],
			"translation": [0, 2.5, 0],
			"scale": [0.375, 0.375, 0.375]
		},
		"firstperson_righthand": {
			"rotation": [0, 45, 0],
			"scale": [0.4, 0.4, 0.4]
		},
		"firstperson_lefthand": {
			"rotation": [0, 225, 0],
			"scale": [0.4, 0.4, 0.4]
		},
		"ground": {
			"translation": [0, 3, 0],
			"scale": [0.25, 0.25, 0.25]
		},
		"gui": {
			"rotation": [30, 225, 0],
			"scale": [0.625, 0.625, 0.625]
		},
		"fixed": {
			"scale": [0.5, 0.5, 0.5]
		}
	}
}