{
	"credit": "Made by SkylaDev :3 https://skyla.dev/",
	"textures": {
		"0": "block/pumpkin_top",
		"1": "block/pumpkin_side",
		"2": "block/jack_o_lantern",
		"3": "block/pumpkin_bottom",
		"4": "block/jack_o_lantern_interior_side",
		"5": "block/jack_o_lantern_interior_top",
		"7": "block/torch",
		"particle": "block/jack_o_lantern"
	},
	"elements": [
		{
			"name": "base",
			"from": [0, 0, 0],
			"to": [16, 16, 16],
			"faces": {
				"east": {"uv": [0, 0, 16, 16], "texture": "#1"},
				"south": {"uv": [0, 0, 16, 16], "texture": "#1"},
				"west": {"uv": [0, 0, 16, 16], "texture": "#1"},
				"up": {"uv": [0, 0, 16, 16], "texture": "#0"},
				"down": {"uv": [0, 0, 16, 16], "texture": "#3"}
			}
		},
		{
			"name": "east",
			"from": [15, 1, 1],
			"to": [15, 15, 15],
			"faces": {
				"west": {"uv": [1, 1, 15, 15], "texture": "#4"}
			}
		},
		{
			"name": "south",
			"from": [1, 1, 15],
			"to": [15, 15, 15],
			"faces": {
				"north": {"uv": [1, 1, 15, 15], "texture": "#4"}
			}
		},
		{
			"name": "west",
			"from": [1, 1, 1],
			"to": [1, 15, 15],
			"faces": {
				"east": {"uv": [1, 1, 15, 15], "texture": "#4"}
			}
		},
		{
			"name": "floor",
			"from": [1, 1, 1],
			"to": [15, 1, 15],
			"faces": {
				"up": {"uv": [1, 1, 15, 15], "texture": "#5"}
			}
		},
		{
			"name": "roof",
			"from": [1, 15, 1],
			"to": [15, 15, 15],
			"faces": {
				"down": {"uv": [1, 1, 15, 15], "texture": "#5"}
			}
		},
		{
			"from": [0, 0, 0],
			"to": [16, 2, 1],
			"faces": {
				"north": {"uv": [0, 14, 16, 16], "texture": "#2"},
				"south": {"uv": [0, 16, 16, 14], "rotation": 180, "texture": "#4"},
				"up": {"uv": [0, 14, 16, 15], "rotation": 180, "texture": "#2"}
			}
		},
		{
			"from": [0, 14, 0],
			"to": [16, 16, 1],
			"faces": {
				"north": {"uv": [0, 0, 16, 2], "texture": "#2"},
				"south": {"uv": [0, 2, 16, 0], "rotation": 180, "texture": "#4"},
				"down": {"uv": [0, 1, 16, 2], "rotation": 180, "texture": "#2"}
			}
		},
		{
			"from": [14, 2, 0],
			"to": [16, 14, 1],
			"faces": {
				"north": {"uv": [0, 2, 2, 14], "texture": "#2"},
				"south": {"uv": [2, 2, 0, 14], "texture": "#4"},
				"west": {"uv": [1, 2, 2, 14], "texture": "#2"}
			}
		},
		{
			"from": [0, 2, 0],
			"to": [1, 14, 1],
			"faces": {
				"north": {"uv": [15, 2, 16, 14], "texture": "#2"},
				"east": {"uv": [15, 2, 16, 14], "texture": "#2"}
			}
		},
		{
			"from": [1, 7, 0],
			"to": [14, 8, 1],
			"faces": {
				"north": {"uv": [2, 8, 15, 9], "texture": "#2"},
				"south": {"uv": [2, 8, 15, 9], "rotation": 180, "texture": "#4"},
				"up": {"uv": [2, 8, 15, 9], "rotation": 180, "texture": "#2"},
				"down": {"uv": [2, 8, 15, 9], "rotation": 180, "texture": "#2"}
			}
		},
		{
			"from": [7, 8, 0],
			"to": [9, 14, 1],
			"faces": {
				"north": {"uv": [7, 2, 9, 8], "texture": "#2"},
				"east": {"uv": [7, 2, 8, 8], "texture": "#2"},
				"south": {"uv": [9, 2, 7, 8], "texture": "#4"},
				"west": {"uv": [8, 2, 9, 8], "texture": "#2"}
			}
		},
		{
			"from": [1, 8, 0],
			"to": [2, 14, 1],
			"faces": {
				"north": {"uv": [14, 2, 15, 8], "texture": "#2"},
				"east": {"uv": [14, 2, 15, 8], "texture": "#2"},
				"south": {"uv": [14, 2, 15, 8], "texture": "#4"}
			}
		},
		{
			"from": [13, 8, 0],
			"to": [14, 14, 1],
			"faces": {
				"north": {"uv": [2, 2, 3, 8], "texture": "#2"},
				"south": {"uv": [2, 2, 3, 8], "texture": "#4"},
				"west": {"uv": [2, 2, 3, 8], "texture": "#2"}
			}
		},
		{
			"from": [12, 8, 0],
			"to": [13, 9, 1],
			"faces": {
				"north": {"uv": [3, 7, 4, 8], "texture": "#2"},
				"south": {"uv": [3, 7, 4, 8], "texture": "#4"},
				"west": {"uv": [3, 7, 4, 8], "texture": "#2"},
				"up": {"uv": [3, 7, 4, 8], "texture": "#2"}
			}
		},
		{
			"from": [12, 12, 0],
			"to": [13, 14, 1],
			"faces": {
				"north": {"uv": [3, 2, 4, 4], "texture": "#2"},
				"south": {"uv": [3, 2, 4, 4], "texture": "#4"},
				"west": {"uv": [3, 2, 4, 4], "texture": "#2"},
				"down": {"uv": [3, 3, 4, 4], "texture": "#2"}
			}
		},
		{
			"from": [9, 8, 0],
			"to": [10, 9, 1],
			"faces": {
				"north": {"uv": [6, 7, 7, 8], "texture": "#2"},
				"east": {"uv": [6, 7, 7, 8], "texture": "#2"},
				"south": {"uv": [6, 7, 7, 8], "texture": "#4"},
				"up": {"uv": [6, 7, 7, 8], "texture": "#2"}
			}
		},
		{
			"from": [9, 13, 0],
			"to": [10, 14, 1],
			"faces": {
				"north": {"uv": [6, 2, 7, 3], "texture": "#2"},
				"east": {"uv": [6, 2, 7, 3], "texture": "#2"},
				"south": {"uv": [6, 2, 7, 3], "texture": "#4"},
				"down": {"uv": [6, 2, 7, 3], "texture": "#2"}
			}
		},
		{
			"from": [2, 10, 0],
			"to": [3, 14, 1],
			"faces": {
				"north": {"uv": [13, 2, 14, 6], "texture": "#2"},
				"east": {"uv": [13, 2, 14, 6], "texture": "#2"},
				"south": {"uv": [13, 2, 14, 6], "texture": "#4"},
				"down": {"uv": [13, 5, 14, 6], "texture": "#2"}
			}
		},
		{
			"from": [3, 12, 0],
			"to": [4, 14, 1],
			"faces": {
				"north": {"uv": [12, 2, 13, 4], "texture": "#2"},
				"east": {"uv": [12, 2, 13, 4], "texture": "#2"},
				"south": {"uv": [12, 2, 13, 4], "texture": "#4"},
				"down": {"uv": [12, 3, 13, 4], "texture": "#2"}
			}
		},
		{
			"from": [4, 13, 0],
			"to": [5, 14, 1],
			"faces": {
				"north": {"uv": [11, 2, 12, 3], "texture": "#2"},
				"east": {"uv": [11, 2, 12, 3], "texture": "#2"},
				"south": {"uv": [11, 2, 12, 3], "texture": "#4"},
				"down": {"uv": [11, 2, 12, 3], "texture": "#2"}
			}
		},
		{
			"from": [6, 13, 0],
			"to": [7, 14, 1],
			"faces": {
				"north": {"uv": [9, 2, 10, 3], "texture": "#2"},
				"south": {"uv": [9, 2, 10, 3], "texture": "#4"},
				"west": {"uv": [9, 2, 10, 3], "texture": "#2"},
				"down": {"uv": [9, 2, 10, 3], "texture": "#2"}
			}
		},
		{
			"from": [6, 8, 0],
			"to": [7, 9, 1],
			"faces": {
				"north": {"uv": [9, 7, 10, 8], "texture": "#2"},
				"south": {"uv": [9, 7, 10, 8], "texture": "#4"},
				"west": {"uv": [9, 7, 10, 8], "texture": "#2"},
				"up": {"uv": [9, 7, 10, 8], "texture": "#2"}
			}
		},
		{
			"from": [13, 2, 0],
			"to": [14, 4, 1],
			"faces": {
				"north": {"uv": [2, 12, 3, 14], "texture": "#2"},
				"south": {"uv": [2, 12, 3, 14], "texture": "#4"},
				"west": {"uv": [2, 12, 3, 14], "texture": "#2"},
				"up": {"uv": [2, 12, 3, 13], "texture": "#2"}
			}
		},
		{
			"from": [10, 2, 0],
			"to": [12, 3, 1],
			"faces": {
				"north": {"uv": [4, 13, 6, 14], "texture": "#2"},
				"east": {"uv": [4, 13, 5, 14], "texture": "#2"},
				"south": {"uv": [4, 13, 6, 14], "rotation": 180, "texture": "#4"},
				"west": {"uv": [5, 13, 6, 14], "texture": "#2"},
				"up": {"uv": [4, 13, 6, 14], "rotation": 180, "texture": "#2"}
			}
		},
		{
			"from": [10, 3, 0],
			"to": [11, 4, 1],
			"faces": {
				"north": {"uv": [5, 12, 6, 13], "texture": "#2"},
				"east": {"uv": [5, 12, 6, 13], "texture": "#2"},
				"south": {"uv": [5, 12, 6, 13], "texture": "#4"},
				"west": {"uv": [5, 12, 6, 13], "texture": "#2"},
				"up": {"uv": [5, 12, 6, 13], "texture": "#2"}
			}
		},
		{
			"from": [5, 2, 0],
			"to": [9, 3, 1],
			"faces": {
				"north": {"uv": [7, 13, 11, 14], "texture": "#2"},
				"east": {"uv": [7, 13, 8, 14], "texture": "#2"},
				"south": {"uv": [7, 13, 11, 14], "rotation": 180, "texture": "#4"},
				"west": {"uv": [10, 13, 11, 14], "texture": "#2"},
				"up": {"uv": [7, 13, 11, 14], "rotation": 180, "texture": "#2"}
			}
		},
		{
			"from": [7, 3, 0],
			"to": [8, 4, 1],
			"faces": {
				"north": {"uv": [8, 12, 9, 13], "texture": "#2"},
				"east": {"uv": [8, 12, 9, 13], "texture": "#2"},
				"south": {"uv": [8, 12, 9, 13], "texture": "#4"},
				"west": {"uv": [8, 12, 9, 13], "texture": "#2"},
				"up": {"uv": [8, 12, 9, 13], "texture": "#2"}
			}
		},
		{
			"from": [1, 2, 0],
			"to": [4, 3, 1],
			"faces": {
				"north": {"uv": [12, 13, 15, 14], "texture": "#2"},
				"east": {"uv": [12, 13, 13, 14], "texture": "#2"},
				"south": {"uv": [12, 13, 15, 14], "texture": "#4"},
				"up": {"uv": [12, 13, 15, 14], "rotation": 180, "texture": "#2"}
			}
		},
		{
			"from": [3, 3, 0],
			"to": [4, 4, 1],
			"faces": {
				"north": {"uv": [12, 12, 13, 13], "texture": "#2"},
				"east": {"uv": [12, 12, 13, 13], "texture": "#2"},
				"south": {"uv": [12, 12, 13, 13], "texture": "#4"},
				"west": {"uv": [12, 12, 13, 13], "texture": "#2"},
				"up": {"uv": [12, 12, 13, 13], "texture": "#2"}
			}
		},
		{
			"from": [13, 6, 0],
			"to": [14, 7, 1],
			"faces": {
				"north": {"uv": [2, 9, 3, 10], "texture": "#2"},
				"south": {"uv": [2, 9, 3, 10], "texture": "#4"},
				"west": {"uv": [2, 9, 3, 10], "texture": "#2"},
				"down": {"uv": [2, 9, 3, 10], "texture": "#2"}
			}
		},
		{
			"from": [11, 6, 0],
			"to": [12, 7, 1],
			"faces": {
				"north": {"uv": [4, 9, 5, 10], "texture": "#2"},
				"east": {"uv": [4, 9, 5, 10], "texture": "#2"},
				"south": {"uv": [4, 9, 5, 10], "texture": "#4"},
				"west": {"uv": [4, 9, 5, 10], "texture": "#2"},
				"down": {"uv": [4, 9, 5, 10], "texture": "#2"}
			}
		},
		{
			"from": [8, 6, 0],
			"to": [10, 7, 1],
			"faces": {
				"north": {"uv": [6, 9, 8, 10], "texture": "#2"},
				"east": {"uv": [6, 9, 7, 10], "texture": "#2"},
				"south": {"uv": [6, 9, 8, 10], "rotation": 180, "texture": "#4"},
				"west": {"uv": [7, 9, 8, 10], "texture": "#2"},
				"down": {"uv": [6, 9, 8, 10], "rotation": 180, "texture": "#2"}
			}
		},
		{
			"from": [5, 6, 0],
			"to": [7, 7, 1],
			"faces": {
				"north": {"uv": [9, 9, 11, 10], "texture": "#2"},
				"east": {"uv": [9, 9, 10, 10], "texture": "#2"},
				"south": {"uv": [9, 9, 11, 10], "rotation": 180, "texture": "#4"},
				"west": {"uv": [10, 9, 11, 10], "texture": "#2"},
				"down": {"uv": [9, 9, 11, 10], "rotation": 180, "texture": "#2"}
			}
		},
		{
			"from": [3, 6, 0],
			"to": [4, 7, 1],
			"faces": {
				"north": {"uv": [12, 9, 13, 10], "texture": "#2"},
				"east": {"uv": [12, 9, 13, 10], "texture": "#2"},
				"south": {"uv": [12, 9, 13, 10], "texture": "#4"},
				"west": {"uv": [12, 9, 13, 10], "texture": "#2"},
				"down": {"uv": [12, 9, 13, 10], "texture": "#2"}
			}
		},
		{
			"from": [1, 5, 0],
			"to": [2, 7, 1],
			"faces": {
				"north": {"uv": [14, 9, 15, 11], "texture": "#2"},
				"east": {"uv": [14, 9, 15, 11], "texture": "#2"},
				"south": {"uv": [14, 9, 15, 11], "texture": "#4"},
				"down": {"uv": [14, 10, 15, 11], "texture": "#2"}
			}
		},
		{
			"from": [7, 1, 7],
			"to": [9, 10, 9],
			"faces": {
				"north": {"uv": [7, 6, 9, 15], "texture": "#7"},
				"east": {"uv": [7, 6, 9, 15], "texture": "#7"},
				"south": {"uv": [7, 6, 9, 15], "texture": "#7"},
				"west": {"uv": [7, 6, 9, 15], "texture": "#7"},
				"up": {"uv": [7, 6, 9, 8], "texture": "#7"}
			}
		},
		{
			"name": "N",
			"from": [7, 8, 6.75],
			"to": [9, 10, 7],
			"rotation": {"angle": 0, "axis": "y", "origin": [8, 9, 8]},
			"faces": {
				"north": {"uv": [7, 6, 9, 8], "texture": "#7"},
				"east": {"uv": [7, 6, 7.25, 8], "texture": "#7"},
				"west": {"uv": [8.75, 6, 9, 8], "texture": "#7"},
				"up": {"uv": [7, 6, 9, 6.25], "rotation": 180, "texture": "#7"},
				"down": {"uv": [7, 7.75, 9, 8], "rotation": 180, "texture": "#7"}
			}
		},
		{
			"name": "E",
			"from": [9, 8, 7],
			"to": [9.25, 10, 9],
			"rotation": {"angle": 0, "axis": "y", "origin": [8, 9, 8]},
			"faces": {
				"north": {"uv": [8.75, 6, 9, 8], "texture": "#7"},
				"east": {"uv": [7, 6, 9, 8], "texture": "#7"},
				"south": {"uv": [7, 6, 7.25, 8], "texture": "#7"},
				"up": {"uv": [7, 6, 9, 6.25], "rotation": 270, "texture": "#7"},
				"down": {"uv": [7, 7.75, 9, 8], "rotation": 90, "texture": "#7"}
			}
		},
		{
			"name": "S",
			"from": [7, 8, 9],
			"to": [9, 10, 9.25],
			"rotation": {"angle": 0, "axis": "y", "origin": [8, 9, 8]},
			"faces": {
				"east": {"uv": [8.75, 6, 9, 8], "texture": "#7"},
				"south": {"uv": [7, 6, 9, 8], "texture": "#7"},
				"west": {"uv": [7, 6, 7.25, 8], "texture": "#7"},
				"up": {"uv": [7, 6, 9, 6.25], "texture": "#7"},
				"down": {"uv": [7, 7.75, 9, 8], "texture": "#7"}
			}
		},
		{
			"name": "W",
			"from": [6.75, 8, 7],
			"to": [7, 10, 9],
			"rotation": {"angle": 0, "axis": "y", "origin": [8, 9, 8]},
			"faces": {
				"north": {"uv": [7, 6, 7.25, 8], "texture": "#7"},
				"south": {"uv": [8.75, 6, 9, 8], "texture": "#7"},
				"west": {"uv": [7, 6, 9, 8], "texture": "#7"},
				"up": {"uv": [7, 6, 9, 6.25], "rotation": 90, "texture": "#7"},
				"down": {"uv": [7, 7.75, 9, 8], "rotation": 270, "texture": "#7"}
			}
		},
		{
			"name": "U",
			"from": [7, 10, 7],
			"to": [9, 10.25, 9],
			"rotation": {"angle": 0, "axis": "y", "origin": [8, 9, 8]},
			"faces": {
				"north": {"uv": [7, 6, 9, 6.25], "rotation": 180, "texture": "#7"},
				"east": {"uv": [8.75, 6, 9, 8], "rotation": 90, "texture": "#7"},
				"south": {"uv": [7, 7.75, 9, 8], "texture": "#7"},
				"west": {"uv": [7, 6, 7.25, 8], "rotation": 270, "texture": "#7"},
				"up": {"uv": [7, 6, 9, 8], "texture": "#7"}
			}
		}
	],
	"display": {
		"thirdperson_righthand": {
			"rotation": [75, 45, 0],
			"translation": [0, 2.5, 0],
			"scale": [0.375, 0.375, 0.375]
		},
		"thirdperson_lefthand": {
			"rotation": [75, 45, 0],
			"translation": [0, 2.5, 0],
			"scale": [0.375, 0.375, 0.375]
		},
		"firstperson_righthand": {
			"rotation": [0, 135, 0],
			"scale": [0.4, 0.4, 0.4]
		},
		"firstperson_lefthand": {
			"rotation": [0, 135, 0],
			"scale": [0.4, 0.4, 0.4]
		},
		"ground": {
			"translation": [0, 3, 0],
			"scale": [0.25, 0.25, 0.25]
		},
		"gui": {
			"rotation": [30, 225, 0],
			"scale": [0.625, 0.625, 0.625]
		},
		"fixed": {
			"scale": [0.5, 0.5, 0.5]
		}
	},
	"groups": [
		{
			"name": "outside faces",
			"origin": [0, 0, 0],
			"color": 0,
			"children": [0]
		},
		{
			"name": "inside faces",
			"origin": [8, 8, 8],
			"color": 0,
			"children": [1, 2, 3, 4, 5]
		},
		{
			"name": "front face",
			"origin": [8, 8, 8],
			"color": 0,
			"children": [
				6,
				7,
				8,
				9,
				10,
				11,
				12,
				{
					"name": "left eye",
					"origin": [0, 0, 0],
					"color": 0,
					"children": [13, 14, 15, 16, 17]
				},
				{
					"name": "right eye",
					"origin": [8, 8, 8],
					"color": 0,
					"children": [18, 19, 20, 21, 22]
				},
				{
					"name": "mouth",
					"origin": [8, 8, 8],
					"color": 0,
					"children": [23, 24, 25, 26, 27, 28, 29, 30, 31, 32, 33, 34, 35]
				}
			]
		},
		{
			"name": "torch",
			"origin": [8, 8, 8],
			"color": 0,
			"children": [
				36,
				{
					"name": "top",
					"origin": [8, 8, 8],
					"color": 0,
					"children": [37, 38, 39, 40, 41]
				}
			]
		}
	]
}