{
	"credit": "Made by SkylaDev :3 https://skyla.dev/",
	"textures": {
		"0": "block/ladder",
		"particle": "block/ladder"
	},
	"elements": [
		{
			"name": "left",
			"from": [12, 0, 15],
			"to": [14, 16, 16],
			"faces": {
				"north": {"uv": [2, 0, 4, 16], "texture": "#0"},
				"east": {"uv": [2, 0, 3, 16], "texture": "#0"},
				"south": {"uv": [4, 0, 2, 16], "texture": "#0"},
				"west": {"uv": [3, 0, 4, 16], "texture": "#0"},
				"up": {"uv": [4, 0, 2, 1], "texture": "#0"},
				"down": {"uv": [4, 15, 2, 16], "texture": "#0"}
			}
		},
		{
			"name": "right",
			"from": [2, 0, 15],
			"to": [4, 16, 16],
			"faces": {
				"north": {"uv": [12, 0, 14, 16], "texture": "#0"},
				"east": {"uv": [12, 0, 13, 16], "texture": "#0"},
				"south": {"uv": [14, 0, 12, 16], "texture": "#0"},
				"west": {"uv": [13, 0, 14, 16], "texture": "#0"},
				"up": {"uv": [14, 0, 12, 1], "texture": "#0"},
				"down": {"uv": [14, 15, 12, 16], "texture": "#0"}
			}
		},
		{
			"name": "1",
			"from": [1, 1, 15.25],
			"to": [15, 3, 15.75],
			"faces": {
				"north": {"uv": [1, 13, 15, 15], "texture": "#0"},
				"east": {"uv": [1, 13, 1.5, 15], "texture": "#0"},
				"south": {"uv": [15, 13, 1, 15], "texture": "#0"},
				"west": {"uv": [14.5, 13, 15, 15], "texture": "#0"},
				"up": {"uv": [15, 13, 1, 13.5], "texture": "#0"},
				"down": {"uv": [15, 14.5, 1, 15], "texture": "#0"}
			}
		},
		{
			"name": "2",
			"from": [1, 5, 15.25],
			"to": [15, 7, 15.75],
			"faces": {
				"north": {"uv": [1, 9, 15, 11], "texture": "#0"},
				"east": {"uv": [1, 9, 1.5, 11], "texture": "#0"},
				"south": {"uv": [15, 9, 1, 11], "texture": "#0"},
				"west": {"uv": [14.5, 9, 15, 11], "texture": "#0"},
				"up": {"uv": [15, 9, 1, 9.5], "texture": "#0"},
				"down": {"uv": [15, 10.5, 1, 11], "texture": "#0"}
			}
		},
		{
			"name": "3",
			"from": [1, 9, 15.25],
			"to": [15, 11, 15.75],
			"faces": {
				"north": {"uv": [1, 5, 15, 7], "texture": "#0"},
				"east": {"uv": [1, 5, 1.5, 7], "texture": "#0"},
				"south": {"uv": [15, 5, 1, 7], "texture": "#0"},
				"west": {"uv": [14.5, 5, 15, 7], "texture": "#0"},
				"up": {"uv": [15, 5, 1, 5.5], "texture": "#0"},
				"down": {"uv": [15, 6.5, 1, 7], "texture": "#0"}
			}
		},
		{
			"name": "4",
			"from": [1, 13, 15.25],
			"to": [15, 15, 15.75],
			"faces": {
				"north": {"uv": [1, 1, 15, 3], "texture": "#0"},
				"east": {"uv": [1, 1, 1.5, 3], "texture": "#0"},
				"south": {"uv": [15, 1, 1, 3], "texture": "#0"},
				"west": {"uv": [14.5, 1, 15, 3], "texture": "#0"},
				"up": {"uv": [15, 1, 1, 1.5], "texture": "#0"},
				"down": {"uv": [15, 2.5, 1, 3], "texture": "#0"}
			}
		}
	],
	"gui_light": "front",
	"display": {
		"thirdperson_righthand": {
			"translation": [0, 3.5, -3.5],
			"scale": [0.55, 0.55, 0.55]
		},
		"thirdperson_lefthand": {
			"translation": [0, 3.5, -3.5],
			"scale": [0.55, 0.55, 0.55]
		},
		"firstperson_righthand": {
			"rotation": [0, -90, 25],
			"translation": [5, 3.2, 1.13],
			"scale": [0.68, 0.68, 0.68]
		},
		"firstperson_lefthand": {
			"rotation": [0, -90, 25],
			"translation": [5, 3.2, 1.13],
			"scale": [0.68, 0.68, 0.68]
		},
		"ground": {
			"translation": [0, 2, -2],
			"scale": [0.25, 0.25, 0.25]
		},
		"head": {
			"rotation": [90, 180, 0]
		},
		"fixed": {
			"rotation": [0, 180, 0],
			"translation": [0, 0, 7.5]
		}
	},
	"groups": [
		{
			"name": "supports",
			"origin": [0, 0, 0],
			"color": 0,
			"children": [0, 1]
		},
		{
			"name": "steps",
			"origin": [8, 8, 8],
			"color": 0,
			"children": [2, 3, 4, 5]
		}
	]
}