{
	"credit": "Made by SkylaDev :3 https://skyla.dev/",
	"textures": {
		"0": "block/lapis_ore",
		"particle": "block/lapis_ore"
	},
	"elements": [
		{
			"name": "base",
			"from": [0, 0, 0],
			"to": [16, 16, 16],
			"faces": {
				"north": {"uv": [0, 0, 16, 16], "texture": "#0"},
				"east": {"uv": [0, 0, 16, 16], "texture": "#0"},
				"south": {"uv": [0, 0, 16, 16], "texture": "#0"},
				"west": {"uv": [0, 0, 16, 16], "texture": "#0"},
				"up": {"uv": [0, 0, 16, 16], "texture": "#0"},
				"down": {"uv": [0, 0, 16, 16], "texture": "#0"}
			}
		},
		{
			"from": [2.005, 13.005, -0.4],
			"to": [3.995, 13.995, 0],
			"rotation": {"angle": 0, "axis": "y", "origin": [8, 8, 8]},
			"faces": {
				"north": {"uv": [12.005, 2.005, 13.995, 2.995], "texture": "#0"},
				"east": {"uv": [12, 2.005, 12.4, 2.995], "texture": "#0"},
				"west": {"uv": [13.6, 2.005, 14, 2.995], "texture": "#0"},
				"up": {"uv": [13.995, 2, 12.005, 2.4], "texture": "#0"},
				"down": {"uv": [13.995, 2.6, 12.005, 3], "texture": "#0"}
			}
		},
		{
			"from": [7.005, 12.005, -0.4],
			"to": [8.995, 12.995, 0],
			"rotation": {"angle": 0, "axis": "y", "origin": [8, 8, 8]},
			"faces": {
				"north": {"uv": [7.005, 3.005, 8.995, 3.995], "texture": "#0"},
				"east": {"uv": [7, 3.005, 7.4, 3.995], "texture": "#0"},
				"west": {"uv": [8.6, 3.005, 9, 3.995], "texture": "#0"},
				"up": {"uv": [8.995, 3, 7.005, 3.4], "texture": "#0"},
				"down": {"uv": [8.995, 3.6, 7.005, 4], "texture": "#0"}
			}
		},
		{
			"from": [4.005, 9.005, -0.4],
			"to": [5.995, 10.995, 0],
			"rotation": {"angle": 0, "axis": "y", "origin": [8, 8, 8]},
			"faces": {
				"north": {"uv": [10.005, 5.005, 11.995, 6.995], "texture": "#0"},
				"east": {"uv": [10, 5.005, 10.4, 6.995], "texture": "#0"},
				"west": {"uv": [11.6, 5.005, 12, 6.995], "texture": "#0"},
				"up": {"uv": [11.995, 5, 10.005, 5.4], "texture": "#0"},
				"down": {"uv": [11.995, 6.6, 10.005, 7], "texture": "#0"}
			}
		},
		{
			"from": [13.005, 7.005, -0.4],
			"to": [14.995, 8.995, 0],
			"rotation": {"angle": 0, "axis": "y", "origin": [8, 8, 8]},
			"faces": {
				"north": {"uv": [1.005, 7.005, 2.995, 8.995], "texture": "#0"},
				"east": {"uv": [1, 7.005, 1.4, 8.995], "texture": "#0"},
				"west": {"uv": [2.6, 7.005, 3, 8.995], "texture": "#0"},
				"up": {"uv": [2.995, 7, 1.005, 7.4], "texture": "#0"},
				"down": {"uv": [2.995, 8.6, 1.005, 9], "texture": "#0"}
			}
		},
		{
			"from": [5.005, 2.005, -0.4],
			"to": [7.995, 3.995, 0],
			"rotation": {"angle": 0, "axis": "y", "origin": [8, 8, 8]},
			"faces": {
				"north": {"uv": [8.005, 12.005, 10.995, 13.995], "texture": "#0"},
				"east": {"uv": [8, 12.005, 8.4, 13.995], "texture": "#0"},
				"west": {"uv": [10.6, 12.005, 11, 13.995], "texture": "#0"},
				"up": {"uv": [10.995, 12, 8.005, 12.4], "texture": "#0"},
				"down": {"uv": [10.995, 13.6, 8.005, 14], "texture": "#0"}
			}
		},
		{
			"from": [1.005, 3.005, -0.4],
			"to": [2.995, 5.995, 0],
			"rotation": {"angle": 0, "axis": "y", "origin": [8, 8, 8]},
			"faces": {
				"north": {"uv": [13.005, 10.005, 14.995, 12.995], "texture": "#0"},
				"east": {"uv": [13, 10.005, 13.4, 12.995], "texture": "#0"},
				"west": {"uv": [14.6, 10.005, 15, 12.995], "texture": "#0"},
				"up": {"uv": [14.995, 10, 13.005, 10.4], "texture": "#0"},
				"down": {"uv": [14.995, 12.6, 13.005, 13], "texture": "#0"}
			}
		},
		{
			"from": [2.005, 5.995, -0.4],
			"to": [2.995, 6.995, 0],
			"rotation": {"angle": 0, "axis": "y", "origin": [8, 8, 8]},
			"faces": {
				"north": {"uv": [13.005, 9.005, 13.995, 10.005], "texture": "#0"},
				"east": {"uv": [13, 9.005, 13.4, 10.005], "texture": "#0"},
				"west": {"uv": [13.6, 9.005, 14, 10.005], "texture": "#0"},
				"up": {"uv": [13.995, 9, 13.005, 9.4], "texture": "#0"}
			}
		},
		{
			"from": [9.005, 1.005, -0.4],
			"to": [11.995, 2.995, 0],
			"rotation": {"angle": 0, "axis": "y", "origin": [8, 8, 8]},
			"faces": {
				"north": {"uv": [4.005, 13.005, 6.995, 14.995], "texture": "#0"},
				"east": {"uv": [4, 13.005, 4.4, 14.995], "texture": "#0"},
				"west": {"uv": [6.6, 13.005, 7, 14.995], "texture": "#0"},
				"up": {"uv": [6.995, 13, 4.005, 13.4], "texture": "#0"},
				"down": {"uv": [6.995, 14.6, 4.005, 15], "texture": "#0"}
			}
		},
		{
			"from": [10.005, 2.995, -0.4],
			"to": [10.995, 3.995, 0],
			"rotation": {"angle": 0, "axis": "y", "origin": [8, 8, 8]},
			"faces": {
				"north": {"uv": [5.005, 12.005, 5.995, 13.005], "texture": "#0"},
				"east": {"uv": [5, 12.005, 5.4, 13.005], "texture": "#0"},
				"west": {"uv": [5.6, 12.005, 6, 13.005], "texture": "#0"},
				"up": {"uv": [5.995, 12, 5.005, 12.4], "texture": "#0"}
			}
		},
		{
			"from": [11.005, 4.005, -0.4],
			"to": [13.995, 4.995, 0],
			"rotation": {"angle": 0, "axis": "y", "origin": [8, 8, 8]},
			"faces": {
				"north": {"uv": [2.005, 11.005, 4.995, 11.995], "texture": "#0"},
				"east": {"uv": [2, 11.005, 2.4, 11.995], "texture": "#0"},
				"west": {"uv": [4.6, 11.005, 5, 11.995], "texture": "#0"},
				"up": {"uv": [4.995, 11, 2.005, 11.4], "texture": "#0"},
				"down": {"uv": [4.995, 11.6, 2.005, 12], "texture": "#0"}
			}
		},
		{
			"from": [11.005, 4.995, -0.4],
			"to": [11.995, 5.995, 0],
			"rotation": {"angle": 0, "axis": "y", "origin": [8, 8, 8]},
			"faces": {
				"north": {"uv": [4.005, 10.005, 4.995, 11.005], "texture": "#0"},
				"east": {"uv": [4, 10.005, 4.4, 11.005], "texture": "#0"},
				"west": {"uv": [4.6, 10.005, 5, 11.005], "texture": "#0"},
				"up": {"uv": [4.995, 10, 4.005, 10.4], "texture": "#0"}
			}
		},
		{
			"from": [8.005, 9.005, -0.4],
			"to": [12.995, 9.995, 0],
			"rotation": {"angle": 0, "axis": "y", "origin": [8, 8, 8]},
			"faces": {
				"north": {"uv": [3.005, 6.005, 7.995, 6.995], "texture": "#0"},
				"east": {"uv": [3, 6.005, 3.4, 6.995], "texture": "#0"},
				"west": {"uv": [7.6, 6.005, 8, 6.995], "texture": "#0"},
				"up": {"uv": [7.995, 6, 3.005, 6.4], "texture": "#0"},
				"down": {"uv": [7.995, 6.6, 3.005, 7], "texture": "#0"}
			}
		},
		{
			"from": [9.005, 9.995, -0.4],
			"to": [10.995, 10.995, 0],
			"rotation": {"angle": 0, "axis": "y", "origin": [8, 8, 8]},
			"faces": {
				"north": {"uv": [5.005, 5.005, 6.995, 6.005], "texture": "#0"},
				"east": {"uv": [5, 5.005, 5.4, 6.005], "texture": "#0"},
				"west": {"uv": [6.6, 5.005, 7, 6.005], "texture": "#0"},
				"up": {"uv": [6.995, 5, 5.005, 5.4], "texture": "#0"}
			}
		},
		{
			"from": [10.005, 13.005, -0.4],
			"to": [13.995, 13.995, 0],
			"rotation": {"angle": 0, "axis": "y", "origin": [8, 8, 8]},
			"faces": {
				"north": {"uv": [2.005, 2.005, 5.995, 2.995], "texture": "#0"},
				"east": {"uv": [2, 2.005, 2.4, 2.995], "texture": "#0"},
				"west": {"uv": [5.6, 2.005, 6, 2.995], "texture": "#0"},
				"up": {"uv": [5.995, 2, 2.005, 2.4], "texture": "#0"},
				"down": {"uv": [5.995, 2.6, 2.005, 3], "texture": "#0"}
			}
		},
		{
			"from": [10.005, 12.005, -0.4],
			"to": [10.995, 13.005, 0],
			"rotation": {"angle": 0, "axis": "y", "origin": [8, 8, 8]},
			"faces": {
				"north": {"uv": [5.005, 2.995, 5.995, 3.995], "texture": "#0"},
				"east": {"uv": [5, 2.995, 5.4, 3.995], "texture": "#0"},
				"west": {"uv": [5.6, 2.995, 6, 3.995], "texture": "#0"},
				"down": {"uv": [5.995, 3.6, 5.005, 4], "texture": "#0"}
			}
		},
		{
			"from": [4.005, 6.005, -0.4],
			"to": [8.995, 6.995, 0],
			"rotation": {"angle": 0, "axis": "y", "origin": [8, 8, 8]},
			"faces": {
				"north": {"uv": [7.005, 9.005, 11.995, 9.995], "texture": "#0"},
				"east": {"uv": [7, 9.005, 7.4, 9.995], "texture": "#0"},
				"west": {"uv": [11.6, 9.005, 12, 9.995], "texture": "#0"},
				"up": {"uv": [11.995, 9, 7.005, 9.4], "texture": "#0"},
				"down": {"uv": [11.995, 9.6, 7.005, 10], "texture": "#0"}
			}
		},
		{
			"from": [5.005, 5.005, -0.4],
			"to": [7.995, 6.005, 0],
			"rotation": {"angle": 0, "axis": "y", "origin": [8, 8, 8]},
			"faces": {
				"north": {"uv": [8.005, 9.995, 10.995, 10.995], "texture": "#0"},
				"east": {"uv": [8, 9.995, 8.4, 10.995], "texture": "#0"},
				"west": {"uv": [10.6, 9.995, 11, 10.995], "texture": "#0"},
				"down": {"uv": [10.995, 10.6, 8.005, 11], "texture": "#0"}
			}
		},
		{
			"from": [4.005, 6.995, -0.4],
			"to": [6.995, 7.995, 0],
			"rotation": {"angle": 0, "axis": "y", "origin": [8, 8, 8]},
			"faces": {
				"north": {"uv": [9.005, 8.005, 11.995, 9.005], "texture": "#0"},
				"east": {"uv": [9, 8.005, 9.4, 9.005], "texture": "#0"},
				"west": {"uv": [11.6, 8.005, 12, 9.005], "texture": "#0"},
				"up": {"uv": [11.995, 8, 9.005, 8.4], "texture": "#0"}
			}
		},
		{
			"from": [8.005, 6.995, -0.4],
			"to": [8.995, 7.995, 0],
			"rotation": {"angle": 0, "axis": "y", "origin": [8, 8, 8]},
			"faces": {
				"north": {"uv": [7.005, 8.005, 7.995, 9.005], "texture": "#0"},
				"east": {"uv": [7, 8.005, 7.4, 9.005], "texture": "#0"},
				"west": {"uv": [7.6, 8.005, 8, 9.005], "texture": "#0"},
				"up": {"uv": [7.995, 8, 7.005, 8.4], "texture": "#0"}
			}
		},
		{
			"from": [16, 13.005, 2.005],
			"to": [16.4, 13.995, 3.995],
			"rotation": {"angle": 0, "axis": "y", "origin": [8, 8, 8]},
			"faces": {
				"north": {"uv": [13.6, 2.005, 14, 2.995], "texture": "#0"},
				"east": {"uv": [12.005, 2.005, 13.995, 2.995], "texture": "#0"},
				"south": {"uv": [12, 2.005, 12.4, 2.995], "texture": "#0"},
				"up": {"uv": [13.995, 2, 12.005, 2.4], "rotation": 90, "texture": "#0"},
				"down": {"uv": [13.995, 2.6, 12.005, 3], "rotation": 270, "texture": "#0"}
			}
		},
		{
			"from": [16, 12.005, 7.005],
			"to": [16.4, 12.995, 8.995],
			"rotation": {"angle": 0, "axis": "y", "origin": [8, 8, 8]},
			"faces": {
				"north": {"uv": [8.6, 3.005, 9, 3.995], "texture": "#0"},
				"east": {"uv": [7.005, 3.005, 8.995, 3.995], "texture": "#0"},
				"south": {"uv": [7, 3.005, 7.4, 3.995], "texture": "#0"},
				"up": {"uv": [8.995, 3, 7.005, 3.4], "rotation": 90, "texture": "#0"},
				"down": {"uv": [8.995, 3.6, 7.005, 4], "rotation": 270, "texture": "#0"}
			}
		},
		{
			"from": [16, 9.005, 4.005],
			"to": [16.4, 10.995, 5.995],
			"rotation": {"angle": 0, "axis": "y", "origin": [8, 8, 8]},
			"faces": {
				"north": {"uv": [11.6, 5.005, 12, 6.995], "texture": "#0"},
				"east": {"uv": [10.005, 5.005, 11.995, 6.995], "texture": "#0"},
				"south": {"uv": [10, 5.005, 10.4, 6.995], "texture": "#0"},
				"up": {"uv": [11.995, 5, 10.005, 5.4], "rotation": 90, "texture": "#0"},
				"down": {"uv": [11.995, 6.6, 10.005, 7], "rotation": 270, "texture": "#0"}
			}
		},
		{
			"from": [16, 7.005, 13.005],
			"to": [16.4, 8.995, 14.995],
			"rotation": {"angle": 0, "axis": "y", "origin": [8, 8, 8]},
			"faces": {
				"north": {"uv": [2.6, 7.005, 3, 8.995], "texture": "#0"},
				"east": {"uv": [1.005, 7.005, 2.995, 8.995], "texture": "#0"},
				"south": {"uv": [1, 7.005, 1.4, 8.995], "texture": "#0"},
				"up": {"uv": [2.995, 7, 1.005, 7.4], "rotation": 90, "texture": "#0"},
				"down": {"uv": [2.995, 8.6, 1.005, 9], "rotation": 270, "texture": "#0"}
			}
		},
		{
			"from": [16, 2.005, 5.005],
			"to": [16.4, 3.995, 7.995],
			"rotation": {"angle": 0, "axis": "y", "origin": [8, 8, 8]},
			"faces": {
				"north": {"uv": [10.6, 12.005, 11, 13.995], "texture": "#0"},
				"east": {"uv": [8.005, 12.005, 10.995, 13.995], "texture": "#0"},
				"south": {"uv": [8, 12.005, 8.4, 13.995], "texture": "#0"},
				"up": {"uv": [10.995, 12, 8.005, 12.4], "rotation": 90, "texture": "#0"},
				"down": {"uv": [10.995, 13.6, 8.005, 14], "rotation": 270, "texture": "#0"}
			}
		},
		{
			"from": [16, 3.005, 1.005],
			"to": [16.4, 5.995, 2.995],
			"rotation": {"angle": 0, "axis": "y", "origin": [8, 8, 8]},
			"faces": {
				"north": {"uv": [14.6, 10.005, 15, 12.995], "texture": "#0"},
				"east": {"uv": [13.005, 10.005, 14.995, 12.995], "texture": "#0"},
				"south": {"uv": [13, 10.005, 13.4, 12.995], "texture": "#0"},
				"up": {"uv": [14.995, 10, 13.005, 10.4], "rotation": 90, "texture": "#0"},
				"down": {"uv": [14.995, 12.6, 13.005, 13], "rotation": 270, "texture": "#0"}
			}
		},
		{
			"from": [16, 5.995, 2.005],
			"to": [16.4, 6.995, 2.995],
			"rotation": {"angle": 0, "axis": "y", "origin": [8, 8, 8]},
			"faces": {
				"north": {"uv": [13.6, 9.005, 14, 10.005], "texture": "#0"},
				"east": {"uv": [13.005, 9.005, 13.995, 10.005], "texture": "#0"},
				"south": {"uv": [13, 9.005, 13.4, 10.005], "texture": "#0"},
				"up": {"uv": [13.995, 9, 13.005, 9.4], "rotation": 90, "texture": "#0"}
			}
		},
		{
			"from": [16, 1.005, 9.005],
			"to": [16.4, 2.995, 11.995],
			"rotation": {"angle": 0, "axis": "y", "origin": [8, 8, 8]},
			"faces": {
				"north": {"uv": [6.6, 13.005, 7, 14.995], "texture": "#0"},
				"east": {"uv": [4.005, 13.005, 6.995, 14.995], "texture": "#0"},
				"south": {"uv": [4, 13.005, 4.4, 14.995], "texture": "#0"},
				"up": {"uv": [6.995, 13, 4.005, 13.4], "rotation": 90, "texture": "#0"},
				"down": {"uv": [6.995, 14.6, 4.005, 15], "rotation": 270, "texture": "#0"}
			}
		},
		{
			"from": [16, 2.995, 10.005],
			"to": [16.4, 3.995, 10.995],
			"rotation": {"angle": 0, "axis": "y", "origin": [8, 8, 8]},
			"faces": {
				"north": {"uv": [5.6, 12.005, 6, 13.005], "texture": "#0"},
				"east": {"uv": [5.005, 12.005, 5.995, 13.005], "texture": "#0"},
				"south": {"uv": [5, 12.005, 5.4, 13.005], "texture": "#0"},
				"up": {"uv": [5.995, 12, 5.005, 12.4], "rotation": 90, "texture": "#0"}
			}
		},
		{
			"from": [16, 4.005, 11.005],
			"to": [16.4, 4.995, 13.995],
			"rotation": {"angle": 0, "axis": "y", "origin": [8, 8, 8]},
			"faces": {
				"north": {"uv": [4.6, 11.005, 5, 11.995], "texture": "#0"},
				"east": {"uv": [2.005, 11.005, 4.995, 11.995], "texture": "#0"},
				"south": {"uv": [2, 11.005, 2.4, 11.995], "texture": "#0"},
				"up": {"uv": [4.995, 11, 2.005, 11.4], "rotation": 90, "texture": "#0"},
				"down": {"uv": [4.995, 11.6, 2.005, 12], "rotation": 270, "texture": "#0"}
			}
		},
		{
			"from": [16, 4.995, 11.005],
			"to": [16.4, 5.995, 11.995],
			"rotation": {"angle": 0, "axis": "y", "origin": [8, 8, 8]},
			"faces": {
				"north": {"uv": [4.6, 10.005, 5, 11.005], "texture": "#0"},
				"east": {"uv": [4.005, 10.005, 4.995, 11.005], "texture": "#0"},
				"south": {"uv": [4, 10.005, 4.4, 11.005], "texture": "#0"},
				"up": {"uv": [4.995, 10, 4.005, 10.4], "rotation": 90, "texture": "#0"}
			}
		},
		{
			"from": [16, 9.005, 8.005],
			"to": [16.4, 9.995, 12.995],
			"rotation": {"angle": 0, "axis": "y", "origin": [8, 8, 8]},
			"faces": {
				"north": {"uv": [7.6, 6.005, 8, 6.995], "texture": "#0"},
				"east": {"uv": [3.005, 6.005, 7.995, 6.995], "texture": "#0"},
				"south": {"uv": [3, 6.005, 3.4, 6.995], "texture": "#0"},
				"up": {"uv": [7.995, 6, 3.005, 6.4], "rotation": 90, "texture": "#0"},
				"down": {"uv": [7.995, 6.6, 3.005, 7], "rotation": 270, "texture": "#0"}
			}
		},
		{
			"from": [16, 9.995, 9.005],
			"to": [16.4, 10.995, 10.995],
			"rotation": {"angle": 0, "axis": "y", "origin": [8, 8, 8]},
			"faces": {
				"north": {"uv": [6.6, 5.005, 7, 6.005], "texture": "#0"},
				"east": {"uv": [5.005, 5.005, 6.995, 6.005], "texture": "#0"},
				"south": {"uv": [5, 5.005, 5.4, 6.005], "texture": "#0"},
				"up": {"uv": [6.995, 5, 5.005, 5.4], "rotation": 90, "texture": "#0"}
			}
		},
		{
			"from": [16, 13.005, 10.005],
			"to": [16.4, 13.995, 13.995],
			"rotation": {"angle": 0, "axis": "y", "origin": [8, 8, 8]},
			"faces": {
				"north": {"uv": [5.6, 2.005, 6, 2.995], "texture": "#0"},
				"east": {"uv": [2.005, 2.005, 5.995, 2.995], "texture": "#0"},
				"south": {"uv": [2, 2.005, 2.4, 2.995], "texture": "#0"},
				"up": {"uv": [5.995, 2, 2.005, 2.4], "rotation": 90, "texture": "#0"},
				"down": {"uv": [5.995, 2.6, 2.005, 3], "rotation": 270, "texture": "#0"}
			}
		},
		{
			"from": [16, 12.005, 10.005],
			"to": [16.4, 13.005, 10.995],
			"rotation": {"angle": 0, "axis": "y", "origin": [8, 8, 8]},
			"faces": {
				"north": {"uv": [5.6, 2.995, 6, 3.995], "texture": "#0"},
				"east": {"uv": [5.005, 2.995, 5.995, 3.995], "texture": "#0"},
				"south": {"uv": [5, 2.995, 5.4, 3.995], "texture": "#0"},
				"down": {"uv": [5.995, 3.6, 5.005, 4], "rotation": 270, "texture": "#0"}
			}
		},
		{
			"from": [16, 6.005, 4.005],
			"to": [16.4, 6.995, 8.995],
			"rotation": {"angle": 0, "axis": "y", "origin": [8, 8, 8]},
			"faces": {
				"north": {"uv": [11.6, 9.005, 12, 9.995], "texture": "#0"},
				"east": {"uv": [7.005, 9.005, 11.995, 9.995], "texture": "#0"},
				"south": {"uv": [7, 9.005, 7.4, 9.995], "texture": "#0"},
				"up": {"uv": [11.995, 9, 7.005, 9.4], "rotation": 90, "texture": "#0"},
				"down": {"uv": [11.995, 9.6, 7.005, 10], "rotation": 270, "texture": "#0"}
			}
		},
		{
			"from": [16, 5.005, 5.005],
			"to": [16.4, 6.005, 7.995],
			"rotation": {"angle": 0, "axis": "y", "origin": [8, 8, 8]},
			"faces": {
				"north": {"uv": [10.6, 9.995, 11, 10.995], "texture": "#0"},
				"east": {"uv": [8.005, 9.995, 10.995, 10.995], "texture": "#0"},
				"south": {"uv": [8, 9.995, 8.4, 10.995], "texture": "#0"},
				"down": {"uv": [10.995, 10.6, 8.005, 11], "rotation": 270, "texture": "#0"}
			}
		},
		{
			"from": [16, 6.995, 4.005],
			"to": [16.4, 7.995, 6.995],
			"rotation": {"angle": 0, "axis": "y", "origin": [8, 8, 8]},
			"faces": {
				"north": {"uv": [11.6, 8.005, 12, 9.005], "texture": "#0"},
				"east": {"uv": [9.005, 8.005, 11.995, 9.005], "texture": "#0"},
				"south": {"uv": [9, 8.005, 9.4, 9.005], "texture": "#0"},
				"up": {"uv": [11.995, 8, 9.005, 8.4], "rotation": 90, "texture": "#0"}
			}
		},
		{
			"from": [16, 6.995, 8.005],
			"to": [16.4, 7.995, 8.995],
			"rotation": {"angle": 0, "axis": "y", "origin": [8, 8, 8]},
			"faces": {
				"north": {"uv": [7.6, 8.005, 8, 9.005], "texture": "#0"},
				"east": {"uv": [7.005, 8.005, 7.995, 9.005], "texture": "#0"},
				"south": {"uv": [7, 8.005, 7.4, 9.005], "texture": "#0"},
				"up": {"uv": [7.995, 8, 7.005, 8.4], "rotation": 90, "texture": "#0"}
			}
		},
		{
			"from": [12.005, 13.005, 16],
			"to": [13.995, 13.995, 16.4],
			"rotation": {"angle": 0, "axis": "y", "origin": [8, 8, 8]},
			"faces": {
				"east": {"uv": [13.6, 2.005, 14, 2.995], "texture": "#0"},
				"south": {"uv": [12.005, 2.005, 13.995, 2.995], "texture": "#0"},
				"west": {"uv": [12, 2.005, 12.4, 2.995], "texture": "#0"},
				"up": {"uv": [13.995, 2, 12.005, 2.4], "rotation": 180, "texture": "#0"},
				"down": {"uv": [13.995, 2.6, 12.005, 3], "rotation": 180, "texture": "#0"}
			}
		},
		{
			"from": [7.005, 12.005, 16],
			"to": [8.995, 12.995, 16.4],
			"rotation": {"angle": 0, "axis": "y", "origin": [8, 8, 8]},
			"faces": {
				"east": {"uv": [8.6, 3.005, 9, 3.995], "texture": "#0"},
				"south": {"uv": [7.005, 3.005, 8.995, 3.995], "texture": "#0"},
				"west": {"uv": [7, 3.005, 7.4, 3.995], "texture": "#0"},
				"up": {"uv": [8.995, 3, 7.005, 3.4], "rotation": 180, "texture": "#0"},
				"down": {"uv": [8.995, 3.6, 7.005, 4], "rotation": 180, "texture": "#0"}
			}
		},
		{
			"from": [10.005, 9.005, 16],
			"to": [11.995, 10.995, 16.4],
			"rotation": {"angle": 0, "axis": "y", "origin": [8, 8, 8]},
			"faces": {
				"east": {"uv": [11.6, 5.005, 12, 6.995], "texture": "#0"},
				"south": {"uv": [10.005, 5.005, 11.995, 6.995], "texture": "#0"},
				"west": {"uv": [10, 5.005, 10.4, 6.995], "texture": "#0"},
				"up": {"uv": [11.995, 5, 10.005, 5.4], "rotation": 180, "texture": "#0"},
				"down": {"uv": [11.995, 6.6, 10.005, 7], "rotation": 180, "texture": "#0"}
			}
		},
		{
			"from": [1.005, 7.005, 16],
			"to": [2.995, 8.995, 16.4],
			"rotation": {"angle": 0, "axis": "y", "origin": [8, 8, 8]},
			"faces": {
				"east": {"uv": [2.6, 7.005, 3, 8.995], "texture": "#0"},
				"south": {"uv": [1.005, 7.005, 2.995, 8.995], "texture": "#0"},
				"west": {"uv": [1, 7.005, 1.4, 8.995], "texture": "#0"},
				"up": {"uv": [2.995, 7, 1.005, 7.4], "rotation": 180, "texture": "#0"},
				"down": {"uv": [2.995, 8.6, 1.005, 9], "rotation": 180, "texture": "#0"}
			}
		},
		{
			"from": [8.005, 2.005, 16],
			"to": [10.995, 3.995, 16.4],
			"rotation": {"angle": 0, "axis": "y", "origin": [8, 8, 8]},
			"faces": {
				"east": {"uv": [10.6, 12.005, 11, 13.995], "texture": "#0"},
				"south": {"uv": [8.005, 12.005, 10.995, 13.995], "texture": "#0"},
				"west": {"uv": [8, 12.005, 8.4, 13.995], "texture": "#0"},
				"up": {"uv": [10.995, 12, 8.005, 12.4], "rotation": 180, "texture": "#0"},
				"down": {"uv": [10.995, 13.6, 8.005, 14], "rotation": 180, "texture": "#0"}
			}
		},
		{
			"from": [13.005, 3.005, 16],
			"to": [14.995, 5.995, 16.4],
			"rotation": {"angle": 0, "axis": "y", "origin": [8, 8, 8]},
			"faces": {
				"east": {"uv": [14.6, 10.005, 15, 12.995], "texture": "#0"},
				"south": {"uv": [13.005, 10.005, 14.995, 12.995], "texture": "#0"},
				"west": {"uv": [13, 10.005, 13.4, 12.995], "texture": "#0"},
				"up": {"uv": [14.995, 10, 13.005, 10.4], "rotation": 180, "texture": "#0"},
				"down": {"uv": [14.995, 12.6, 13.005, 13], "rotation": 180, "texture": "#0"}
			}
		},
		{
			"from": [13.005, 5.995, 16],
			"to": [13.995, 6.995, 16.4],
			"rotation": {"angle": 0, "axis": "y", "origin": [8, 8, 8]},
			"faces": {
				"east": {"uv": [13.6, 9.005, 14, 10.005], "texture": "#0"},
				"south": {"uv": [13.005, 9.005, 13.995, 10.005], "texture": "#0"},
				"west": {"uv": [13, 9.005, 13.4, 10.005], "texture": "#0"},
				"up": {"uv": [13.995, 9, 13.005, 9.4], "rotation": 180, "texture": "#0"}
			}
		},
		{
			"from": [4.005, 1.005, 16],
			"to": [6.995, 2.995, 16.4],
			"rotation": {"angle": 0, "axis": "y", "origin": [8, 8, 8]},
			"faces": {
				"east": {"uv": [6.6, 13.005, 7, 14.995], "texture": "#0"},
				"south": {"uv": [4.005, 13.005, 6.995, 14.995], "texture": "#0"},
				"west": {"uv": [4, 13.005, 4.4, 14.995], "texture": "#0"},
				"up": {"uv": [6.995, 13, 4.005, 13.4], "rotation": 180, "texture": "#0"},
				"down": {"uv": [6.995, 14.6, 4.005, 15], "rotation": 180, "texture": "#0"}
			}
		},
		{
			"from": [5.005, 2.995, 16],
			"to": [5.995, 3.995, 16.4],
			"rotation": {"angle": 0, "axis": "y", "origin": [8, 8, 8]},
			"faces": {
				"east": {"uv": [5.6, 12.005, 6, 13.005], "texture": "#0"},
				"south": {"uv": [5.005, 12.005, 5.995, 13.005], "texture": "#0"},
				"west": {"uv": [5, 12.005, 5.4, 13.005], "texture": "#0"},
				"up": {"uv": [5.995, 12, 5.005, 12.4], "rotation": 180, "texture": "#0"}
			}
		},
		{
			"from": [2.005, 4.005, 16],
			"to": [4.995, 4.995, 16.4],
			"rotation": {"angle": 0, "axis": "y", "origin": [8, 8, 8]},
			"faces": {
				"east": {"uv": [4.6, 11.005, 5, 11.995], "texture": "#0"},
				"south": {"uv": [2.005, 11.005, 4.995, 11.995], "texture": "#0"},
				"west": {"uv": [2, 11.005, 2.4, 11.995], "texture": "#0"},
				"up": {"uv": [4.995, 11, 2.005, 11.4], "rotation": 180, "texture": "#0"},
				"down": {"uv": [4.995, 11.6, 2.005, 12], "rotation": 180, "texture": "#0"}
			}
		},
		{
			"from": [4.005, 4.995, 16],
			"to": [4.995, 5.995, 16.4],
			"rotation": {"angle": 0, "axis": "y", "origin": [8, 8, 8]},
			"faces": {
				"east": {"uv": [4.6, 10.005, 5, 11.005], "texture": "#0"},
				"south": {"uv": [4.005, 10.005, 4.995, 11.005], "texture": "#0"},
				"west": {"uv": [4, 10.005, 4.4, 11.005], "texture": "#0"},
				"up": {"uv": [4.995, 10, 4.005, 10.4], "rotation": 180, "texture": "#0"}
			}
		},
		{
			"from": [3.005, 9.005, 16],
			"to": [7.995, 9.995, 16.4],
			"rotation": {"angle": 0, "axis": "y", "origin": [8, 8, 8]},
			"faces": {
				"east": {"uv": [7.6, 6.005, 8, 6.995], "texture": "#0"},
				"south": {"uv": [3.005, 6.005, 7.995, 6.995], "texture": "#0"},
				"west": {"uv": [3, 6.005, 3.4, 6.995], "texture": "#0"},
				"up": {"uv": [7.995, 6, 3.005, 6.4], "rotation": 180, "texture": "#0"},
				"down": {"uv": [7.995, 6.6, 3.005, 7], "rotation": 180, "texture": "#0"}
			}
		},
		{
			"from": [5.005, 9.995, 16],
			"to": [6.995, 10.995, 16.4],
			"rotation": {"angle": 0, "axis": "y", "origin": [8, 8, 8]},
			"faces": {
				"east": {"uv": [6.6, 5.005, 7, 6.005], "texture": "#0"},
				"south": {"uv": [5.005, 5.005, 6.995, 6.005], "texture": "#0"},
				"west": {"uv": [5, 5.005, 5.4, 6.005], "texture": "#0"},
				"up": {"uv": [6.995, 5, 5.005, 5.4], "rotation": 180, "texture": "#0"}
			}
		},
		{
			"from": [2.005, 13.005, 16],
			"to": [5.995, 13.995, 16.4],
			"rotation": {"angle": 0, "axis": "y", "origin": [8, 8, 8]},
			"faces": {
				"east": {"uv": [5.6, 2.005, 6, 2.995], "texture": "#0"},
				"south": {"uv": [2.005, 2.005, 5.995, 2.995], "texture": "#0"},
				"west": {"uv": [2, 2.005, 2.4, 2.995], "texture": "#0"},
				"up": {"uv": [5.995, 2, 2.005, 2.4], "rotation": 180, "texture": "#0"},
				"down": {"uv": [5.995, 2.6, 2.005, 3], "rotation": 180, "texture": "#0"}
			}
		},
		{
			"from": [5.005, 12.005, 16],
			"to": [5.995, 13.005, 16.4],
			"rotation": {"angle": 0, "axis": "y", "origin": [8, 8, 8]},
			"faces": {
				"east": {"uv": [5.6, 2.995, 6, 3.995], "texture": "#0"},
				"south": {"uv": [5.005, 2.995, 5.995, 3.995], "texture": "#0"},
				"west": {"uv": [5, 2.995, 5.4, 3.995], "texture": "#0"},
				"down": {"uv": [5.995, 3.6, 5.005, 4], "rotation": 180, "texture": "#0"}
			}
		},
		{
			"from": [7.005, 6.005, 16],
			"to": [11.995, 6.995, 16.4],
			"rotation": {"angle": 0, "axis": "y", "origin": [8, 8, 8]},
			"faces": {
				"east": {"uv": [11.6, 9.005, 12, 9.995], "texture": "#0"},
				"south": {"uv": [7.005, 9.005, 11.995, 9.995], "texture": "#0"},
				"west": {"uv": [7, 9.005, 7.4, 9.995], "texture": "#0"},
				"up": {"uv": [11.995, 9, 7.005, 9.4], "rotation": 180, "texture": "#0"},
				"down": {"uv": [11.995, 9.6, 7.005, 10], "rotation": 180, "texture": "#0"}
			}
		},
		{
			"from": [8.005, 5.005, 16],
			"to": [10.995, 6.005, 16.4],
			"rotation": {"angle": 0, "axis": "y", "origin": [8, 8, 8]},
			"faces": {
				"east": {"uv": [10.6, 9.995, 11, 10.995], "texture": "#0"},
				"south": {"uv": [8.005, 9.995, 10.995, 10.995], "texture": "#0"},
				"west": {"uv": [8, 9.995, 8.4, 10.995], "texture": "#0"},
				"down": {"uv": [10.995, 10.6, 8.005, 11], "rotation": 180, "texture": "#0"}
			}
		},
		{
			"from": [9.005, 6.995, 16],
			"to": [11.995, 7.995, 16.4],
			"rotation": {"angle": 0, "axis": "y", "origin": [8, 8, 8]},
			"faces": {
				"east": {"uv": [11.6, 8.005, 12, 9.005], "texture": "#0"},
				"south": {"uv": [9.005, 8.005, 11.995, 9.005], "texture": "#0"},
				"west": {"uv": [9, 8.005, 9.4, 9.005], "texture": "#0"},
				"up": {"uv": [11.995, 8, 9.005, 8.4], "rotation": 180, "texture": "#0"}
			}
		},
		{
			"from": [7.005, 6.995, 16],
			"to": [7.995, 7.995, 16.4],
			"rotation": {"angle": 0, "axis": "y", "origin": [8, 8, 8]},
			"faces": {
				"east": {"uv": [7.6, 8.005, 8, 9.005], "texture": "#0"},
				"south": {"uv": [7.005, 8.005, 7.995, 9.005], "texture": "#0"},
				"west": {"uv": [7, 8.005, 7.4, 9.005], "texture": "#0"},
				"up": {"uv": [7.995, 8, 7.005, 8.4], "rotation": 180, "texture": "#0"}
			}
		},
		{
			"from": [-0.4, 13.005, 12.005],
			"to": [0, 13.995, 13.995],
			"rotation": {"angle": 0, "axis": "y", "origin": [8, 8, 8]},
			"faces": {
				"north": {"uv": [12, 2.005, 12.4, 2.995], "texture": "#0"},
				"south": {"uv": [13.6, 2.005, 14, 2.995], "texture": "#0"},
				"west": {"uv": [12.005, 2.005, 13.995, 2.995], "texture": "#0"},
				"up": {"uv": [13.995, 2, 12.005, 2.4], "rotation": 270, "texture": "#0"},
				"down": {"uv": [13.995, 2.6, 12.005, 3], "rotation": 90, "texture": "#0"}
			}
		},
		{
			"from": [-0.4, 12.005, 7.005],
			"to": [0, 12.995, 8.995],
			"rotation": {"angle": 0, "axis": "y", "origin": [8, 8, 8]},
			"faces": {
				"north": {"uv": [7, 3.005, 7.4, 3.995], "texture": "#0"},
				"south": {"uv": [8.6, 3.005, 9, 3.995], "texture": "#0"},
				"west": {"uv": [7.005, 3.005, 8.995, 3.995], "texture": "#0"},
				"up": {"uv": [8.995, 3, 7.005, 3.4], "rotation": 270, "texture": "#0"},
				"down": {"uv": [8.995, 3.6, 7.005, 4], "rotation": 90, "texture": "#0"}
			}
		},
		{
			"from": [-0.4, 9.005, 10.005],
			"to": [0, 10.995, 11.995],
			"rotation": {"angle": 0, "axis": "y", "origin": [8, 8, 8]},
			"faces": {
				"north": {"uv": [10, 5.005, 10.4, 6.995], "texture": "#0"},
				"south": {"uv": [11.6, 5.005, 12, 6.995], "texture": "#0"},
				"west": {"uv": [10.005, 5.005, 11.995, 6.995], "texture": "#0"},
				"up": {"uv": [11.995, 5, 10.005, 5.4], "rotation": 270, "texture": "#0"},
				"down": {"uv": [11.995, 6.6, 10.005, 7], "rotation": 90, "texture": "#0"}
			}
		},
		{
			"from": [-0.4, 7.005, 1.005],
			"to": [0, 8.995, 2.995],
			"rotation": {"angle": 0, "axis": "y", "origin": [8, 8, 8]},
			"faces": {
				"north": {"uv": [1, 7.005, 1.4, 8.995], "texture": "#0"},
				"south": {"uv": [2.6, 7.005, 3, 8.995], "texture": "#0"},
				"west": {"uv": [1.005, 7.005, 2.995, 8.995], "texture": "#0"},
				"up": {"uv": [2.995, 7, 1.005, 7.4], "rotation": 270, "texture": "#0"},
				"down": {"uv": [2.995, 8.6, 1.005, 9], "rotation": 90, "texture": "#0"}
			}
		},
		{
			"from": [-0.4, 2.005, 8.005],
			"to": [0, 3.995, 10.995],
			"rotation": {"angle": 0, "axis": "y", "origin": [8, 8, 8]},
			"faces": {
				"north": {"uv": [8, 12.005, 8.4, 13.995], "texture": "#0"},
				"south": {"uv": [10.6, 12.005, 11, 13.995], "texture": "#0"},
				"west": {"uv": [8.005, 12.005, 10.995, 13.995], "texture": "#0"},
				"up": {"uv": [10.995, 12, 8.005, 12.4], "rotation": 270, "texture": "#0"},
				"down": {"uv": [10.995, 13.6, 8.005, 14], "rotation": 90, "texture": "#0"}
			}
		},
		{
			"from": [-0.4, 3.005, 13.005],
			"to": [0, 5.995, 14.995],
			"rotation": {"angle": 0, "axis": "y", "origin": [8, 8, 8]},
			"faces": {
				"north": {"uv": [13, 10.005, 13.4, 12.995], "texture": "#0"},
				"south": {"uv": [14.6, 10.005, 15, 12.995], "texture": "#0"},
				"west": {"uv": [13.005, 10.005, 14.995, 12.995], "texture": "#0"},
				"up": {"uv": [14.995, 10, 13.005, 10.4], "rotation": 270, "texture": "#0"},
				"down": {"uv": [14.995, 12.6, 13.005, 13], "rotation": 90, "texture": "#0"}
			}
		},
		{
			"from": [-0.4, 5.995, 13.005],
			"to": [0, 6.995, 13.995],
			"rotation": {"angle": 0, "axis": "y", "origin": [8, 8, 8]},
			"faces": {
				"north": {"uv": [13, 9.005, 13.4, 10.005], "texture": "#0"},
				"south": {"uv": [13.6, 9.005, 14, 10.005], "texture": "#0"},
				"west": {"uv": [13.005, 9.005, 13.995, 10.005], "texture": "#0"},
				"up": {"uv": [13.995, 9, 13.005, 9.4], "rotation": 270, "texture": "#0"}
			}
		},
		{
			"from": [-0.4, 1.005, 4.005],
			"to": [0, 2.995, 6.995],
			"rotation": {"angle": 0, "axis": "y", "origin": [8, 8, 8]},
			"faces": {
				"north": {"uv": [4, 13.005, 4.4, 14.995], "texture": "#0"},
				"south": {"uv": [6.6, 13.005, 7, 14.995], "texture": "#0"},
				"west": {"uv": [4.005, 13.005, 6.995, 14.995], "texture": "#0"},
				"up": {"uv": [6.995, 13, 4.005, 13.4], "rotation": 270, "texture": "#0"},
				"down": {"uv": [6.995, 14.6, 4.005, 15], "rotation": 90, "texture": "#0"}
			}
		},
		{
			"from": [-0.4, 2.995, 5.005],
			"to": [0, 3.995, 5.995],
			"rotation": {"angle": 0, "axis": "y", "origin": [8, 8, 8]},
			"faces": {
				"north": {"uv": [5, 12.005, 5.4, 13.005], "texture": "#0"},
				"south": {"uv": [5.6, 12.005, 6, 13.005], "texture": "#0"},
				"west": {"uv": [5.005, 12.005, 5.995, 13.005], "texture": "#0"},
				"up": {"uv": [5.995, 12, 5.005, 12.4], "rotation": 270, "texture": "#0"}
			}
		},
		{
			"from": [-0.4, 4.005, 2.005],
			"to": [0, 4.995, 4.995],
			"rotation": {"angle": 0, "axis": "y", "origin": [8, 8, 8]},
			"faces": {
				"north": {"uv": [2, 11.005, 2.4, 11.995], "texture": "#0"},
				"south": {"uv": [4.6, 11.005, 5, 11.995], "texture": "#0"},
				"west": {"uv": [2.005, 11.005, 4.995, 11.995], "texture": "#0"},
				"up": {"uv": [4.995, 11, 2.005, 11.4], "rotation": 270, "texture": "#0"},
				"down": {"uv": [4.995, 11.6, 2.005, 12], "rotation": 90, "texture": "#0"}
			}
		},
		{
			"from": [-0.4, 4.995, 4.005],
			"to": [0, 5.995, 4.995],
			"rotation": {"angle": 0, "axis": "y", "origin": [8, 8, 8]},
			"faces": {
				"north": {"uv": [4, 10.005, 4.4, 11.005], "texture": "#0"},
				"south": {"uv": [4.6, 10.005, 5, 11.005], "texture": "#0"},
				"west": {"uv": [4.005, 10.005, 4.995, 11.005], "texture": "#0"},
				"up": {"uv": [4.995, 10, 4.005, 10.4], "rotation": 270, "texture": "#0"}
			}
		},
		{
			"from": [-0.4, 9.005, 3.005],
			"to": [0, 9.995, 7.995],
			"rotation": {"angle": 0, "axis": "y", "origin": [8, 8, 8]},
			"faces": {
				"north": {"uv": [3, 6.005, 3.4, 6.995], "texture": "#0"},
				"south": {"uv": [7.6, 6.005, 8, 6.995], "texture": "#0"},
				"west": {"uv": [3.005, 6.005, 7.995, 6.995], "texture": "#0"},
				"up": {"uv": [7.995, 6, 3.005, 6.4], "rotation": 270, "texture": "#0"},
				"down": {"uv": [7.995, 6.6, 3.005, 7], "rotation": 90, "texture": "#0"}
			}
		},
		{
			"from": [-0.4, 9.995, 5.005],
			"to": [0, 10.995, 6.995],
			"rotation": {"angle": 0, "axis": "y", "origin": [8, 8, 8]},
			"faces": {
				"north": {"uv": [5, 5.005, 5.4, 6.005], "texture": "#0"},
				"south": {"uv": [6.6, 5.005, 7, 6.005], "texture": "#0"},
				"west": {"uv": [5.005, 5.005, 6.995, 6.005], "texture": "#0"},
				"up": {"uv": [6.995, 5, 5.005, 5.4], "rotation": 270, "texture": "#0"}
			}
		},
		{
			"from": [-0.4, 13.005, 2.005],
			"to": [0, 13.995, 5.995],
			"rotation": {"angle": 0, "axis": "y", "origin": [8, 8, 8]},
			"faces": {
				"north": {"uv": [2, 2.005, 2.4, 2.995], "texture": "#0"},
				"south": {"uv": [5.6, 2.005, 6, 2.995], "texture": "#0"},
				"west": {"uv": [2.005, 2.005, 5.995, 2.995], "texture": "#0"},
				"up": {"uv": [5.995, 2, 2.005, 2.4], "rotation": 270, "texture": "#0"},
				"down": {"uv": [5.995, 2.6, 2.005, 3], "rotation": 90, "texture": "#0"}
			}
		},
		{
			"from": [-0.4, 12.005, 5.005],
			"to": [0, 13.005, 5.995],
			"rotation": {"angle": 0, "axis": "y", "origin": [8, 8, 8]},
			"faces": {
				"north": {"uv": [5, 2.995, 5.4, 3.995], "texture": "#0"},
				"south": {"uv": [5.6, 2.995, 6, 3.995], "texture": "#0"},
				"west": {"uv": [5.005, 2.995, 5.995, 3.995], "texture": "#0"},
				"down": {"uv": [5.995, 3.6, 5.005, 4], "rotation": 90, "texture": "#0"}
			}
		},
		{
			"from": [-0.4, 6.005, 7.005],
			"to": [0, 6.995, 11.995],
			"rotation": {"angle": 0, "axis": "y", "origin": [8, 8, 8]},
			"faces": {
				"north": {"uv": [7, 9.005, 7.4, 9.995], "texture": "#0"},
				"south": {"uv": [11.6, 9.005, 12, 9.995], "texture": "#0"},
				"west": {"uv": [7.005, 9.005, 11.995, 9.995], "texture": "#0"},
				"up": {"uv": [11.995, 9, 7.005, 9.4], "rotation": 270, "texture": "#0"},
				"down": {"uv": [11.995, 9.6, 7.005, 10], "rotation": 90, "texture": "#0"}
			}
		},
		{
			"from": [-0.4, 5.005, 8.005],
			"to": [0, 6.005, 10.995],
			"rotation": {"angle": 0, "axis": "y", "origin": [8, 8, 8]},
			"faces": {
				"north": {"uv": [8, 9.995, 8.4, 10.995], "texture": "#0"},
				"south": {"uv": [10.6, 9.995, 11, 10.995], "texture": "#0"},
				"west": {"uv": [8.005, 9.995, 10.995, 10.995], "texture": "#0"},
				"down": {"uv": [10.995, 10.6, 8.005, 11], "rotation": 90, "texture": "#0"}
			}
		},
		{
			"from": [-0.4, 6.995, 9.005],
			"to": [0, 7.995, 11.995],
			"rotation": {"angle": 0, "axis": "y", "origin": [8, 8, 8]},
			"faces": {
				"north": {"uv": [9, 8.005, 9.4, 9.005], "texture": "#0"},
				"south": {"uv": [11.6, 8.005, 12, 9.005], "texture": "#0"},
				"west": {"uv": [9.005, 8.005, 11.995, 9.005], "texture": "#0"},
				"up": {"uv": [11.995, 8, 9.005, 8.4], "rotation": 270, "texture": "#0"}
			}
		},
		{
			"from": [-0.4, 6.995, 7.005],
			"to": [0, 7.995, 7.995],
			"rotation": {"angle": 0, "axis": "y", "origin": [8, 8, 8]},
			"faces": {
				"north": {"uv": [7, 8.005, 7.4, 9.005], "texture": "#0"},
				"south": {"uv": [7.6, 8.005, 8, 9.005], "texture": "#0"},
				"west": {"uv": [7.005, 8.005, 7.995, 9.005], "texture": "#0"},
				"up": {"uv": [7.995, 8, 7.005, 8.4], "rotation": 270, "texture": "#0"}
			}
		},
		{
			"from": [12.005, 16, 2.005],
			"to": [13.995, 16.4, 2.995],
			"rotation": {"angle": 0, "axis": "x", "origin": [8, 8, 8]},
			"faces": {
				"north": {"uv": [13.995, 2, 12.005, 2.4], "texture": "#0"},
				"east": {"uv": [13.6, 2.005, 14, 2.995], "rotation": 90, "texture": "#0"},
				"south": {"uv": [13.995, 2.6, 12.005, 3], "rotation": 180, "texture": "#0"},
				"west": {"uv": [12, 2.005, 12.4, 2.995], "rotation": 270, "texture": "#0"},
				"up": {"uv": [12.005, 2.005, 13.995, 2.995], "texture": "#0"}
			}
		},
		{
			"from": [7.005, 16, 3.005],
			"to": [8.995, 16.4, 3.995],
			"rotation": {"angle": 0, "axis": "x", "origin": [8, 8, 8]},
			"faces": {
				"north": {"uv": [8.995, 3, 7.005, 3.4], "texture": "#0"},
				"east": {"uv": [8.6, 3.005, 9, 3.995], "rotation": 90, "texture": "#0"},
				"south": {"uv": [8.995, 3.6, 7.005, 4], "rotation": 180, "texture": "#0"},
				"west": {"uv": [7, 3.005, 7.4, 3.995], "rotation": 270, "texture": "#0"},
				"up": {"uv": [7.005, 3.005, 8.995, 3.995], "texture": "#0"}
			}
		},
		{
			"from": [10.005, 16, 5.005],
			"to": [11.995, 16.4, 6.995],
			"rotation": {"angle": 0, "axis": "x", "origin": [8, 8, 8]},
			"faces": {
				"north": {"uv": [11.995, 5, 10.005, 5.4], "texture": "#0"},
				"east": {"uv": [11.6, 5.005, 12, 6.995], "rotation": 90, "texture": "#0"},
				"south": {"uv": [11.995, 6.6, 10.005, 7], "rotation": 180, "texture": "#0"},
				"west": {"uv": [10, 5.005, 10.4, 6.995], "rotation": 270, "texture": "#0"},
				"up": {"uv": [10.005, 5.005, 11.995, 6.995], "texture": "#0"}
			}
		},
		{
			"from": [1.005, 16, 7.005],
			"to": [2.995, 16.4, 8.995],
			"rotation": {"angle": 0, "axis": "x", "origin": [8, 8, 8]},
			"faces": {
				"north": {"uv": [2.995, 7, 1.005, 7.4], "texture": "#0"},
				"east": {"uv": [2.6, 7.005, 3, 8.995], "rotation": 90, "texture": "#0"},
				"south": {"uv": [2.995, 8.6, 1.005, 9], "rotation": 180, "texture": "#0"},
				"west": {"uv": [1, 7.005, 1.4, 8.995], "rotation": 270, "texture": "#0"},
				"up": {"uv": [1.005, 7.005, 2.995, 8.995], "texture": "#0"}
			}
		},
		{
			"from": [8.005, 16, 12.005],
			"to": [10.995, 16.4, 13.995],
			"rotation": {"angle": 0, "axis": "x", "origin": [8, 8, 8]},
			"faces": {
				"north": {"uv": [10.995, 12, 8.005, 12.4], "texture": "#0"},
				"east": {"uv": [10.6, 12.005, 11, 13.995], "rotation": 90, "texture": "#0"},
				"south": {"uv": [10.995, 13.6, 8.005, 14], "rotation": 180, "texture": "#0"},
				"west": {"uv": [8, 12.005, 8.4, 13.995], "rotation": 270, "texture": "#0"},
				"up": {"uv": [8.005, 12.005, 10.995, 13.995], "texture": "#0"}
			}
		},
		{
			"from": [13.005, 16, 10.005],
			"to": [14.995, 16.4, 12.995],
			"rotation": {"angle": 0, "axis": "x", "origin": [8, 8, 8]},
			"faces": {
				"north": {"uv": [14.995, 10, 13.005, 10.4], "texture": "#0"},
				"east": {"uv": [14.6, 10.005, 15, 12.995], "rotation": 90, "texture": "#0"},
				"south": {"uv": [14.995, 12.6, 13.005, 13], "rotation": 180, "texture": "#0"},
				"west": {"uv": [13, 10.005, 13.4, 12.995], "rotation": 270, "texture": "#0"},
				"up": {"uv": [13.005, 10.005, 14.995, 12.995], "texture": "#0"}
			}
		},
		{
			"from": [13.005, 16, 9.005],
			"to": [13.995, 16.4, 10.005],
			"rotation": {"angle": 0, "axis": "x", "origin": [8, 8, 8]},
			"faces": {
				"north": {"uv": [13.995, 9, 13.005, 9.4], "texture": "#0"},
				"east": {"uv": [13.6, 9.005, 14, 10.005], "rotation": 90, "texture": "#0"},
				"west": {"uv": [13, 9.005, 13.4, 10.005], "rotation": 270, "texture": "#0"},
				"up": {"uv": [13.005, 9.005, 13.995, 10.005], "texture": "#0"}
			}
		},
		{
			"from": [4.005, 16, 13.005],
			"to": [6.995, 16.4, 14.995],
			"rotation": {"angle": 0, "axis": "x", "origin": [8, 8, 8]},
			"faces": {
				"north": {"uv": [6.995, 13, 4.005, 13.4], "texture": "#0"},
				"east": {"uv": [6.6, 13.005, 7, 14.995], "rotation": 90, "texture": "#0"},
				"south": {"uv": [6.995, 14.6, 4.005, 15], "rotation": 180, "texture": "#0"},
				"west": {"uv": [4, 13.005, 4.4, 14.995], "rotation": 270, "texture": "#0"},
				"up": {"uv": [4.005, 13.005, 6.995, 14.995], "texture": "#0"}
			}
		},
		{
			"from": [5.005, 16, 12.005],
			"to": [5.995, 16.4, 13.005],
			"rotation": {"angle": 0, "axis": "x", "origin": [8, 8, 8]},
			"faces": {
				"north": {"uv": [5.995, 12, 5.005, 12.4], "texture": "#0"},
				"east": {"uv": [5.6, 12.005, 6, 13.005], "rotation": 90, "texture": "#0"},
				"west": {"uv": [5, 12.005, 5.4, 13.005], "rotation": 270, "texture": "#0"},
				"up": {"uv": [5.005, 12.005, 5.995, 13.005], "texture": "#0"}
			}
		},
		{
			"from": [2.005, 16, 11.005],
			"to": [4.995, 16.4, 11.995],
			"rotation": {"angle": 0, "axis": "x", "origin": [8, 8, 8]},
			"faces": {
				"north": {"uv": [4.995, 11, 2.005, 11.4], "texture": "#0"},
				"east": {"uv": [4.6, 11.005, 5, 11.995], "rotation": 90, "texture": "#0"},
				"south": {"uv": [4.995, 11.6, 2.005, 12], "rotation": 180, "texture": "#0"},
				"west": {"uv": [2, 11.005, 2.4, 11.995], "rotation": 270, "texture": "#0"},
				"up": {"uv": [2.005, 11.005, 4.995, 11.995], "texture": "#0"}
			}
		},
		{
			"from": [4.005, 16, 10.005],
			"to": [4.995, 16.4, 11.005],
			"rotation": {"angle": 0, "axis": "x", "origin": [8, 8, 8]},
			"faces": {
				"north": {"uv": [4.995, 10, 4.005, 10.4], "texture": "#0"},
				"east": {"uv": [4.6, 10.005, 5, 11.005], "rotation": 90, "texture": "#0"},
				"west": {"uv": [4, 10.005, 4.4, 11.005], "rotation": 270, "texture": "#0"},
				"up": {"uv": [4.005, 10.005, 4.995, 11.005], "texture": "#0"}
			}
		},
		{
			"from": [3.005, 16, 6.005],
			"to": [7.995, 16.4, 6.995],
			"rotation": {"angle": 0, "axis": "x", "origin": [8, 8, 8]},
			"faces": {
				"north": {"uv": [7.995, 6, 3.005, 6.4], "texture": "#0"},
				"east": {"uv": [7.6, 6.005, 8, 6.995], "rotation": 90, "texture": "#0"},
				"south": {"uv": [7.995, 6.6, 3.005, 7], "rotation": 180, "texture": "#0"},
				"west": {"uv": [3, 6.005, 3.4, 6.995], "rotation": 270, "texture": "#0"},
				"up": {"uv": [3.005, 6.005, 7.995, 6.995], "texture": "#0"}
			}
		},
		{
			"from": [5.005, 16, 5.005],
			"to": [6.995, 16.4, 6.005],
			"rotation": {"angle": 0, "axis": "x", "origin": [8, 8, 8]},
			"faces": {
				"north": {"uv": [6.995, 5, 5.005, 5.4], "texture": "#0"},
				"east": {"uv": [6.6, 5.005, 7, 6.005], "rotation": 90, "texture": "#0"},
				"west": {"uv": [5, 5.005, 5.4, 6.005], "rotation": 270, "texture": "#0"},
				"up": {"uv": [5.005, 5.005, 6.995, 6.005], "texture": "#0"}
			}
		},
		{
			"from": [2.005, 16, 2.005],
			"to": [5.995, 16.4, 2.995],
			"rotation": {"angle": 0, "axis": "x", "origin": [8, 8, 8]},
			"faces": {
				"north": {"uv": [5.995, 2, 2.005, 2.4], "texture": "#0"},
				"east": {"uv": [5.6, 2.005, 6, 2.995], "rotation": 90, "texture": "#0"},
				"south": {"uv": [5.995, 2.6, 2.005, 3], "rotation": 180, "texture": "#0"},
				"west": {"uv": [2, 2.005, 2.4, 2.995], "rotation": 270, "texture": "#0"},
				"up": {"uv": [2.005, 2.005, 5.995, 2.995], "texture": "#0"}
			}
		},
		{
			"from": [5.005, 16, 2.995],
			"to": [5.995, 16.4, 3.995],
			"rotation": {"angle": 0, "axis": "x", "origin": [8, 8, 8]},
			"faces": {
				"east": {"uv": [5.6, 2.995, 6, 3.995], "rotation": 90, "texture": "#0"},
				"south": {"uv": [5.995, 3.6, 5.005, 4], "rotation": 180, "texture": "#0"},
				"west": {"uv": [5, 2.995, 5.4, 3.995], "rotation": 270, "texture": "#0"},
				"up": {"uv": [5.005, 2.995, 5.995, 3.995], "texture": "#0"}
			}
		},
		{
			"from": [7.005, 16, 9.005],
			"to": [11.995, 16.4, 9.995],
			"rotation": {"angle": 0, "axis": "x", "origin": [8, 8, 8]},
			"faces": {
				"north": {"uv": [11.995, 9, 7.005, 9.4], "texture": "#0"},
				"east": {"uv": [11.6, 9.005, 12, 9.995], "rotation": 90, "texture": "#0"},
				"south": {"uv": [11.995, 9.6, 7.005, 10], "rotation": 180, "texture": "#0"},
				"west": {"uv": [7, 9.005, 7.4, 9.995], "rotation": 270, "texture": "#0"},
				"up": {"uv": [7.005, 9.005, 11.995, 9.995], "texture": "#0"}
			}
		},
		{
			"from": [8.005, 16, 9.995],
			"to": [10.995, 16.4, 10.995],
			"rotation": {"angle": 0, "axis": "x", "origin": [8, 8, 8]},
			"faces": {
				"east": {"uv": [10.6, 9.995, 11, 10.995], "rotation": 90, "texture": "#0"},
				"south": {"uv": [10.995, 10.6, 8.005, 11], "rotation": 180, "texture": "#0"},
				"west": {"uv": [8, 9.995, 8.4, 10.995], "rotation": 270, "texture": "#0"},
				"up": {"uv": [8.005, 9.995, 10.995, 10.995], "texture": "#0"}
			}
		},
		{
			"from": [9.005, 16, 8.005],
			"to": [11.995, 16.4, 9.005],
			"rotation": {"angle": 0, "axis": "x", "origin": [8, 8, 8]},
			"faces": {
				"north": {"uv": [11.995, 8, 9.005, 8.4], "texture": "#0"},
				"east": {"uv": [11.6, 8.005, 12, 9.005], "rotation": 90, "texture": "#0"},
				"west": {"uv": [9, 8.005, 9.4, 9.005], "rotation": 270, "texture": "#0"},
				"up": {"uv": [9.005, 8.005, 11.995, 9.005], "texture": "#0"}
			}
		},
		{
			"from": [7.005, 16, 8.005],
			"to": [7.995, 16.4, 9.005],
			"rotation": {"angle": 0, "axis": "x", "origin": [8, 8, 8]},
			"faces": {
				"north": {"uv": [7.995, 8, 7.005, 8.4], "texture": "#0"},
				"east": {"uv": [7.6, 8.005, 8, 9.005], "rotation": 90, "texture": "#0"},
				"west": {"uv": [7, 8.005, 7.4, 9.005], "rotation": 270, "texture": "#0"},
				"up": {"uv": [7.005, 8.005, 7.995, 9.005], "texture": "#0"}
			}
		},
		{
			"from": [12.005, -0.4, 13.005],
			"to": [13.995, 0, 13.995],
			"rotation": {"angle": 0, "axis": "x", "origin": [8, 8, 8]},
			"faces": {
				"north": {"uv": [13.995, 2.6, 12.005, 3], "texture": "#0"},
				"east": {"uv": [13.6, 2.005, 14, 2.995], "rotation": 270, "texture": "#0"},
				"south": {"uv": [13.995, 2, 12.005, 2.4], "rotation": 180, "texture": "#0"},
				"west": {"uv": [12, 2.005, 12.4, 2.995], "rotation": 90, "texture": "#0"},
				"down": {"uv": [12.005, 2.005, 13.995, 2.995], "texture": "#0"}
			}
		},
		{
			"from": [7.005, -0.4, 12.005],
			"to": [8.995, 0, 12.995],
			"rotation": {"angle": 0, "axis": "x", "origin": [8, 8, 8]},
			"faces": {
				"north": {"uv": [8.995, 3.6, 7.005, 4], "texture": "#0"},
				"east": {"uv": [8.6, 3.005, 9, 3.995], "rotation": 270, "texture": "#0"},
				"south": {"uv": [8.995, 3, 7.005, 3.4], "rotation": 180, "texture": "#0"},
				"west": {"uv": [7, 3.005, 7.4, 3.995], "rotation": 90, "texture": "#0"},
				"down": {"uv": [7.005, 3.005, 8.995, 3.995], "texture": "#0"}
			}
		},
		{
			"from": [10.005, -0.4, 9.005],
			"to": [11.995, 0, 10.995],
			"rotation": {"angle": 0, "axis": "x", "origin": [8, 8, 8]},
			"faces": {
				"north": {"uv": [11.995, 6.6, 10.005, 7], "texture": "#0"},
				"east": {"uv": [11.6, 5.005, 12, 6.995], "rotation": 270, "texture": "#0"},
				"south": {"uv": [11.995, 5, 10.005, 5.4], "rotation": 180, "texture": "#0"},
				"west": {"uv": [10, 5.005, 10.4, 6.995], "rotation": 90, "texture": "#0"},
				"down": {"uv": [10.005, 5.005, 11.995, 6.995], "texture": "#0"}
			}
		},
		{
			"from": [1.005, -0.4, 7.005],
			"to": [2.995, 0, 8.995],
			"rotation": {"angle": 0, "axis": "x", "origin": [8, 8, 8]},
			"faces": {
				"north": {"uv": [2.995, 8.6, 1.005, 9], "texture": "#0"},
				"east": {"uv": [2.6, 7.005, 3, 8.995], "rotation": 270, "texture": "#0"},
				"south": {"uv": [2.995, 7, 1.005, 7.4], "rotation": 180, "texture": "#0"},
				"west": {"uv": [1, 7.005, 1.4, 8.995], "rotation": 90, "texture": "#0"},
				"down": {"uv": [1.005, 7.005, 2.995, 8.995], "texture": "#0"}
			}
		},
		{
			"from": [8.005, -0.4, 2.005],
			"to": [10.995, 0, 3.995],
			"rotation": {"angle": 0, "axis": "x", "origin": [8, 8, 8]},
			"faces": {
				"north": {"uv": [10.995, 13.6, 8.005, 14], "texture": "#0"},
				"east": {"uv": [10.6, 12.005, 11, 13.995], "rotation": 270, "texture": "#0"},
				"south": {"uv": [10.995, 12, 8.005, 12.4], "rotation": 180, "texture": "#0"},
				"west": {"uv": [8, 12.005, 8.4, 13.995], "rotation": 90, "texture": "#0"},
				"down": {"uv": [8.005, 12.005, 10.995, 13.995], "texture": "#0"}
			}
		},
		{
			"from": [13.005, -0.4, 3.005],
			"to": [14.995, 0, 5.995],
			"rotation": {"angle": 0, "axis": "x", "origin": [8, 8, 8]},
			"faces": {
				"north": {"uv": [14.995, 12.6, 13.005, 13], "texture": "#0"},
				"east": {"uv": [14.6, 10.005, 15, 12.995], "rotation": 270, "texture": "#0"},
				"south": {"uv": [14.995, 10, 13.005, 10.4], "rotation": 180, "texture": "#0"},
				"west": {"uv": [13, 10.005, 13.4, 12.995], "rotation": 90, "texture": "#0"},
				"down": {"uv": [13.005, 10.005, 14.995, 12.995], "texture": "#0"}
			}
		},
		{
			"from": [13.005, -0.4, 5.995],
			"to": [13.995, 0, 6.995],
			"rotation": {"angle": 0, "axis": "x", "origin": [8, 8, 8]},
			"faces": {
				"east": {"uv": [13.6, 9.005, 14, 10.005], "rotation": 270, "texture": "#0"},
				"south": {"uv": [13.995, 9, 13.005, 9.4], "rotation": 180, "texture": "#0"},
				"west": {"uv": [13, 9.005, 13.4, 10.005], "rotation": 90, "texture": "#0"},
				"down": {"uv": [13.005, 9.005, 13.995, 10.005], "texture": "#0"}
			}
		},
		{
			"from": [4.005, -0.4, 1.005],
			"to": [6.995, 0, 2.995],
			"rotation": {"angle": 0, "axis": "x", "origin": [8, 8, 8]},
			"faces": {
				"north": {"uv": [6.995, 14.6, 4.005, 15], "texture": "#0"},
				"east": {"uv": [6.6, 13.005, 7, 14.995], "rotation": 270, "texture": "#0"},
				"south": {"uv": [6.995, 13, 4.005, 13.4], "rotation": 180, "texture": "#0"},
				"west": {"uv": [4, 13.005, 4.4, 14.995], "rotation": 90, "texture": "#0"},
				"down": {"uv": [4.005, 13.005, 6.995, 14.995], "texture": "#0"}
			}
		},
		{
			"from": [5.005, -0.4, 2.995],
			"to": [5.995, 0, 3.995],
			"rotation": {"angle": 0, "axis": "x", "origin": [8, 8, 8]},
			"faces": {
				"east": {"uv": [5.6, 12.005, 6, 13.005], "rotation": 270, "texture": "#0"},
				"south": {"uv": [5.995, 12, 5.005, 12.4], "rotation": 180, "texture": "#0"},
				"west": {"uv": [5, 12.005, 5.4, 13.005], "rotation": 90, "texture": "#0"},
				"down": {"uv": [5.005, 12.005, 5.995, 13.005], "texture": "#0"}
			}
		},
		{
			"from": [2.005, -0.4, 4.005],
			"to": [4.995, 0, 4.995],
			"rotation": {"angle": 0, "axis": "x", "origin": [8, 8, 8]},
			"faces": {
				"north": {"uv": [4.995, 11.6, 2.005, 12], "texture": "#0"},
				"east": {"uv": [4.6, 11.005, 5, 11.995], "rotation": 270, "texture": "#0"},
				"south": {"uv": [4.995, 11, 2.005, 11.4], "rotation": 180, "texture": "#0"},
				"west": {"uv": [2, 11.005, 2.4, 11.995], "rotation": 90, "texture": "#0"},
				"down": {"uv": [2.005, 11.005, 4.995, 11.995], "texture": "#0"}
			}
		},
		{
			"from": [4.005, -0.4, 4.995],
			"to": [4.995, 0, 5.995],
			"rotation": {"angle": 0, "axis": "x", "origin": [8, 8, 8]},
			"faces": {
				"east": {"uv": [4.6, 10.005, 5, 11.005], "rotation": 270, "texture": "#0"},
				"south": {"uv": [4.995, 10, 4.005, 10.4], "rotation": 180, "texture": "#0"},
				"west": {"uv": [4, 10.005, 4.4, 11.005], "rotation": 90, "texture": "#0"},
				"down": {"uv": [4.005, 10.005, 4.995, 11.005], "texture": "#0"}
			}
		},
		{
			"from": [3.005, -0.4, 9.005],
			"to": [7.995, 0, 9.995],
			"rotation": {"angle": 0, "axis": "x", "origin": [8, 8, 8]},
			"faces": {
				"north": {"uv": [7.995, 6.6, 3.005, 7], "texture": "#0"},
				"east": {"uv": [7.6, 6.005, 8, 6.995], "rotation": 270, "texture": "#0"},
				"south": {"uv": [7.995, 6, 3.005, 6.4], "rotation": 180, "texture": "#0"},
				"west": {"uv": [3, 6.005, 3.4, 6.995], "rotation": 90, "texture": "#0"},
				"down": {"uv": [3.005, 6.005, 7.995, 6.995], "texture": "#0"}
			}
		},
		{
			"from": [5.005, -0.4, 9.995],
			"to": [6.995, 0, 10.995],
			"rotation": {"angle": 0, "axis": "x", "origin": [8, 8, 8]},
			"faces": {
				"east": {"uv": [6.6, 5.005, 7, 6.005], "rotation": 270, "texture": "#0"},
				"south": {"uv": [6.995, 5, 5.005, 5.4], "rotation": 180, "texture": "#0"},
				"west": {"uv": [5, 5.005, 5.4, 6.005], "rotation": 90, "texture": "#0"},
				"down": {"uv": [5.005, 5.005, 6.995, 6.005], "texture": "#0"}
			}
		},
		{
			"from": [2.005, -0.4, 13.005],
			"to": [5.995, 0, 13.995],
			"rotation": {"angle": 0, "axis": "x", "origin": [8, 8, 8]},
			"faces": {
				"north": {"uv": [5.995, 2.6, 2.005, 3], "texture": "#0"},
				"east": {"uv": [5.6, 2.005, 6, 2.995], "rotation": 270, "texture": "#0"},
				"south": {"uv": [5.995, 2, 2.005, 2.4], "rotation": 180, "texture": "#0"},
				"west": {"uv": [2, 2.005, 2.4, 2.995], "rotation": 90, "texture": "#0"},
				"down": {"uv": [2.005, 2.005, 5.995, 2.995], "texture": "#0"}
			}
		},
		{
			"from": [5.005, -0.4, 12.005],
			"to": [5.995, 0, 13.005],
			"rotation": {"angle": 0, "axis": "x", "origin": [8, 8, 8]},
			"faces": {
				"north": {"uv": [5.995, 3.6, 5.005, 4], "texture": "#0"},
				"east": {"uv": [5.6, 2.995, 6, 3.995], "rotation": 270, "texture": "#0"},
				"west": {"uv": [5, 2.995, 5.4, 3.995], "rotation": 90, "texture": "#0"},
				"down": {"uv": [5.005, 2.995, 5.995, 3.995], "texture": "#0"}
			}
		},
		{
			"from": [7.005, -0.4, 6.005],
			"to": [11.995, 0, 6.995],
			"rotation": {"angle": 0, "axis": "x", "origin": [8, 8, 8]},
			"faces": {
				"north": {"uv": [11.995, 9.6, 7.005, 10], "texture": "#0"},
				"east": {"uv": [11.6, 9.005, 12, 9.995], "rotation": 270, "texture": "#0"},
				"south": {"uv": [11.995, 9, 7.005, 9.4], "rotation": 180, "texture": "#0"},
				"west": {"uv": [7, 9.005, 7.4, 9.995], "rotation": 90, "texture": "#0"},
				"down": {"uv": [7.005, 9.005, 11.995, 9.995], "texture": "#0"}
			}
		},
		{
			"from": [8.005, -0.4, 5.005],
			"to": [10.995, 0, 6.005],
			"rotation": {"angle": 0, "axis": "x", "origin": [8, 8, 8]},
			"faces": {
				"north": {"uv": [10.995, 10.6, 8.005, 11], "texture": "#0"},
				"east": {"uv": [10.6, 9.995, 11, 10.995], "rotation": 270, "texture": "#0"},
				"west": {"uv": [8, 9.995, 8.4, 10.995], "rotation": 90, "texture": "#0"},
				"down": {"uv": [8.005, 9.995, 10.995, 10.995], "texture": "#0"}
			}
		},
		{
			"from": [9.005, -0.4, 6.995],
			"to": [11.995, 0, 7.995],
			"rotation": {"angle": 0, "axis": "x", "origin": [8, 8, 8]},
			"faces": {
				"east": {"uv": [11.6, 8.005, 12, 9.005], "rotation": 270, "texture": "#0"},
				"south": {"uv": [11.995, 8, 9.005, 8.4], "rotation": 180, "texture": "#0"},
				"west": {"uv": [9, 8.005, 9.4, 9.005], "rotation": 90, "texture": "#0"},
				"down": {"uv": [9.005, 8.005, 11.995, 9.005], "texture": "#0"}
			}
		},
		{
			"from": [7.005, -0.4, 6.995],
			"to": [7.995, 0, 7.995],
			"rotation": {"angle": 0, "axis": "x", "origin": [8, 8, 8]},
			"faces": {
				"east": {"uv": [7.6, 8.005, 8, 9.005], "rotation": 270, "texture": "#0"},
				"south": {"uv": [7.995, 8, 7.005, 8.4], "rotation": 180, "texture": "#0"},
				"west": {"uv": [7, 8.005, 7.4, 9.005], "rotation": 90, "texture": "#0"},
				"down": {"uv": [7.005, 8.005, 7.995, 9.005], "texture": "#0"}
			}
		}
	],
	"display": {
		"thirdperson_righthand": {
			"rotation": [75, 45, 0],
			"translation": [0, 2.5, 0],
			"scale": [0.375, 0.375, 0.375]
		},
		"thirdperson_lefthand": {
			"rotation": [75, 45, 0],
			"translation": [0, 2.5, 0],
			"scale": [0.375, 0.375, 0.375]
		},
		"firstperson_righthand": {
			"rotation": [0, 45, 0],
			"scale": [0.4, 0.4, 0.4]
		},
		"firstperson_lefthand": {
			"rotation": [0, 225, 0],
			"scale": [0.4, 0.4, 0.4]
		},
		"ground": {
			"translation": [0, 3, 0],
			"scale": [0.25, 0.25, 0.25]
		},
		"gui": {
			"rotation": [30, 225, 0],
			"scale": [0.625, 0.625, 0.625]
		},
		"fixed": {
			"scale": [0.5, 0.5, 0.5]
		}
	},
	"groups": [
		0,
		{
			"name": "N",
			"origin": [8, 8, 8],
			"color": 0,
			"children": [
				1,
				2,
				3,
				4,
				5,
				{
					"name": "group",
					"origin": [8, 8, 8],
					"color": 0,
					"children": [6, 7]
				},
				{
					"name": "group",
					"origin": [8, 8, 8],
					"color": 0,
					"children": [8, 9]
				},
				{
					"name": "group",
					"origin": [8, 8, 8],
					"color": 0,
					"children": [10, 11]
				},
				{
					"name": "group",
					"origin": [8, 8, 8],
					"color": 0,
					"children": [12, 13]
				},
				{
					"name": "group",
					"origin": [8, 8, 8],
					"color": 0,
					"children": [14, 15]
				},
				{
					"name": "group",
					"origin": [8, 8, 8],
					"color": 0,
					"children": [16, 17, 18, 19]
				}
			]
		},
		{
			"name": "E",
			"origin": [8, 8, 8],
			"color": 0,
			"children": [
				20,
				21,
				22,
				23,
				24,
				{
					"name": "group",
					"origin": [8, 8, 8],
					"color": 0,
					"children": [25, 26]
				},
				{
					"name": "group",
					"origin": [8, 8, 8],
					"color": 0,
					"children": [27, 28]
				},
				{
					"name": "group",
					"origin": [8, 8, 8],
					"color": 0,
					"children": [29, 30]
				},
				{
					"name": "group",
					"origin": [8, 8, 8],
					"color": 0,
					"children": [31, 32]
				},
				{
					"name": "group",
					"origin": [8, 8, 8],
					"color": 0,
					"children": [33, 34]
				},
				{
					"name": "group",
					"origin": [8, 8, 8],
					"color": 0,
					"children": [35, 36, 37, 38]
				}
			]
		},
		{
			"name": "S",
			"origin": [8, 8, 8],
			"color": 0,
			"children": [
				39,
				40,
				41,
				42,
				43,
				{
					"name": "group",
					"origin": [8, 8, 8],
					"color": 0,
					"children": [44, 45]
				},
				{
					"name": "group",
					"origin": [8, 8, 8],
					"color": 0,
					"children": [46, 47]
				},
				{
					"name": "group",
					"origin": [8, 8, 8],
					"color": 0,
					"children": [48, 49]
				},
				{
					"name": "group",
					"origin": [8, 8, 8],
					"color": 0,
					"children": [50, 51]
				},
				{
					"name": "group",
					"origin": [8, 8, 8],
					"color": 0,
					"children": [52, 53]
				},
				{
					"name": "group",
					"origin": [8, 8, 8],
					"color": 0,
					"children": [54, 55, 56, 57]
				}
			]
		},
		{
			"name": "W",
			"origin": [8, 8, 8],
			"color": 0,
			"children": [
				58,
				59,
				60,
				61,
				62,
				{
					"name": "group",
					"origin": [8, 8, 8],
					"color": 0,
					"children": [63, 64]
				},
				{
					"name": "group",
					"origin": [8, 8, 8],
					"color": 0,
					"children": [65, 66]
				},
				{
					"name": "group",
					"origin": [8, 8, 8],
					"color": 0,
					"children": [67, 68]
				},
				{
					"name": "group",
					"origin": [8, 8, 8],
					"color": 0,
					"children": [69, 70]
				},
				{
					"name": "group",
					"origin": [8, 8, 8],
					"color": 0,
					"children": [71, 72]
				},
				{
					"name": "group",
					"origin": [8, 8, 8],
					"color": 0,
					"children": [73, 74, 75, 76]
				}
			]
		},
		{
			"name": "U",
			"origin": [8, 8, 8],
			"color": 0,
			"children": [
				77,
				78,
				79,
				80,
				81,
				{
					"name": "group",
					"origin": [8, 8, 8],
					"color": 0,
					"children": [82, 83]
				},
				{
					"name": "group",
					"origin": [8, 8, 8],
					"color": 0,
					"children": [84, 85]
				},
				{
					"name": "group",
					"origin": [8, 8, 8],
					"color": 0,
					"children": [86, 87]
				},
				{
					"name": "group",
					"origin": [8, 8, 8],
					"color": 0,
					"children": [88, 89]
				},
				{
					"name": "group",
					"origin": [8, 8, 8],
					"color": 0,
					"children": [90, 91]
				},
				{
					"name": "group",
					"origin": [8, 8, 8],
					"color": 0,
					"children": [92, 93, 94, 95]
				}
			]
		},
		{
			"name": "D",
			"origin": [8, 8, 8],
			"color": 0,
			"children": [
				96,
				97,
				98,
				99,
				100,
				{
					"name": "group",
					"origin": [8, 8, 8],
					"color": 0,
					"children": [101, 102]
				},
				{
					"name": "group",
					"origin": [8, 8, 8],
					"color": 0,
					"children": [103, 104]
				},
				{
					"name": "group",
					"origin": [8, 8, 8],
					"color": 0,
					"children": [105, 106]
				},
				{
					"name": "group",
					"origin": [8, 8, 8],
					"color": 0,
					"children": [107, 108]
				},
				{
					"name": "group",
					"origin": [8, 8, 8],
					"color": 0,
					"children": [109, 110]
				},
				{
					"name": "group",
					"origin": [8, 8, 8],
					"color": 0,
					"children": [111, 112, 113, 114]
				}
			]
		}
	]
}