{
	"credit": "Made by SkylaDev :3 https://skyla.dev/",
	"textures": {
		"0": "block/lectern_base",
		"1": "block/lectern_front",
		"2": "block/lectern_sides",
		"3": "block/lectern_top",
		"4": "block/oak_planks",
		"particle": "block/lectern_sides"
	},
	"elements": [
		{
			"name": "base",
			"from": [0, 0, 0],
			"to": [16, 2, 16],
			"faces": {
				"north": {"uv": [0, 14, 16, 16], "texture": "#0"},
				"east": {"uv": [0, 6, 16, 8], "texture": "#0"},
				"south": {"uv": [0, 6, 16, 8], "texture": "#0"},
				"west": {"uv": [0, 6, 16, 8], "texture": "#0"},
				"up": {"uv": [0, 0, 16, 16], "rotation": 180, "texture": "#0"},
				"down": {"uv": [0, 0, 16, 16], "texture": "#4"}
			}
		},
		{
			"name": "clothF",
			"from": [5, 0, -0.25],
			"to": [11, 2, 0],
			"faces": {
				"north": {"uv": [5, 14, 11, 16], "texture": "#0"},
				"east": {"uv": [5, 14, 5.25, 16], "texture": "#0"},
				"west": {"uv": [10.75, 14, 11, 16], "texture": "#0"},
				"up": {"uv": [11, 14, 5, 14.25], "texture": "#0"},
				"down": {"uv": [11, 15.75, 5, 16], "texture": "#0"}
			}
		},
		{
			"name": "clothT",
			"from": [5, 2, 0],
			"to": [11, 2.25, 4],
			"faces": {
				"north": {"uv": [5, 15.75, 11, 16], "texture": "#0"},
				"east": {"uv": [5, 16, 5.25, 12], "rotation": 90, "texture": "#0"},
				"south": {"uv": [11, 12, 5, 12.25], "texture": "#0"},
				"west": {"uv": [10.75, 12, 11, 16], "rotation": 90, "texture": "#0"},
				"up": {"uv": [5, 12, 11, 16], "rotation": 180, "texture": "#0"}
			}
		},
		{
			"name": "base",
			"from": [4, 2, 4],
			"to": [12, 15, 12],
			"faces": {
				"east": {"uv": [2, 8, 15, 16], "rotation": 90, "texture": "#2"},
				"south": {"uv": [8, 3, 16, 16], "texture": "#1"},
				"west": {"uv": [2, 8, 15, 16], "rotation": 90, "texture": "#2"}
			}
		},
		{
			"name": "frontB",
			"from": [4, 2, 4],
			"to": [12, 3, 9],
			"faces": {
				"north": {"uv": [0, 12, 8, 13], "texture": "#1"},
				"up": {"uv": [0, 0, 8, 5], "rotation": 180, "texture": "#1"}
			}
		},
		{
			"name": "frontU",
			"from": [4, 8, 4],
			"to": [12, 15, 9],
			"faces": {
				"north": {"uv": [0, 0, 8, 7], "texture": "#1"},
				"down": {"uv": [0, 0, 8, 5], "texture": "#1"}
			}
		},
		{
			"name": "frontL",
			"from": [11, 3, 4],
			"to": [12, 8, 9],
			"faces": {
				"north": {"uv": [0, 7, 1, 12], "texture": "#1"},
				"west": {"uv": [1, 0, 6, 5], "texture": "#1"}
			}
		},
		{
			"name": "frontR",
			"from": [4, 3, 4],
			"to": [5, 8, 9],
			"faces": {
				"north": {"uv": [7, 7, 8, 12], "texture": "#1"},
				"east": {"uv": [1, 0, 6, 5], "texture": "#1"}
			}
		},
		{
			"name": "interior",
			"from": [5, 3, 9],
			"to": [11, 8, 9],
			"faces": {
				"north": {"uv": [1, 0, 7, 5], "texture": "#1"}
			}
		},
		{
			"from": [10, 3, 4.75],
			"to": [11, 7, 7.75],
			"faces": {
				"north": {"uv": [1, 8, 2, 12], "texture": "#1"},
				"west": {"uv": [1, 8, 2, 12], "texture": "#1"},
				"up": {"uv": [1, 8, 2, 9], "texture": "#1"}
			}
		},
		{
			"from": [8, 3, 5.25],
			"to": [10, 7, 8.25],
			"faces": {
				"north": {"uv": [2, 8, 4, 12], "texture": "#1"},
				"east": {"uv": [2, 8, 3, 12], "texture": "#1"},
				"west": {"uv": [3, 8, 4, 12], "texture": "#1"},
				"up": {"uv": [4, 8, 2, 9], "texture": "#1"}
			}
		},
		{
			"from": [6, 3, 4.75],
			"to": [8, 7, 7.75],
			"faces": {
				"north": {"uv": [4, 8, 6, 12], "texture": "#1"},
				"east": {"uv": [4, 8, 5, 12], "texture": "#1"},
				"west": {"uv": [5, 8, 6, 12], "texture": "#1"},
				"up": {"uv": [6, 8, 4, 9], "texture": "#1"}
			}
		},
		{
			"from": [5, 3, 5],
			"to": [6, 6, 7],
			"faces": {
				"north": {"uv": [6, 9, 7, 12], "texture": "#1"},
				"up": {"uv": [6, 9, 7, 11], "texture": "#1"}
			}
		},
		{
			"name": "base",
			"from": [0, 12, 3],
			"to": [16, 16, 16],
			"rotation": {"angle": -22.5, "axis": "x", "origin": [8, 8, 8]},
			"faces": {
				"north": {"uv": [0, 0, 16, 4], "texture": "#2"},
				"east": {"uv": [0, 4, 13, 8], "texture": "#2"},
				"south": {"uv": [0, 4, 16, 8], "texture": "#2"},
				"west": {"uv": [0, 4, 13, 8], "texture": "#2"},
				"up": {"uv": [0, 1, 16, 14], "rotation": 180, "texture": "#3"},
				"down": {"uv": [16, 1, 0, 14], "texture": "#3"}
			}
		},
		{
			"name": "lip",
			"from": [0, 16, 3],
			"to": [16, 16.25, 4],
			"rotation": {"angle": -22.5, "axis": "x", "origin": [8, 8, 8]},
			"faces": {
				"north": {"uv": [0, 14, 16, 14.25], "texture": "#3"},
				"east": {"uv": [0, 14, 0.25, 15], "rotation": 90, "texture": "#3"},
				"south": {"uv": [16, 14.75, 0, 15], "texture": "#3"},
				"west": {"uv": [15.75, 14, 16, 15], "rotation": 90, "texture": "#3"},
				"up": {"uv": [0, 14, 16, 15], "texture": "#3"},
				"down": {"uv": [0, 14, 0, 14], "texture": "#3"}
			}
		}
	],
	"display": {
		"thirdperson_righthand": {
			"rotation": [75, 45, 0],
			"translation": [0, 2.5, 0],
			"scale": [0.375, 0.375, 0.375]
		},
		"thirdperson_lefthand": {
			"rotation": [75, 45, 0],
			"translation": [0, 2.5, 0],
			"scale": [0.375, 0.375, 0.375]
		},
		"firstperson_righthand": {
			"rotation": [0, 45, 0],
			"scale": [0.4, 0.4, 0.4]
		},
		"firstperson_lefthand": {
			"rotation": [0, 225, 0],
			"scale": [0.4, 0.4, 0.4]
		},
		"ground": {
			"translation": [0, 3, 0],
			"scale": [0.25, 0.25, 0.25]
		},
		"gui": {
			"rotation": [30, 225, 0],
			"scale": [0.625, 0.625, 0.625]
		},
		"head": {
			"translation": [0, 14, 0]
		},
		"fixed": {
			"scale": [0.5, 0.5, 0.5]
		}
	},
	"groups": [
		{
			"name": "baseplate",
			"origin": [0, 0, 0],
			"color": 0,
			"children": [0, 1, 2]
		},
		{
			"name": "stand",
			"origin": [8, 8, 8],
			"color": 0,
			"children": [
				3,
				4,
				5,
				6,
				7,
				8,
				{
					"name": "books",
					"origin": [8, 8, 8],
					"color": 0,
					"children": [9, 10, 11, 12]
				}
			]
		},
		{
			"name": "top",
			"origin": [8, 8, 8],
			"color": 0,
			"children": [13, 14]
		}
	]
}