{
	"credit": "Made by SkylaDev :3 https://skyla.dev/",
	"ambientocclusion": false,
	"textures": {
		"0": "block/lily_pad",
		"particle": "block/lily_pad"
	},
	"elements": [
		{
			"from": [6, 0, 5],
			"to": [11, 0.25, 15],
			"faces": {
				"north": {"uv": [11, 5, 6, 5.25], "texture": "#0"},
				"east": {"uv": [10.75, 5, 11, 15], "rotation": 90, "texture": "#0"},
				"south": {"uv": [6, 14.75, 11, 15], "texture": "#0"},
				"west": {"uv": [6, 5, 6.25, 15], "rotation": 270, "texture": "#0"},
				"up": {"uv": [6, 5, 11, 15], "texture": "#0"},
				"down": {"uv": [11, 5, 6, 15], "rotation": 180, "texture": "#0"}
			}
		},
		{
			"from": [4, 0, 3],
			"to": [8, 0.25, 14],
			"faces": {
				"north": {"uv": [8, 3, 4, 3.25], "texture": "#0"},
				"east": {"uv": [7.75, 3, 8, 14], "rotation": 90, "texture": "#0"},
				"south": {"uv": [4, 13.75, 8, 14], "texture": "#0"},
				"west": {"uv": [4, 3, 4.25, 14], "rotation": 270, "texture": "#0"},
				"up": {"uv": [4, 3, 8, 14], "texture": "#0"},
				"down": {"uv": [8, 3, 4, 14], "rotation": 180, "texture": "#0"}
			}
		},
		{
			"from": [9, 0, 3],
			"to": [13, 0.25, 14],
			"faces": {
				"north": {"uv": [13, 3, 9, 3.25], "texture": "#0"},
				"east": {"uv": [12.75, 3, 13, 14], "rotation": 90, "texture": "#0"},
				"south": {"uv": [9, 13.75, 13, 14], "texture": "#0"},
				"west": {"uv": [9, 3, 9.25, 14], "rotation": 270, "texture": "#0"},
				"up": {"uv": [9, 3, 13, 14], "texture": "#0"},
				"down": {"uv": [13, 3, 9, 14], "rotation": 180, "texture": "#0"}
			}
		},
		{
			"from": [3, 0, 2],
			"to": [7, 0.25, 13],
			"faces": {
				"north": {"uv": [7, 2, 3, 2.25], "texture": "#0"},
				"east": {"uv": [6.75, 2, 7, 13], "rotation": 90, "texture": "#0"},
				"south": {"uv": [3, 12.75, 7, 13], "texture": "#0"},
				"west": {"uv": [3, 2, 3.25, 13], "rotation": 270, "texture": "#0"},
				"up": {"uv": [3, 2, 7, 13], "texture": "#0"},
				"down": {"uv": [7, 2, 3, 13], "rotation": 180, "texture": "#0"}
			}
		},
		{
			"from": [10, 0, 2],
			"to": [14, 0.25, 13],
			"faces": {
				"north": {"uv": [14, 2, 10, 2.25], "texture": "#0"},
				"east": {"uv": [13.75, 2, 14, 13], "rotation": 90, "texture": "#0"},
				"south": {"uv": [10, 12.75, 14, 13], "texture": "#0"},
				"west": {"uv": [10, 2, 10.25, 13], "rotation": 270, "texture": "#0"},
				"up": {"uv": [10, 2, 14, 13], "texture": "#0"},
				"down": {"uv": [14, 2, 10, 13], "rotation": 180, "texture": "#0"}
			}
		},
		{
			"from": [2, 0, 4],
			"to": [3, 0.25, 11],
			"faces": {
				"north": {"uv": [3, 4, 2, 4.25], "texture": "#0"},
				"south": {"uv": [2, 10.75, 3, 11], "texture": "#0"},
				"west": {"uv": [2, 4, 2.25, 11], "rotation": 270, "texture": "#0"},
				"up": {"uv": [2, 4, 3, 11], "texture": "#0"},
				"down": {"uv": [3, 4, 2, 11], "rotation": 180, "texture": "#0"}
			}
		},
		{
			"from": [14, 0, 4],
			"to": [15, 0.25, 11],
			"faces": {
				"north": {"uv": [15, 4, 14, 4.25], "texture": "#0"},
				"east": {"uv": [14.75, 4, 15, 11], "rotation": 90, "texture": "#0"},
				"south": {"uv": [14, 10.75, 15, 11], "texture": "#0"},
				"up": {"uv": [14, 4, 15, 11], "texture": "#0"},
				"down": {"uv": [15, 4, 14, 11], "rotation": 180, "texture": "#0"}
			}
		},
		{
			"from": [4, 0, 1],
			"to": [7, 0.25, 2],
			"faces": {
				"north": {"uv": [7, 1, 4, 1.25], "texture": "#0"},
				"east": {"uv": [6.75, 1, 7, 2], "rotation": 90, "texture": "#0"},
				"west": {"uv": [4, 1, 4.25, 2], "rotation": 270, "texture": "#0"},
				"up": {"uv": [4, 1, 7, 2], "texture": "#0"},
				"down": {"uv": [7, 1, 4, 2], "rotation": 180, "texture": "#0"}
			}
		},
		{
			"from": [10, 0, 1],
			"to": [13, 0.25, 2],
			"faces": {
				"north": {"uv": [13, 1, 10, 1.25], "texture": "#0"},
				"east": {"uv": [12.75, 1, 13, 2], "rotation": 90, "texture": "#0"},
				"west": {"uv": [10, 1, 10.25, 2], "rotation": 270, "texture": "#0"},
				"up": {"uv": [10, 1, 13, 2], "texture": "#0"},
				"down": {"uv": [13, 1, 10, 2], "rotation": 180, "texture": "#0"}
			}
		}
	],
	"gui_light": "front",
	"display": {
		"thirdperson_righthand": {
			"rotation": [75, 45, 0],
			"translation": [0, 2.5, 3.5],
			"scale": [0.375, 0.375, 0.375]
		},
		"thirdperson_lefthand": {
			"rotation": [75, 45, 0],
			"translation": [0, 2.5, 3.5],
			"scale": [0.375, 0.375, 0.375]
		},
		"firstperson_righthand": {
			"rotation": [55, 0, 80],
			"translation": [-4.75, 4.5, 3.25],
			"scale": [0.4, 0.4, 0.4]
		},
		"firstperson_lefthand": {
			"rotation": [55, 0, 80],
			"translation": [-4.75, 4.5, 3.25],
			"scale": [0.4, 0.4, 0.4]
		},
		"ground": {
			"translation": [0, 3, 0],
			"scale": [0.27, 0.25, 0.25]
		},
		"gui": {
			"rotation": [30, 225, 0],
			"translation": [0, 6.5, 0]
		},
		"head": {
			"translation": [-0.5, 15.25, 0]
		},
		"fixed": {
			"rotation": [90, 0, 0],
			"translation": [-0.5, 0, 8]
		}
	}
}