{
	"credit": "Made by SkylaDev :3 https://skyla.dev/",
	"textures": {
		"0": "block/nether_quartz_ore",
		"particle": "block/nether_quartz_ore"
	},
	"elements": [
		{
			"name": "base",
			"from": [0, 0, 0],
			"to": [16, 16, 16],
			"faces": {
				"north": {"uv": [0, 0, 16, 16], "texture": "#0"},
				"east": {"uv": [0, 0, 16, 16], "texture": "#0"},
				"south": {"uv": [0, 0, 16, 16], "texture": "#0"},
				"west": {"uv": [0, 0, 16, 16], "texture": "#0"},
				"up": {"uv": [0, 0, 16, 16], "texture": "#0"},
				"down": {"uv": [0, 0, 16, 16], "texture": "#0"}
			}
		},
		{
			"from": [2.005, 3.005, -0.4],
			"to": [2.995, 3.995, 0],
			"rotation": {"angle": 0, "axis": "y", "origin": [8, 8, 8]},
			"faces": {
				"north": {"uv": [13.005, 12.005, 13.995, 12.995], "texture": "#0"},
				"east": {"uv": [13, 12.005, 13.4, 12.995], "texture": "#0"},
				"west": {"uv": [13.6, 12.005, 14, 12.995], "texture": "#0"},
				"up": {"uv": [13.995, 12, 13.005, 12.4], "texture": "#0"},
				"down": {"uv": [13.995, 12.6, 13.005, 13], "texture": "#0"}
			}
		},
		{
			"from": [3.005, 2.005, -0.4],
			"to": [4.995, 2.995, 0],
			"rotation": {"angle": 0, "axis": "y", "origin": [8, 8, 8]},
			"faces": {
				"north": {"uv": [11.005, 13.005, 12.995, 13.995], "texture": "#0"},
				"east": {"uv": [11, 13.005, 11.4, 13.995], "texture": "#0"},
				"west": {"uv": [12.6, 13.005, 13, 13.995], "texture": "#0"},
				"up": {"uv": [12.995, 13, 11.005, 13.4], "texture": "#0"},
				"down": {"uv": [12.995, 13.6, 11.005, 14], "texture": "#0"}
			}
		},
		{
			"from": [7.005, 2.005, -0.4],
			"to": [8.995, 3.995, 0],
			"rotation": {"angle": 0, "axis": "y", "origin": [8, 8, 8]},
			"faces": {
				"north": {"uv": [7.005, 12.005, 8.995, 13.995], "texture": "#0"},
				"east": {"uv": [7, 12.005, 7.4, 13.995], "texture": "#0"},
				"west": {"uv": [8.6, 12.005, 9, 13.995], "texture": "#0"},
				"up": {"uv": [8.995, 12, 7.005, 12.4], "texture": "#0"},
				"down": {"uv": [8.995, 13.6, 7.005, 14], "texture": "#0"}
			}
		},
		{
			"from": [6.005, 3.005, -0.4],
			"to": [7.995, 4.995, 0],
			"rotation": {"angle": 0, "axis": "y", "origin": [8, 8, 8]},
			"faces": {
				"north": {"uv": [8.005, 11.005, 9.995, 12.995], "texture": "#0"},
				"east": {"uv": [8, 11.005, 8.4, 12.995], "texture": "#0"},
				"west": {"uv": [9.6, 11.005, 10, 12.995], "texture": "#0"},
				"up": {"uv": [9.995, 11, 8.005, 11.4], "texture": "#0"},
				"down": {"uv": [9.995, 12.6, 8.005, 13], "texture": "#0"}
			}
		},
		{
			"from": [7.005, 1.005, -0.4],
			"to": [7.995, 2.005, 0],
			"rotation": {"angle": 0, "axis": "y", "origin": [8, 8, 8]},
			"faces": {
				"north": {"uv": [8.005, 13.995, 8.995, 14.995], "texture": "#0"},
				"east": {"uv": [8, 13.995, 8.4, 14.995], "texture": "#0"},
				"west": {"uv": [8.6, 13.995, 9, 14.995], "texture": "#0"},
				"down": {"uv": [8.995, 14.6, 8.005, 15], "texture": "#0"}
			}
		},
		{
			"from": [6.005, 4.995, -0.4],
			"to": [6.995, 5.995, 0],
			"rotation": {"angle": 0, "axis": "y", "origin": [8, 8, 8]},
			"faces": {
				"north": {"uv": [9.005, 10.005, 9.995, 11.005], "texture": "#0"},
				"east": {"uv": [9, 10.005, 9.4, 11.005], "texture": "#0"},
				"west": {"uv": [9.6, 10.005, 10, 11.005], "texture": "#0"},
				"up": {"uv": [9.995, 10, 9.005, 10.4], "texture": "#0"}
			}
		},
		{
			"from": [1.005, 6.005, -0.4],
			"to": [3.995, 7.995, 0],
			"rotation": {"angle": 0, "axis": "y", "origin": [8, 8, 8]},
			"faces": {
				"north": {"uv": [12.005, 8.005, 14.995, 9.995], "texture": "#0"},
				"east": {"uv": [12, 8.005, 12.4, 9.995], "texture": "#0"},
				"west": {"uv": [14.6, 8.005, 15, 9.995], "texture": "#0"},
				"up": {"uv": [14.995, 8, 12.005, 8.4], "texture": "#0"},
				"down": {"uv": [14.995, 9.6, 12.005, 10], "texture": "#0"}
			}
		},
		{
			"from": [3.005, 5.005, -0.4],
			"to": [3.995, 6.005, 0],
			"rotation": {"angle": 0, "axis": "y", "origin": [8, 8, 8]},
			"faces": {
				"north": {"uv": [12.005, 9.995, 12.995, 10.995], "texture": "#0"},
				"east": {"uv": [12, 9.995, 12.4, 10.995], "texture": "#0"},
				"west": {"uv": [12.6, 9.995, 13, 10.995], "texture": "#0"},
				"down": {"uv": [12.995, 10.6, 12.005, 11], "texture": "#0"}
			}
		},
		{
			"from": [1.005, 7.995, -0.4],
			"to": [2.995, 8.995, 0],
			"rotation": {"angle": 0, "axis": "y", "origin": [8, 8, 8]},
			"faces": {
				"north": {"uv": [13.005, 7.005, 14.995, 8.005], "texture": "#0"},
				"east": {"uv": [13, 7.005, 13.4, 8.005], "texture": "#0"},
				"west": {"uv": [14.6, 7.005, 15, 8.005], "texture": "#0"},
				"up": {"uv": [14.995, 7, 13.005, 7.4], "texture": "#0"}
			}
		},
		{
			"from": [1.005, 8.995, -0.4],
			"to": [1.995, 9.995, 0],
			"rotation": {"angle": 0, "axis": "y", "origin": [8, 8, 8]},
			"faces": {
				"north": {"uv": [14.005, 6.005, 14.995, 7.005], "texture": "#0"},
				"east": {"uv": [14, 6.005, 14.4, 7.005], "texture": "#0"},
				"west": {"uv": [14.6, 6.005, 15, 7.005], "texture": "#0"},
				"up": {"uv": [14.995, 6, 14.005, 6.4], "texture": "#0"}
			}
		},
		{
			"from": [11.005, 4.005, -0.4],
			"to": [12.995, 5.995, 0],
			"rotation": {"angle": 0, "axis": "y", "origin": [8, 8, 8]},
			"faces": {
				"north": {"uv": [3.005, 10.005, 4.995, 11.995], "texture": "#0"},
				"east": {"uv": [3, 10.005, 3.4, 11.995], "texture": "#0"},
				"west": {"uv": [4.6, 10.005, 5, 11.995], "texture": "#0"},
				"up": {"uv": [4.995, 10, 3.005, 10.4], "texture": "#0"},
				"down": {"uv": [4.995, 11.6, 3.005, 12], "texture": "#0"}
			}
		},
		{
			"from": [10.005, 5.005, -0.4],
			"to": [11.995, 7.995, 0],
			"rotation": {"angle": 0, "axis": "y", "origin": [8, 8, 8]},
			"faces": {
				"north": {"uv": [4.005, 8.005, 5.995, 10.995], "texture": "#0"},
				"east": {"uv": [4, 8.005, 4.4, 10.995], "texture": "#0"},
				"west": {"uv": [5.6, 8.005, 6, 10.995], "texture": "#0"},
				"up": {"uv": [5.995, 8, 4.005, 8.4], "texture": "#0"},
				"down": {"uv": [5.995, 10.6, 4.005, 11], "texture": "#0"}
			}
		},
		{
			"from": [9.005, 7.005, -0.4],
			"to": [10.995, 8.995, 0],
			"rotation": {"angle": 0, "axis": "y", "origin": [8, 8, 8]},
			"faces": {
				"north": {"uv": [5.005, 7.005, 6.995, 8.995], "texture": "#0"},
				"east": {"uv": [5, 7.005, 5.4, 8.995], "texture": "#0"},
				"west": {"uv": [6.6, 7.005, 7, 8.995], "texture": "#0"},
				"up": {"uv": [6.995, 7, 5.005, 7.4], "texture": "#0"},
				"down": {"uv": [6.995, 8.6, 5.005, 9], "texture": "#0"}
			}
		},
		{
			"from": [7.005, 8.005, -0.4],
			"to": [9.995, 9.995, 0],
			"rotation": {"angle": 0, "axis": "y", "origin": [8, 8, 8]},
			"faces": {
				"north": {"uv": [6.005, 6.005, 8.995, 7.995], "texture": "#0"},
				"east": {"uv": [6, 6.005, 6.4, 7.995], "texture": "#0"},
				"west": {"uv": [8.6, 6.005, 9, 7.995], "texture": "#0"},
				"up": {"uv": [8.995, 6, 6.005, 6.4], "texture": "#0"},
				"down": {"uv": [8.995, 7.6, 6.005, 8], "texture": "#0"}
			}
		},
		{
			"from": [5.005, 9.005, -0.4],
			"to": [7.995, 10.995, 0],
			"rotation": {"angle": 0, "axis": "y", "origin": [8, 8, 8]},
			"faces": {
				"north": {"uv": [8.005, 5.005, 10.995, 6.995], "texture": "#0"},
				"east": {"uv": [8, 5.005, 8.4, 6.995], "texture": "#0"},
				"west": {"uv": [10.6, 5.005, 11, 6.995], "texture": "#0"},
				"up": {"uv": [10.995, 5, 8.005, 5.4], "texture": "#0"},
				"down": {"uv": [10.995, 6.6, 8.005, 7], "texture": "#0"}
			}
		},
		{
			"from": [4.005, 10.005, -0.4],
			"to": [5.005, 10.995, 0],
			"rotation": {"angle": 0, "axis": "y", "origin": [8, 8, 8]},
			"faces": {
				"north": {"uv": [10.995, 5.005, 11.995, 5.995], "texture": "#0"},
				"west": {"uv": [11.6, 5.005, 12, 5.995], "texture": "#0"},
				"up": {"uv": [11.995, 5, 10.995, 5.4], "texture": "#0"},
				"down": {"uv": [11.995, 5.6, 10.995, 6], "texture": "#0"}
			}
		},
		{
			"from": [10.005, 10.005, -0.4],
			"to": [11.995, 11.995, 0],
			"rotation": {"angle": 0, "axis": "y", "origin": [8, 8, 8]},
			"faces": {
				"north": {"uv": [4.005, 4.005, 5.995, 5.995], "texture": "#0"},
				"east": {"uv": [4, 4.005, 4.4, 5.995], "texture": "#0"},
				"west": {"uv": [5.6, 4.005, 6, 5.995], "texture": "#0"},
				"up": {"uv": [5.995, 4, 4.005, 4.4], "texture": "#0"},
				"down": {"uv": [5.995, 5.6, 4.005, 6], "texture": "#0"}
			}
		},
		{
			"from": [9.005, 11.005, -0.4],
			"to": [10.995, 12.995, 0],
			"rotation": {"angle": 0, "axis": "y", "origin": [8, 8, 8]},
			"faces": {
				"north": {"uv": [5.005, 3.005, 6.995, 4.995], "texture": "#0"},
				"east": {"uv": [5, 3.005, 5.4, 4.995], "texture": "#0"},
				"west": {"uv": [6.6, 3.005, 7, 4.995], "texture": "#0"},
				"up": {"uv": [6.995, 3, 5.005, 3.4], "texture": "#0"},
				"down": {"uv": [6.995, 4.6, 5.005, 5], "texture": "#0"}
			}
		},
		{
			"from": [11.005, 9.005, -0.4],
			"to": [11.995, 10.005, 0],
			"rotation": {"angle": 0, "axis": "y", "origin": [8, 8, 8]},
			"faces": {
				"north": {"uv": [4.005, 5.995, 4.995, 6.995], "texture": "#0"},
				"east": {"uv": [4, 5.995, 4.4, 6.995], "texture": "#0"},
				"west": {"uv": [4.6, 5.995, 5, 6.995], "texture": "#0"},
				"down": {"uv": [4.995, 6.6, 4.005, 7], "texture": "#0"}
			}
		},
		{
			"from": [7.005, 12.005, -0.4],
			"to": [9.005, 12.995, 0],
			"rotation": {"angle": 0, "axis": "y", "origin": [8, 8, 8]},
			"faces": {
				"north": {"uv": [6.995, 3.005, 8.995, 3.995], "texture": "#0"},
				"west": {"uv": [8.6, 3.005, 9, 3.995], "texture": "#0"},
				"up": {"uv": [8.995, 3, 6.995, 3.4], "texture": "#0"},
				"down": {"uv": [8.995, 3.6, 6.995, 4], "texture": "#0"}
			}
		},
		{
			"from": [7.005, 12.995, -0.4],
			"to": [8.995, 13.995, 0],
			"rotation": {"angle": 0, "axis": "y", "origin": [8, 8, 8]},
			"faces": {
				"north": {"uv": [7.005, 2.005, 8.995, 3.005], "texture": "#0"},
				"east": {"uv": [7, 2.005, 7.4, 3.005], "texture": "#0"},
				"west": {"uv": [8.6, 2.005, 9, 3.005], "texture": "#0"},
				"up": {"uv": [8.995, 2, 7.005, 2.4], "texture": "#0"}
			}
		},
		{
			"from": [6.005, 13.005, -0.4],
			"to": [7.005, 13.995, 0],
			"rotation": {"angle": 0, "axis": "y", "origin": [8, 8, 8]},
			"faces": {
				"north": {"uv": [8.995, 2.005, 9.995, 2.995], "texture": "#0"},
				"west": {"uv": [9.6, 2.005, 10, 2.995], "texture": "#0"},
				"up": {"uv": [9.995, 2, 8.995, 2.4], "texture": "#0"},
				"down": {"uv": [9.995, 2.6, 8.995, 3], "texture": "#0"}
			}
		},
		{
			"from": [11.995, 10.005, -0.4],
			"to": [12.995, 10.995, 0],
			"rotation": {"angle": 0, "axis": "y", "origin": [8, 8, 8]},
			"faces": {
				"north": {"uv": [3.005, 5.005, 4.005, 5.995], "texture": "#0"},
				"east": {"uv": [3, 5.005, 3.4, 5.995], "texture": "#0"},
				"up": {"uv": [4.005, 5, 3.005, 5.4], "texture": "#0"},
				"down": {"uv": [4.005, 5.6, 3.005, 6], "texture": "#0"}
			}
		},
		{
			"from": [16, 3.005, 2.005],
			"to": [16.4, 3.995, 2.995],
			"rotation": {"angle": 0, "axis": "y", "origin": [8, 8, 8]},
			"faces": {
				"north": {"uv": [13.6, 12.005, 14, 12.995], "texture": "#0"},
				"east": {"uv": [13.005, 12.005, 13.995, 12.995], "texture": "#0"},
				"south": {"uv": [13, 12.005, 13.4, 12.995], "texture": "#0"},
				"up": {"uv": [13.995, 12, 13.005, 12.4], "rotation": 90, "texture": "#0"},
				"down": {"uv": [13.995, 12.6, 13.005, 13], "rotation": 270, "texture": "#0"}
			}
		},
		{
			"from": [16, 2.005, 3.005],
			"to": [16.4, 2.995, 4.995],
			"rotation": {"angle": 0, "axis": "y", "origin": [8, 8, 8]},
			"faces": {
				"north": {"uv": [12.6, 13.005, 13, 13.995], "texture": "#0"},
				"east": {"uv": [11.005, 13.005, 12.995, 13.995], "texture": "#0"},
				"south": {"uv": [11, 13.005, 11.4, 13.995], "texture": "#0"},
				"up": {"uv": [12.995, 13, 11.005, 13.4], "rotation": 90, "texture": "#0"},
				"down": {"uv": [12.995, 13.6, 11.005, 14], "rotation": 270, "texture": "#0"}
			}
		},
		{
			"from": [16, 2.005, 7.005],
			"to": [16.4, 3.995, 8.995],
			"rotation": {"angle": 0, "axis": "y", "origin": [8, 8, 8]},
			"faces": {
				"north": {"uv": [8.6, 12.005, 9, 13.995], "texture": "#0"},
				"east": {"uv": [7.005, 12.005, 8.995, 13.995], "texture": "#0"},
				"south": {"uv": [7, 12.005, 7.4, 13.995], "texture": "#0"},
				"up": {"uv": [8.995, 12, 7.005, 12.4], "rotation": 90, "texture": "#0"},
				"down": {"uv": [8.995, 13.6, 7.005, 14], "rotation": 270, "texture": "#0"}
			}
		},
		{
			"from": [16, 3.005, 6.005],
			"to": [16.4, 4.995, 7.995],
			"rotation": {"angle": 0, "axis": "y", "origin": [8, 8, 8]},
			"faces": {
				"north": {"uv": [9.6, 11.005, 10, 12.995], "texture": "#0"},
				"east": {"uv": [8.005, 11.005, 9.995, 12.995], "texture": "#0"},
				"south": {"uv": [8, 11.005, 8.4, 12.995], "texture": "#0"},
				"up": {"uv": [9.995, 11, 8.005, 11.4], "rotation": 90, "texture": "#0"},
				"down": {"uv": [9.995, 12.6, 8.005, 13], "rotation": 270, "texture": "#0"}
			}
		},
		{
			"from": [16, 1.005, 7.005],
			"to": [16.4, 2.005, 7.995],
			"rotation": {"angle": 0, "axis": "y", "origin": [8, 8, 8]},
			"faces": {
				"north": {"uv": [8.6, 13.995, 9, 14.995], "texture": "#0"},
				"east": {"uv": [8.005, 13.995, 8.995, 14.995], "texture": "#0"},
				"south": {"uv": [8, 13.995, 8.4, 14.995], "texture": "#0"},
				"down": {"uv": [8.995, 14.6, 8.005, 15], "rotation": 270, "texture": "#0"}
			}
		},
		{
			"from": [16, 4.995, 6.005],
			"to": [16.4, 5.995, 6.995],
			"rotation": {"angle": 0, "axis": "y", "origin": [8, 8, 8]},
			"faces": {
				"north": {"uv": [9.6, 10.005, 10, 11.005], "texture": "#0"},
				"east": {"uv": [9.005, 10.005, 9.995, 11.005], "texture": "#0"},
				"south": {"uv": [9, 10.005, 9.4, 11.005], "texture": "#0"},
				"up": {"uv": [9.995, 10, 9.005, 10.4], "rotation": 90, "texture": "#0"}
			}
		},
		{
			"from": [16, 6.005, 1.005],
			"to": [16.4, 7.995, 3.995],
			"rotation": {"angle": 0, "axis": "y", "origin": [8, 8, 8]},
			"faces": {
				"north": {"uv": [14.6, 8.005, 15, 9.995], "texture": "#0"},
				"east": {"uv": [12.005, 8.005, 14.995, 9.995], "texture": "#0"},
				"south": {"uv": [12, 8.005, 12.4, 9.995], "texture": "#0"},
				"up": {"uv": [14.995, 8, 12.005, 8.4], "rotation": 90, "texture": "#0"},
				"down": {"uv": [14.995, 9.6, 12.005, 10], "rotation": 270, "texture": "#0"}
			}
		},
		{
			"from": [16, 5.005, 3.005],
			"to": [16.4, 6.005, 3.995],
			"rotation": {"angle": 0, "axis": "y", "origin": [8, 8, 8]},
			"faces": {
				"north": {"uv": [12.6, 9.995, 13, 10.995], "texture": "#0"},
				"east": {"uv": [12.005, 9.995, 12.995, 10.995], "texture": "#0"},
				"south": {"uv": [12, 9.995, 12.4, 10.995], "texture": "#0"},
				"down": {"uv": [12.995, 10.6, 12.005, 11], "rotation": 270, "texture": "#0"}
			}
		},
		{
			"from": [16, 7.995, 1.005],
			"to": [16.4, 8.995, 2.995],
			"rotation": {"angle": 0, "axis": "y", "origin": [8, 8, 8]},
			"faces": {
				"north": {"uv": [14.6, 7.005, 15, 8.005], "texture": "#0"},
				"east": {"uv": [13.005, 7.005, 14.995, 8.005], "texture": "#0"},
				"south": {"uv": [13, 7.005, 13.4, 8.005], "texture": "#0"},
				"up": {"uv": [14.995, 7, 13.005, 7.4], "rotation": 90, "texture": "#0"}
			}
		},
		{
			"from": [16, 8.995, 1.005],
			"to": [16.4, 9.995, 1.995],
			"rotation": {"angle": 0, "axis": "y", "origin": [8, 8, 8]},
			"faces": {
				"north": {"uv": [14.6, 6.005, 15, 7.005], "texture": "#0"},
				"east": {"uv": [14.005, 6.005, 14.995, 7.005], "texture": "#0"},
				"south": {"uv": [14, 6.005, 14.4, 7.005], "texture": "#0"},
				"up": {"uv": [14.995, 6, 14.005, 6.4], "rotation": 90, "texture": "#0"}
			}
		},
		{
			"from": [16, 4.005, 11.005],
			"to": [16.4, 5.995, 12.995],
			"rotation": {"angle": 0, "axis": "y", "origin": [8, 8, 8]},
			"faces": {
				"north": {"uv": [4.6, 10.005, 5, 11.995], "texture": "#0"},
				"east": {"uv": [3.005, 10.005, 4.995, 11.995], "texture": "#0"},
				"south": {"uv": [3, 10.005, 3.4, 11.995], "texture": "#0"},
				"up": {"uv": [4.995, 10, 3.005, 10.4], "rotation": 90, "texture": "#0"},
				"down": {"uv": [4.995, 11.6, 3.005, 12], "rotation": 270, "texture": "#0"}
			}
		},
		{
			"from": [16, 5.005, 10.005],
			"to": [16.4, 7.995, 11.995],
			"rotation": {"angle": 0, "axis": "y", "origin": [8, 8, 8]},
			"faces": {
				"north": {"uv": [5.6, 8.005, 6, 10.995], "texture": "#0"},
				"east": {"uv": [4.005, 8.005, 5.995, 10.995], "texture": "#0"},
				"south": {"uv": [4, 8.005, 4.4, 10.995], "texture": "#0"},
				"up": {"uv": [5.995, 8, 4.005, 8.4], "rotation": 90, "texture": "#0"},
				"down": {"uv": [5.995, 10.6, 4.005, 11], "rotation": 270, "texture": "#0"}
			}
		},
		{
			"from": [16, 7.005, 9.005],
			"to": [16.4, 8.995, 10.995],
			"rotation": {"angle": 0, "axis": "y", "origin": [8, 8, 8]},
			"faces": {
				"north": {"uv": [6.6, 7.005, 7, 8.995], "texture": "#0"},
				"east": {"uv": [5.005, 7.005, 6.995, 8.995], "texture": "#0"},
				"south": {"uv": [5, 7.005, 5.4, 8.995], "texture": "#0"},
				"up": {"uv": [6.995, 7, 5.005, 7.4], "rotation": 90, "texture": "#0"},
				"down": {"uv": [6.995, 8.6, 5.005, 9], "rotation": 270, "texture": "#0"}
			}
		},
		{
			"from": [16, 8.005, 7.005],
			"to": [16.4, 9.995, 9.995],
			"rotation": {"angle": 0, "axis": "y", "origin": [8, 8, 8]},
			"faces": {
				"north": {"uv": [8.6, 6.005, 9, 7.995], "texture": "#0"},
				"east": {"uv": [6.005, 6.005, 8.995, 7.995], "texture": "#0"},
				"south": {"uv": [6, 6.005, 6.4, 7.995], "texture": "#0"},
				"up": {"uv": [8.995, 6, 6.005, 6.4], "rotation": 90, "texture": "#0"},
				"down": {"uv": [8.995, 7.6, 6.005, 8], "rotation": 270, "texture": "#0"}
			}
		},
		{
			"from": [16, 9.005, 5.005],
			"to": [16.4, 10.995, 7.995],
			"rotation": {"angle": 0, "axis": "y", "origin": [8, 8, 8]},
			"faces": {
				"north": {"uv": [10.6, 5.005, 11, 6.995], "texture": "#0"},
				"east": {"uv": [8.005, 5.005, 10.995, 6.995], "texture": "#0"},
				"south": {"uv": [8, 5.005, 8.4, 6.995], "texture": "#0"},
				"up": {"uv": [10.995, 5, 8.005, 5.4], "rotation": 90, "texture": "#0"},
				"down": {"uv": [10.995, 6.6, 8.005, 7], "rotation": 270, "texture": "#0"}
			}
		},
		{
			"from": [16, 10.005, 4.005],
			"to": [16.4, 10.995, 5.005],
			"rotation": {"angle": 0, "axis": "y", "origin": [8, 8, 8]},
			"faces": {
				"north": {"uv": [11.6, 5.005, 12, 5.995], "texture": "#0"},
				"east": {"uv": [10.995, 5.005, 11.995, 5.995], "texture": "#0"},
				"up": {"uv": [11.995, 5, 10.995, 5.4], "rotation": 90, "texture": "#0"},
				"down": {"uv": [11.995, 5.6, 10.995, 6], "rotation": 270, "texture": "#0"}
			}
		},
		{
			"from": [16, 10.005, 10.005],
			"to": [16.4, 11.995, 11.995],
			"rotation": {"angle": 0, "axis": "y", "origin": [8, 8, 8]},
			"faces": {
				"north": {"uv": [5.6, 4.005, 6, 5.995], "texture": "#0"},
				"east": {"uv": [4.005, 4.005, 5.995, 5.995], "texture": "#0"},
				"south": {"uv": [4, 4.005, 4.4, 5.995], "texture": "#0"},
				"up": {"uv": [5.995, 4, 4.005, 4.4], "rotation": 90, "texture": "#0"},
				"down": {"uv": [5.995, 5.6, 4.005, 6], "rotation": 270, "texture": "#0"}
			}
		},
		{
			"from": [16, 11.005, 9.005],
			"to": [16.4, 12.995, 10.995],
			"rotation": {"angle": 0, "axis": "y", "origin": [8, 8, 8]},
			"faces": {
				"north": {"uv": [6.6, 3.005, 7, 4.995], "texture": "#0"},
				"east": {"uv": [5.005, 3.005, 6.995, 4.995], "texture": "#0"},
				"south": {"uv": [5, 3.005, 5.4, 4.995], "texture": "#0"},
				"up": {"uv": [6.995, 3, 5.005, 3.4], "rotation": 90, "texture": "#0"},
				"down": {"uv": [6.995, 4.6, 5.005, 5], "rotation": 270, "texture": "#0"}
			}
		},
		{
			"from": [16, 9.005, 11.005],
			"to": [16.4, 10.005, 11.995],
			"rotation": {"angle": 0, "axis": "y", "origin": [8, 8, 8]},
			"faces": {
				"north": {"uv": [4.6, 5.995, 5, 6.995], "texture": "#0"},
				"east": {"uv": [4.005, 5.995, 4.995, 6.995], "texture": "#0"},
				"south": {"uv": [4, 5.995, 4.4, 6.995], "texture": "#0"},
				"down": {"uv": [4.995, 6.6, 4.005, 7], "rotation": 270, "texture": "#0"}
			}
		},
		{
			"from": [16, 12.005, 7.005],
			"to": [16.4, 12.995, 9.005],
			"rotation": {"angle": 0, "axis": "y", "origin": [8, 8, 8]},
			"faces": {
				"north": {"uv": [8.6, 3.005, 9, 3.995], "texture": "#0"},
				"east": {"uv": [6.995, 3.005, 8.995, 3.995], "texture": "#0"},
				"up": {"uv": [8.995, 3, 6.995, 3.4], "rotation": 90, "texture": "#0"},
				"down": {"uv": [8.995, 3.6, 6.995, 4], "rotation": 270, "texture": "#0"}
			}
		},
		{
			"from": [16, 12.995, 7.005],
			"to": [16.4, 13.995, 8.995],
			"rotation": {"angle": 0, "axis": "y", "origin": [8, 8, 8]},
			"faces": {
				"north": {"uv": [8.6, 2.005, 9, 3.005], "texture": "#0"},
				"east": {"uv": [7.005, 2.005, 8.995, 3.005], "texture": "#0"},
				"south": {"uv": [7, 2.005, 7.4, 3.005], "texture": "#0"},
				"up": {"uv": [8.995, 2, 7.005, 2.4], "rotation": 90, "texture": "#0"}
			}
		},
		{
			"from": [16, 13.005, 6.005],
			"to": [16.4, 13.995, 7.005],
			"rotation": {"angle": 0, "axis": "y", "origin": [8, 8, 8]},
			"faces": {
				"north": {"uv": [9.6, 2.005, 10, 2.995], "texture": "#0"},
				"east": {"uv": [8.995, 2.005, 9.995, 2.995], "texture": "#0"},
				"up": {"uv": [9.995, 2, 8.995, 2.4], "rotation": 90, "texture": "#0"},
				"down": {"uv": [9.995, 2.6, 8.995, 3], "rotation": 270, "texture": "#0"}
			}
		},
		{
			"from": [16, 10.005, 11.995],
			"to": [16.4, 10.995, 12.995],
			"rotation": {"angle": 0, "axis": "y", "origin": [8, 8, 8]},
			"faces": {
				"east": {"uv": [3.005, 5.005, 4.005, 5.995], "texture": "#0"},
				"south": {"uv": [3, 5.005, 3.4, 5.995], "texture": "#0"},
				"up": {"uv": [4.005, 5, 3.005, 5.4], "rotation": 90, "texture": "#0"},
				"down": {"uv": [4.005, 5.6, 3.005, 6], "rotation": 270, "texture": "#0"}
			}
		},
		{
			"from": [13.005, 3.005, 16],
			"to": [13.995, 3.995, 16.4],
			"rotation": {"angle": 0, "axis": "y", "origin": [8, 8, 8]},
			"faces": {
				"east": {"uv": [13.6, 12.005, 14, 12.995], "texture": "#0"},
				"south": {"uv": [13.005, 12.005, 13.995, 12.995], "texture": "#0"},
				"west": {"uv": [13, 12.005, 13.4, 12.995], "texture": "#0"},
				"up": {"uv": [13.995, 12, 13.005, 12.4], "rotation": 180, "texture": "#0"},
				"down": {"uv": [13.995, 12.6, 13.005, 13], "rotation": 180, "texture": "#0"}
			}
		},
		{
			"from": [11.005, 2.005, 16],
			"to": [12.995, 2.995, 16.4],
			"rotation": {"angle": 0, "axis": "y", "origin": [8, 8, 8]},
			"faces": {
				"east": {"uv": [12.6, 13.005, 13, 13.995], "texture": "#0"},
				"south": {"uv": [11.005, 13.005, 12.995, 13.995], "texture": "#0"},
				"west": {"uv": [11, 13.005, 11.4, 13.995], "texture": "#0"},
				"up": {"uv": [12.995, 13, 11.005, 13.4], "rotation": 180, "texture": "#0"},
				"down": {"uv": [12.995, 13.6, 11.005, 14], "rotation": 180, "texture": "#0"}
			}
		},
		{
			"from": [7.005, 2.005, 16],
			"to": [8.995, 3.995, 16.4],
			"rotation": {"angle": 0, "axis": "y", "origin": [8, 8, 8]},
			"faces": {
				"east": {"uv": [8.6, 12.005, 9, 13.995], "texture": "#0"},
				"south": {"uv": [7.005, 12.005, 8.995, 13.995], "texture": "#0"},
				"west": {"uv": [7, 12.005, 7.4, 13.995], "texture": "#0"},
				"up": {"uv": [8.995, 12, 7.005, 12.4], "rotation": 180, "texture": "#0"},
				"down": {"uv": [8.995, 13.6, 7.005, 14], "rotation": 180, "texture": "#0"}
			}
		},
		{
			"from": [8.005, 3.005, 16],
			"to": [9.995, 4.995, 16.4],
			"rotation": {"angle": 0, "axis": "y", "origin": [8, 8, 8]},
			"faces": {
				"east": {"uv": [9.6, 11.005, 10, 12.995], "texture": "#0"},
				"south": {"uv": [8.005, 11.005, 9.995, 12.995], "texture": "#0"},
				"west": {"uv": [8, 11.005, 8.4, 12.995], "texture": "#0"},
				"up": {"uv": [9.995, 11, 8.005, 11.4], "rotation": 180, "texture": "#0"},
				"down": {"uv": [9.995, 12.6, 8.005, 13], "rotation": 180, "texture": "#0"}
			}
		},
		{
			"from": [8.005, 1.005, 16],
			"to": [8.995, 2.005, 16.4],
			"rotation": {"angle": 0, "axis": "y", "origin": [8, 8, 8]},
			"faces": {
				"east": {"uv": [8.6, 13.995, 9, 14.995], "texture": "#0"},
				"south": {"uv": [8.005, 13.995, 8.995, 14.995], "texture": "#0"},
				"west": {"uv": [8, 13.995, 8.4, 14.995], "texture": "#0"},
				"down": {"uv": [8.995, 14.6, 8.005, 15], "rotation": 180, "texture": "#0"}
			}
		},
		{
			"from": [9.005, 4.995, 16],
			"to": [9.995, 5.995, 16.4],
			"rotation": {"angle": 0, "axis": "y", "origin": [8, 8, 8]},
			"faces": {
				"east": {"uv": [9.6, 10.005, 10, 11.005], "texture": "#0"},
				"south": {"uv": [9.005, 10.005, 9.995, 11.005], "texture": "#0"},
				"west": {"uv": [9, 10.005, 9.4, 11.005], "texture": "#0"},
				"up": {"uv": [9.995, 10, 9.005, 10.4], "rotation": 180, "texture": "#0"}
			}
		},
		{
			"from": [12.005, 6.005, 16],
			"to": [14.995, 7.995, 16.4],
			"rotation": {"angle": 0, "axis": "y", "origin": [8, 8, 8]},
			"faces": {
				"east": {"uv": [14.6, 8.005, 15, 9.995], "texture": "#0"},
				"south": {"uv": [12.005, 8.005, 14.995, 9.995], "texture": "#0"},
				"west": {"uv": [12, 8.005, 12.4, 9.995], "texture": "#0"},
				"up": {"uv": [14.995, 8, 12.005, 8.4], "rotation": 180, "texture": "#0"},
				"down": {"uv": [14.995, 9.6, 12.005, 10], "rotation": 180, "texture": "#0"}
			}
		},
		{
			"from": [12.005, 5.005, 16],
			"to": [12.995, 6.005, 16.4],
			"rotation": {"angle": 0, "axis": "y", "origin": [8, 8, 8]},
			"faces": {
				"east": {"uv": [12.6, 9.995, 13, 10.995], "texture": "#0"},
				"south": {"uv": [12.005, 9.995, 12.995, 10.995], "texture": "#0"},
				"west": {"uv": [12, 9.995, 12.4, 10.995], "texture": "#0"},
				"down": {"uv": [12.995, 10.6, 12.005, 11], "rotation": 180, "texture": "#0"}
			}
		},
		{
			"from": [13.005, 7.995, 16],
			"to": [14.995, 8.995, 16.4],
			"rotation": {"angle": 0, "axis": "y", "origin": [8, 8, 8]},
			"faces": {
				"east": {"uv": [14.6, 7.005, 15, 8.005], "texture": "#0"},
				"south": {"uv": [13.005, 7.005, 14.995, 8.005], "texture": "#0"},
				"west": {"uv": [13, 7.005, 13.4, 8.005], "texture": "#0"},
				"up": {"uv": [14.995, 7, 13.005, 7.4], "rotation": 180, "texture": "#0"}
			}
		},
		{
			"from": [14.005, 8.995, 16],
			"to": [14.995, 9.995, 16.4],
			"rotation": {"angle": 0, "axis": "y", "origin": [8, 8, 8]},
			"faces": {
				"east": {"uv": [14.6, 6.005, 15, 7.005], "texture": "#0"},
				"south": {"uv": [14.005, 6.005, 14.995, 7.005], "texture": "#0"},
				"west": {"uv": [14, 6.005, 14.4, 7.005], "texture": "#0"},
				"up": {"uv": [14.995, 6, 14.005, 6.4], "rotation": 180, "texture": "#0"}
			}
		},
		{
			"from": [3.005, 4.005, 16],
			"to": [4.995, 5.995, 16.4],
			"rotation": {"angle": 0, "axis": "y", "origin": [8, 8, 8]},
			"faces": {
				"east": {"uv": [4.6, 10.005, 5, 11.995], "texture": "#0"},
				"south": {"uv": [3.005, 10.005, 4.995, 11.995], "texture": "#0"},
				"west": {"uv": [3, 10.005, 3.4, 11.995], "texture": "#0"},
				"up": {"uv": [4.995, 10, 3.005, 10.4], "rotation": 180, "texture": "#0"},
				"down": {"uv": [4.995, 11.6, 3.005, 12], "rotation": 180, "texture": "#0"}
			}
		},
		{
			"from": [4.005, 5.005, 16],
			"to": [5.995, 7.995, 16.4],
			"rotation": {"angle": 0, "axis": "y", "origin": [8, 8, 8]},
			"faces": {
				"east": {"uv": [5.6, 8.005, 6, 10.995], "texture": "#0"},
				"south": {"uv": [4.005, 8.005, 5.995, 10.995], "texture": "#0"},
				"west": {"uv": [4, 8.005, 4.4, 10.995], "texture": "#0"},
				"up": {"uv": [5.995, 8, 4.005, 8.4], "rotation": 180, "texture": "#0"},
				"down": {"uv": [5.995, 10.6, 4.005, 11], "rotation": 180, "texture": "#0"}
			}
		},
		{
			"from": [5.005, 7.005, 16],
			"to": [6.995, 8.995, 16.4],
			"rotation": {"angle": 0, "axis": "y", "origin": [8, 8, 8]},
			"faces": {
				"east": {"uv": [6.6, 7.005, 7, 8.995], "texture": "#0"},
				"south": {"uv": [5.005, 7.005, 6.995, 8.995], "texture": "#0"},
				"west": {"uv": [5, 7.005, 5.4, 8.995], "texture": "#0"},
				"up": {"uv": [6.995, 7, 5.005, 7.4], "rotation": 180, "texture": "#0"},
				"down": {"uv": [6.995, 8.6, 5.005, 9], "rotation": 180, "texture": "#0"}
			}
		},
		{
			"from": [6.005, 8.005, 16],
			"to": [8.995, 9.995, 16.4],
			"rotation": {"angle": 0, "axis": "y", "origin": [8, 8, 8]},
			"faces": {
				"east": {"uv": [8.6, 6.005, 9, 7.995], "texture": "#0"},
				"south": {"uv": [6.005, 6.005, 8.995, 7.995], "texture": "#0"},
				"west": {"uv": [6, 6.005, 6.4, 7.995], "texture": "#0"},
				"up": {"uv": [8.995, 6, 6.005, 6.4], "rotation": 180, "texture": "#0"},
				"down": {"uv": [8.995, 7.6, 6.005, 8], "rotation": 180, "texture": "#0"}
			}
		},
		{
			"from": [8.005, 9.005, 16],
			"to": [10.995, 10.995, 16.4],
			"rotation": {"angle": 0, "axis": "y", "origin": [8, 8, 8]},
			"faces": {
				"east": {"uv": [10.6, 5.005, 11, 6.995], "texture": "#0"},
				"south": {"uv": [8.005, 5.005, 10.995, 6.995], "texture": "#0"},
				"west": {"uv": [8, 5.005, 8.4, 6.995], "texture": "#0"},
				"up": {"uv": [10.995, 5, 8.005, 5.4], "rotation": 180, "texture": "#0"},
				"down": {"uv": [10.995, 6.6, 8.005, 7], "rotation": 180, "texture": "#0"}
			}
		},
		{
			"from": [10.995, 10.005, 16],
			"to": [11.995, 10.995, 16.4],
			"rotation": {"angle": 0, "axis": "y", "origin": [8, 8, 8]},
			"faces": {
				"east": {"uv": [11.6, 5.005, 12, 5.995], "texture": "#0"},
				"south": {"uv": [10.995, 5.005, 11.995, 5.995], "texture": "#0"},
				"up": {"uv": [11.995, 5, 10.995, 5.4], "rotation": 180, "texture": "#0"},
				"down": {"uv": [11.995, 5.6, 10.995, 6], "rotation": 180, "texture": "#0"}
			}
		},
		{
			"from": [4.005, 10.005, 16],
			"to": [5.995, 11.995, 16.4],
			"rotation": {"angle": 0, "axis": "y", "origin": [8, 8, 8]},
			"faces": {
				"east": {"uv": [5.6, 4.005, 6, 5.995], "texture": "#0"},
				"south": {"uv": [4.005, 4.005, 5.995, 5.995], "texture": "#0"},
				"west": {"uv": [4, 4.005, 4.4, 5.995], "texture": "#0"},
				"up": {"uv": [5.995, 4, 4.005, 4.4], "rotation": 180, "texture": "#0"},
				"down": {"uv": [5.995, 5.6, 4.005, 6], "rotation": 180, "texture": "#0"}
			}
		},
		{
			"from": [5.005, 11.005, 16],
			"to": [6.995, 12.995, 16.4],
			"rotation": {"angle": 0, "axis": "y", "origin": [8, 8, 8]},
			"faces": {
				"east": {"uv": [6.6, 3.005, 7, 4.995], "texture": "#0"},
				"south": {"uv": [5.005, 3.005, 6.995, 4.995], "texture": "#0"},
				"west": {"uv": [5, 3.005, 5.4, 4.995], "texture": "#0"},
				"up": {"uv": [6.995, 3, 5.005, 3.4], "rotation": 180, "texture": "#0"},
				"down": {"uv": [6.995, 4.6, 5.005, 5], "rotation": 180, "texture": "#0"}
			}
		},
		{
			"from": [4.005, 9.005, 16],
			"to": [4.995, 10.005, 16.4],
			"rotation": {"angle": 0, "axis": "y", "origin": [8, 8, 8]},
			"faces": {
				"east": {"uv": [4.6, 5.995, 5, 6.995], "texture": "#0"},
				"south": {"uv": [4.005, 5.995, 4.995, 6.995], "texture": "#0"},
				"west": {"uv": [4, 5.995, 4.4, 6.995], "texture": "#0"},
				"down": {"uv": [4.995, 6.6, 4.005, 7], "rotation": 180, "texture": "#0"}
			}
		},
		{
			"from": [6.995, 12.005, 16],
			"to": [8.995, 12.995, 16.4],
			"rotation": {"angle": 0, "axis": "y", "origin": [8, 8, 8]},
			"faces": {
				"east": {"uv": [8.6, 3.005, 9, 3.995], "texture": "#0"},
				"south": {"uv": [6.995, 3.005, 8.995, 3.995], "texture": "#0"},
				"up": {"uv": [8.995, 3, 6.995, 3.4], "rotation": 180, "texture": "#0"},
				"down": {"uv": [8.995, 3.6, 6.995, 4], "rotation": 180, "texture": "#0"}
			}
		},
		{
			"from": [7.005, 12.995, 16],
			"to": [8.995, 13.995, 16.4],
			"rotation": {"angle": 0, "axis": "y", "origin": [8, 8, 8]},
			"faces": {
				"east": {"uv": [8.6, 2.005, 9, 3.005], "texture": "#0"},
				"south": {"uv": [7.005, 2.005, 8.995, 3.005], "texture": "#0"},
				"west": {"uv": [7, 2.005, 7.4, 3.005], "texture": "#0"},
				"up": {"uv": [8.995, 2, 7.005, 2.4], "rotation": 180, "texture": "#0"}
			}
		},
		{
			"from": [8.995, 13.005, 16],
			"to": [9.995, 13.995, 16.4],
			"rotation": {"angle": 0, "axis": "y", "origin": [8, 8, 8]},
			"faces": {
				"east": {"uv": [9.6, 2.005, 10, 2.995], "texture": "#0"},
				"south": {"uv": [8.995, 2.005, 9.995, 2.995], "texture": "#0"},
				"up": {"uv": [9.995, 2, 8.995, 2.4], "rotation": 180, "texture": "#0"},
				"down": {"uv": [9.995, 2.6, 8.995, 3], "rotation": 180, "texture": "#0"}
			}
		},
		{
			"from": [3.005, 10.005, 16],
			"to": [4.005, 10.995, 16.4],
			"rotation": {"angle": 0, "axis": "y", "origin": [8, 8, 8]},
			"faces": {
				"south": {"uv": [3.005, 5.005, 4.005, 5.995], "texture": "#0"},
				"west": {"uv": [3, 5.005, 3.4, 5.995], "texture": "#0"},
				"up": {"uv": [4.005, 5, 3.005, 5.4], "rotation": 180, "texture": "#0"},
				"down": {"uv": [4.005, 5.6, 3.005, 6], "rotation": 180, "texture": "#0"}
			}
		},
		{
			"from": [-0.4, 3.005, 13.005],
			"to": [0, 3.995, 13.995],
			"rotation": {"angle": 0, "axis": "y", "origin": [8, 8, 8]},
			"faces": {
				"north": {"uv": [13, 12.005, 13.4, 12.995], "texture": "#0"},
				"south": {"uv": [13.6, 12.005, 14, 12.995], "texture": "#0"},
				"west": {"uv": [13.005, 12.005, 13.995, 12.995], "texture": "#0"},
				"up": {"uv": [13.995, 12, 13.005, 12.4], "rotation": 270, "texture": "#0"},
				"down": {"uv": [13.995, 12.6, 13.005, 13], "rotation": 90, "texture": "#0"}
			}
		},
		{
			"from": [-0.4, 2.005, 11.005],
			"to": [0, 2.995, 12.995],
			"rotation": {"angle": 0, "axis": "y", "origin": [8, 8, 8]},
			"faces": {
				"north": {"uv": [11, 13.005, 11.4, 13.995], "texture": "#0"},
				"south": {"uv": [12.6, 13.005, 13, 13.995], "texture": "#0"},
				"west": {"uv": [11.005, 13.005, 12.995, 13.995], "texture": "#0"},
				"up": {"uv": [12.995, 13, 11.005, 13.4], "rotation": 270, "texture": "#0"},
				"down": {"uv": [12.995, 13.6, 11.005, 14], "rotation": 90, "texture": "#0"}
			}
		},
		{
			"from": [-0.4, 2.005, 7.005],
			"to": [0, 3.995, 8.995],
			"rotation": {"angle": 0, "axis": "y", "origin": [8, 8, 8]},
			"faces": {
				"north": {"uv": [7, 12.005, 7.4, 13.995], "texture": "#0"},
				"south": {"uv": [8.6, 12.005, 9, 13.995], "texture": "#0"},
				"west": {"uv": [7.005, 12.005, 8.995, 13.995], "texture": "#0"},
				"up": {"uv": [8.995, 12, 7.005, 12.4], "rotation": 270, "texture": "#0"},
				"down": {"uv": [8.995, 13.6, 7.005, 14], "rotation": 90, "texture": "#0"}
			}
		},
		{
			"from": [-0.4, 3.005, 8.005],
			"to": [0, 4.995, 9.995],
			"rotation": {"angle": 0, "axis": "y", "origin": [8, 8, 8]},
			"faces": {
				"north": {"uv": [8, 11.005, 8.4, 12.995], "texture": "#0"},
				"south": {"uv": [9.6, 11.005, 10, 12.995], "texture": "#0"},
				"west": {"uv": [8.005, 11.005, 9.995, 12.995], "texture": "#0"},
				"up": {"uv": [9.995, 11, 8.005, 11.4], "rotation": 270, "texture": "#0"},
				"down": {"uv": [9.995, 12.6, 8.005, 13], "rotation": 90, "texture": "#0"}
			}
		},
		{
			"from": [-0.4, 1.005, 8.005],
			"to": [0, 2.005, 8.995],
			"rotation": {"angle": 0, "axis": "y", "origin": [8, 8, 8]},
			"faces": {
				"north": {"uv": [8, 13.995, 8.4, 14.995], "texture": "#0"},
				"south": {"uv": [8.6, 13.995, 9, 14.995], "texture": "#0"},
				"west": {"uv": [8.005, 13.995, 8.995, 14.995], "texture": "#0"},
				"down": {"uv": [8.995, 14.6, 8.005, 15], "rotation": 90, "texture": "#0"}
			}
		},
		{
			"from": [-0.4, 4.995, 9.005],
			"to": [0, 5.995, 9.995],
			"rotation": {"angle": 0, "axis": "y", "origin": [8, 8, 8]},
			"faces": {
				"north": {"uv": [9, 10.005, 9.4, 11.005], "texture": "#0"},
				"south": {"uv": [9.6, 10.005, 10, 11.005], "texture": "#0"},
				"west": {"uv": [9.005, 10.005, 9.995, 11.005], "texture": "#0"},
				"up": {"uv": [9.995, 10, 9.005, 10.4], "rotation": 270, "texture": "#0"}
			}
		},
		{
			"from": [-0.4, 6.005, 12.005],
			"to": [0, 7.995, 14.995],
			"rotation": {"angle": 0, "axis": "y", "origin": [8, 8, 8]},
			"faces": {
				"north": {"uv": [12, 8.005, 12.4, 9.995], "texture": "#0"},
				"south": {"uv": [14.6, 8.005, 15, 9.995], "texture": "#0"},
				"west": {"uv": [12.005, 8.005, 14.995, 9.995], "texture": "#0"},
				"up": {"uv": [14.995, 8, 12.005, 8.4], "rotation": 270, "texture": "#0"},
				"down": {"uv": [14.995, 9.6, 12.005, 10], "rotation": 90, "texture": "#0"}
			}
		},
		{
			"from": [-0.4, 5.005, 12.005],
			"to": [0, 6.005, 12.995],
			"rotation": {"angle": 0, "axis": "y", "origin": [8, 8, 8]},
			"faces": {
				"north": {"uv": [12, 9.995, 12.4, 10.995], "texture": "#0"},
				"south": {"uv": [12.6, 9.995, 13, 10.995], "texture": "#0"},
				"west": {"uv": [12.005, 9.995, 12.995, 10.995], "texture": "#0"},
				"down": {"uv": [12.995, 10.6, 12.005, 11], "rotation": 90, "texture": "#0"}
			}
		},
		{
			"from": [-0.4, 7.995, 13.005],
			"to": [0, 8.995, 14.995],
			"rotation": {"angle": 0, "axis": "y", "origin": [8, 8, 8]},
			"faces": {
				"north": {"uv": [13, 7.005, 13.4, 8.005], "texture": "#0"},
				"south": {"uv": [14.6, 7.005, 15, 8.005], "texture": "#0"},
				"west": {"uv": [13.005, 7.005, 14.995, 8.005], "texture": "#0"},
				"up": {"uv": [14.995, 7, 13.005, 7.4], "rotation": 270, "texture": "#0"}
			}
		},
		{
			"from": [-0.4, 8.995, 14.005],
			"to": [0, 9.995, 14.995],
			"rotation": {"angle": 0, "axis": "y", "origin": [8, 8, 8]},
			"faces": {
				"north": {"uv": [14, 6.005, 14.4, 7.005], "texture": "#0"},
				"south": {"uv": [14.6, 6.005, 15, 7.005], "texture": "#0"},
				"west": {"uv": [14.005, 6.005, 14.995, 7.005], "texture": "#0"},
				"up": {"uv": [14.995, 6, 14.005, 6.4], "rotation": 270, "texture": "#0"}
			}
		},
		{
			"from": [-0.4, 4.005, 3.005],
			"to": [0, 5.995, 4.995],
			"rotation": {"angle": 0, "axis": "y", "origin": [8, 8, 8]},
			"faces": {
				"north": {"uv": [3, 10.005, 3.4, 11.995], "texture": "#0"},
				"south": {"uv": [4.6, 10.005, 5, 11.995], "texture": "#0"},
				"west": {"uv": [3.005, 10.005, 4.995, 11.995], "texture": "#0"},
				"up": {"uv": [4.995, 10, 3.005, 10.4], "rotation": 270, "texture": "#0"},
				"down": {"uv": [4.995, 11.6, 3.005, 12], "rotation": 90, "texture": "#0"}
			}
		},
		{
			"from": [-0.4, 5.005, 4.005],
			"to": [0, 7.995, 5.995],
			"rotation": {"angle": 0, "axis": "y", "origin": [8, 8, 8]},
			"faces": {
				"north": {"uv": [4, 8.005, 4.4, 10.995], "texture": "#0"},
				"south": {"uv": [5.6, 8.005, 6, 10.995], "texture": "#0"},
				"west": {"uv": [4.005, 8.005, 5.995, 10.995], "texture": "#0"},
				"up": {"uv": [5.995, 8, 4.005, 8.4], "rotation": 270, "texture": "#0"},
				"down": {"uv": [5.995, 10.6, 4.005, 11], "rotation": 90, "texture": "#0"}
			}
		},
		{
			"from": [-0.4, 7.005, 5.005],
			"to": [0, 8.995, 6.995],
			"rotation": {"angle": 0, "axis": "y", "origin": [8, 8, 8]},
			"faces": {
				"north": {"uv": [5, 7.005, 5.4, 8.995], "texture": "#0"},
				"south": {"uv": [6.6, 7.005, 7, 8.995], "texture": "#0"},
				"west": {"uv": [5.005, 7.005, 6.995, 8.995], "texture": "#0"},
				"up": {"uv": [6.995, 7, 5.005, 7.4], "rotation": 270, "texture": "#0"},
				"down": {"uv": [6.995, 8.6, 5.005, 9], "rotation": 90, "texture": "#0"}
			}
		},
		{
			"from": [-0.4, 8.005, 6.005],
			"to": [0, 9.995, 8.995],
			"rotation": {"angle": 0, "axis": "y", "origin": [8, 8, 8]},
			"faces": {
				"north": {"uv": [6, 6.005, 6.4, 7.995], "texture": "#0"},
				"south": {"uv": [8.6, 6.005, 9, 7.995], "texture": "#0"},
				"west": {"uv": [6.005, 6.005, 8.995, 7.995], "texture": "#0"},
				"up": {"uv": [8.995, 6, 6.005, 6.4], "rotation": 270, "texture": "#0"},
				"down": {"uv": [8.995, 7.6, 6.005, 8], "rotation": 90, "texture": "#0"}
			}
		},
		{
			"from": [-0.4, 9.005, 8.005],
			"to": [0, 10.995, 10.995],
			"rotation": {"angle": 0, "axis": "y", "origin": [8, 8, 8]},
			"faces": {
				"north": {"uv": [8, 5.005, 8.4, 6.995], "texture": "#0"},
				"south": {"uv": [10.6, 5.005, 11, 6.995], "texture": "#0"},
				"west": {"uv": [8.005, 5.005, 10.995, 6.995], "texture": "#0"},
				"up": {"uv": [10.995, 5, 8.005, 5.4], "rotation": 270, "texture": "#0"},
				"down": {"uv": [10.995, 6.6, 8.005, 7], "rotation": 90, "texture": "#0"}
			}
		},
		{
			"from": [-0.4, 10.005, 10.995],
			"to": [0, 10.995, 11.995],
			"rotation": {"angle": 0, "axis": "y", "origin": [8, 8, 8]},
			"faces": {
				"south": {"uv": [11.6, 5.005, 12, 5.995], "texture": "#0"},
				"west": {"uv": [10.995, 5.005, 11.995, 5.995], "texture": "#0"},
				"up": {"uv": [11.995, 5, 10.995, 5.4], "rotation": 270, "texture": "#0"},
				"down": {"uv": [11.995, 5.6, 10.995, 6], "rotation": 90, "texture": "#0"}
			}
		},
		{
			"from": [-0.4, 10.005, 4.005],
			"to": [0, 11.995, 5.995],
			"rotation": {"angle": 0, "axis": "y", "origin": [8, 8, 8]},
			"faces": {
				"north": {"uv": [4, 4.005, 4.4, 5.995], "texture": "#0"},
				"south": {"uv": [5.6, 4.005, 6, 5.995], "texture": "#0"},
				"west": {"uv": [4.005, 4.005, 5.995, 5.995], "texture": "#0"},
				"up": {"uv": [5.995, 4, 4.005, 4.4], "rotation": 270, "texture": "#0"},
				"down": {"uv": [5.995, 5.6, 4.005, 6], "rotation": 90, "texture": "#0"}
			}
		},
		{
			"from": [-0.4, 11.005, 5.005],
			"to": [0, 12.995, 6.995],
			"rotation": {"angle": 0, "axis": "y", "origin": [8, 8, 8]},
			"faces": {
				"north": {"uv": [5, 3.005, 5.4, 4.995], "texture": "#0"},
				"south": {"uv": [6.6, 3.005, 7, 4.995], "texture": "#0"},
				"west": {"uv": [5.005, 3.005, 6.995, 4.995], "texture": "#0"},
				"up": {"uv": [6.995, 3, 5.005, 3.4], "rotation": 270, "texture": "#0"},
				"down": {"uv": [6.995, 4.6, 5.005, 5], "rotation": 90, "texture": "#0"}
			}
		},
		{
			"from": [-0.4, 9.005, 4.005],
			"to": [0, 10.005, 4.995],
			"rotation": {"angle": 0, "axis": "y", "origin": [8, 8, 8]},
			"faces": {
				"north": {"uv": [4, 5.995, 4.4, 6.995], "texture": "#0"},
				"south": {"uv": [4.6, 5.995, 5, 6.995], "texture": "#0"},
				"west": {"uv": [4.005, 5.995, 4.995, 6.995], "texture": "#0"},
				"down": {"uv": [4.995, 6.6, 4.005, 7], "rotation": 90, "texture": "#0"}
			}
		},
		{
			"from": [-0.4, 12.005, 6.995],
			"to": [0, 12.995, 8.995],
			"rotation": {"angle": 0, "axis": "y", "origin": [8, 8, 8]},
			"faces": {
				"south": {"uv": [8.6, 3.005, 9, 3.995], "texture": "#0"},
				"west": {"uv": [6.995, 3.005, 8.995, 3.995], "texture": "#0"},
				"up": {"uv": [8.995, 3, 6.995, 3.4], "rotation": 270, "texture": "#0"},
				"down": {"uv": [8.995, 3.6, 6.995, 4], "rotation": 90, "texture": "#0"}
			}
		},
		{
			"from": [-0.4, 12.995, 7.005],
			"to": [0, 13.995, 8.995],
			"rotation": {"angle": 0, "axis": "y", "origin": [8, 8, 8]},
			"faces": {
				"north": {"uv": [7, 2.005, 7.4, 3.005], "texture": "#0"},
				"south": {"uv": [8.6, 2.005, 9, 3.005], "texture": "#0"},
				"west": {"uv": [7.005, 2.005, 8.995, 3.005], "texture": "#0"},
				"up": {"uv": [8.995, 2, 7.005, 2.4], "rotation": 270, "texture": "#0"}
			}
		},
		{
			"from": [-0.4, 13.005, 8.995],
			"to": [0, 13.995, 9.995],
			"rotation": {"angle": 0, "axis": "y", "origin": [8, 8, 8]},
			"faces": {
				"south": {"uv": [9.6, 2.005, 10, 2.995], "texture": "#0"},
				"west": {"uv": [8.995, 2.005, 9.995, 2.995], "texture": "#0"},
				"up": {"uv": [9.995, 2, 8.995, 2.4], "rotation": 270, "texture": "#0"},
				"down": {"uv": [9.995, 2.6, 8.995, 3], "rotation": 90, "texture": "#0"}
			}
		},
		{
			"from": [-0.4, 10.005, 3.005],
			"to": [0, 10.995, 4.005],
			"rotation": {"angle": 0, "axis": "y", "origin": [8, 8, 8]},
			"faces": {
				"north": {"uv": [3, 5.005, 3.4, 5.995], "texture": "#0"},
				"west": {"uv": [3.005, 5.005, 4.005, 5.995], "texture": "#0"},
				"up": {"uv": [4.005, 5, 3.005, 5.4], "rotation": 270, "texture": "#0"},
				"down": {"uv": [4.005, 5.6, 3.005, 6], "rotation": 90, "texture": "#0"}
			}
		},
		{
			"from": [13.005, 16, 12.005],
			"to": [13.995, 16.4, 12.995],
			"rotation": {"angle": 0, "axis": "x", "origin": [8, 8, 8]},
			"faces": {
				"north": {"uv": [13.995, 12, 13.005, 12.4], "texture": "#0"},
				"east": {"uv": [13.6, 12.005, 14, 12.995], "rotation": 90, "texture": "#0"},
				"south": {"uv": [13.995, 12.6, 13.005, 13], "rotation": 180, "texture": "#0"},
				"west": {"uv": [13, 12.005, 13.4, 12.995], "rotation": 270, "texture": "#0"},
				"up": {"uv": [13.005, 12.005, 13.995, 12.995], "texture": "#0"}
			}
		},
		{
			"from": [11.005, 16, 13.005],
			"to": [12.995, 16.4, 13.995],
			"rotation": {"angle": 0, "axis": "x", "origin": [8, 8, 8]},
			"faces": {
				"north": {"uv": [12.995, 13, 11.005, 13.4], "texture": "#0"},
				"east": {"uv": [12.6, 13.005, 13, 13.995], "rotation": 90, "texture": "#0"},
				"south": {"uv": [12.995, 13.6, 11.005, 14], "rotation": 180, "texture": "#0"},
				"west": {"uv": [11, 13.005, 11.4, 13.995], "rotation": 270, "texture": "#0"},
				"up": {"uv": [11.005, 13.005, 12.995, 13.995], "texture": "#0"}
			}
		},
		{
			"from": [7.005, 16, 12.005],
			"to": [8.995, 16.4, 13.995],
			"rotation": {"angle": 0, "axis": "x", "origin": [8, 8, 8]},
			"faces": {
				"north": {"uv": [8.995, 12, 7.005, 12.4], "texture": "#0"},
				"east": {"uv": [8.6, 12.005, 9, 13.995], "rotation": 90, "texture": "#0"},
				"south": {"uv": [8.995, 13.6, 7.005, 14], "rotation": 180, "texture": "#0"},
				"west": {"uv": [7, 12.005, 7.4, 13.995], "rotation": 270, "texture": "#0"},
				"up": {"uv": [7.005, 12.005, 8.995, 13.995], "texture": "#0"}
			}
		},
		{
			"from": [8.005, 16, 11.005],
			"to": [9.995, 16.4, 12.995],
			"rotation": {"angle": 0, "axis": "x", "origin": [8, 8, 8]},
			"faces": {
				"north": {"uv": [9.995, 11, 8.005, 11.4], "texture": "#0"},
				"east": {"uv": [9.6, 11.005, 10, 12.995], "rotation": 90, "texture": "#0"},
				"south": {"uv": [9.995, 12.6, 8.005, 13], "rotation": 180, "texture": "#0"},
				"west": {"uv": [8, 11.005, 8.4, 12.995], "rotation": 270, "texture": "#0"},
				"up": {"uv": [8.005, 11.005, 9.995, 12.995], "texture": "#0"}
			}
		},
		{
			"from": [8.005, 16, 13.995],
			"to": [8.995, 16.4, 14.995],
			"rotation": {"angle": 0, "axis": "x", "origin": [8, 8, 8]},
			"faces": {
				"east": {"uv": [8.6, 13.995, 9, 14.995], "rotation": 90, "texture": "#0"},
				"south": {"uv": [8.995, 14.6, 8.005, 15], "rotation": 180, "texture": "#0"},
				"west": {"uv": [8, 13.995, 8.4, 14.995], "rotation": 270, "texture": "#0"},
				"up": {"uv": [8.005, 13.995, 8.995, 14.995], "texture": "#0"}
			}
		},
		{
			"from": [9.005, 16, 10.005],
			"to": [9.995, 16.4, 11.005],
			"rotation": {"angle": 0, "axis": "x", "origin": [8, 8, 8]},
			"faces": {
				"north": {"uv": [9.995, 10, 9.005, 10.4], "texture": "#0"},
				"east": {"uv": [9.6, 10.005, 10, 11.005], "rotation": 90, "texture": "#0"},
				"west": {"uv": [9, 10.005, 9.4, 11.005], "rotation": 270, "texture": "#0"},
				"up": {"uv": [9.005, 10.005, 9.995, 11.005], "texture": "#0"}
			}
		},
		{
			"from": [12.005, 16, 8.005],
			"to": [14.995, 16.4, 9.995],
			"rotation": {"angle": 0, "axis": "x", "origin": [8, 8, 8]},
			"faces": {
				"north": {"uv": [14.995, 8, 12.005, 8.4], "texture": "#0"},
				"east": {"uv": [14.6, 8.005, 15, 9.995], "rotation": 90, "texture": "#0"},
				"south": {"uv": [14.995, 9.6, 12.005, 10], "rotation": 180, "texture": "#0"},
				"west": {"uv": [12, 8.005, 12.4, 9.995], "rotation": 270, "texture": "#0"},
				"up": {"uv": [12.005, 8.005, 14.995, 9.995], "texture": "#0"}
			}
		},
		{
			"from": [12.005, 16, 9.995],
			"to": [12.995, 16.4, 10.995],
			"rotation": {"angle": 0, "axis": "x", "origin": [8, 8, 8]},
			"faces": {
				"east": {"uv": [12.6, 9.995, 13, 10.995], "rotation": 90, "texture": "#0"},
				"south": {"uv": [12.995, 10.6, 12.005, 11], "rotation": 180, "texture": "#0"},
				"west": {"uv": [12, 9.995, 12.4, 10.995], "rotation": 270, "texture": "#0"},
				"up": {"uv": [12.005, 9.995, 12.995, 10.995], "texture": "#0"}
			}
		},
		{
			"from": [13.005, 16, 7.005],
			"to": [14.995, 16.4, 8.005],
			"rotation": {"angle": 0, "axis": "x", "origin": [8, 8, 8]},
			"faces": {
				"north": {"uv": [14.995, 7, 13.005, 7.4], "texture": "#0"},
				"east": {"uv": [14.6, 7.005, 15, 8.005], "rotation": 90, "texture": "#0"},
				"west": {"uv": [13, 7.005, 13.4, 8.005], "rotation": 270, "texture": "#0"},
				"up": {"uv": [13.005, 7.005, 14.995, 8.005], "texture": "#0"}
			}
		},
		{
			"from": [14.005, 16, 6.005],
			"to": [14.995, 16.4, 7.005],
			"rotation": {"angle": 0, "axis": "x", "origin": [8, 8, 8]},
			"faces": {
				"north": {"uv": [14.995, 6, 14.005, 6.4], "texture": "#0"},
				"east": {"uv": [14.6, 6.005, 15, 7.005], "rotation": 90, "texture": "#0"},
				"west": {"uv": [14, 6.005, 14.4, 7.005], "rotation": 270, "texture": "#0"},
				"up": {"uv": [14.005, 6.005, 14.995, 7.005], "texture": "#0"}
			}
		},
		{
			"from": [3.005, 16, 10.005],
			"to": [4.995, 16.4, 11.995],
			"rotation": {"angle": 0, "axis": "x", "origin": [8, 8, 8]},
			"faces": {
				"north": {"uv": [4.995, 10, 3.005, 10.4], "texture": "#0"},
				"east": {"uv": [4.6, 10.005, 5, 11.995], "rotation": 90, "texture": "#0"},
				"south": {"uv": [4.995, 11.6, 3.005, 12], "rotation": 180, "texture": "#0"},
				"west": {"uv": [3, 10.005, 3.4, 11.995], "rotation": 270, "texture": "#0"},
				"up": {"uv": [3.005, 10.005, 4.995, 11.995], "texture": "#0"}
			}
		},
		{
			"from": [4.005, 16, 8.005],
			"to": [5.995, 16.4, 10.995],
			"rotation": {"angle": 0, "axis": "x", "origin": [8, 8, 8]},
			"faces": {
				"north": {"uv": [5.995, 8, 4.005, 8.4], "texture": "#0"},
				"east": {"uv": [5.6, 8.005, 6, 10.995], "rotation": 90, "texture": "#0"},
				"south": {"uv": [5.995, 10.6, 4.005, 11], "rotation": 180, "texture": "#0"},
				"west": {"uv": [4, 8.005, 4.4, 10.995], "rotation": 270, "texture": "#0"},
				"up": {"uv": [4.005, 8.005, 5.995, 10.995], "texture": "#0"}
			}
		},
		{
			"from": [5.005, 16, 7.005],
			"to": [6.995, 16.4, 8.995],
			"rotation": {"angle": 0, "axis": "x", "origin": [8, 8, 8]},
			"faces": {
				"north": {"uv": [6.995, 7, 5.005, 7.4], "texture": "#0"},
				"east": {"uv": [6.6, 7.005, 7, 8.995], "rotation": 90, "texture": "#0"},
				"south": {"uv": [6.995, 8.6, 5.005, 9], "rotation": 180, "texture": "#0"},
				"west": {"uv": [5, 7.005, 5.4, 8.995], "rotation": 270, "texture": "#0"},
				"up": {"uv": [5.005, 7.005, 6.995, 8.995], "texture": "#0"}
			}
		},
		{
			"from": [6.005, 16, 6.005],
			"to": [8.995, 16.4, 7.995],
			"rotation": {"angle": 0, "axis": "x", "origin": [8, 8, 8]},
			"faces": {
				"north": {"uv": [8.995, 6, 6.005, 6.4], "texture": "#0"},
				"east": {"uv": [8.6, 6.005, 9, 7.995], "rotation": 90, "texture": "#0"},
				"south": {"uv": [8.995, 7.6, 6.005, 8], "rotation": 180, "texture": "#0"},
				"west": {"uv": [6, 6.005, 6.4, 7.995], "rotation": 270, "texture": "#0"},
				"up": {"uv": [6.005, 6.005, 8.995, 7.995], "texture": "#0"}
			}
		},
		{
			"from": [8.005, 16, 5.005],
			"to": [10.995, 16.4, 6.995],
			"rotation": {"angle": 0, "axis": "x", "origin": [8, 8, 8]},
			"faces": {
				"north": {"uv": [10.995, 5, 8.005, 5.4], "texture": "#0"},
				"east": {"uv": [10.6, 5.005, 11, 6.995], "rotation": 90, "texture": "#0"},
				"south": {"uv": [10.995, 6.6, 8.005, 7], "rotation": 180, "texture": "#0"},
				"west": {"uv": [8, 5.005, 8.4, 6.995], "rotation": 270, "texture": "#0"},
				"up": {"uv": [8.005, 5.005, 10.995, 6.995], "texture": "#0"}
			}
		},
		{
			"from": [10.995, 16, 5.005],
			"to": [11.995, 16.4, 5.995],
			"rotation": {"angle": 0, "axis": "x", "origin": [8, 8, 8]},
			"faces": {
				"north": {"uv": [11.995, 5, 10.995, 5.4], "texture": "#0"},
				"east": {"uv": [11.6, 5.005, 12, 5.995], "rotation": 90, "texture": "#0"},
				"south": {"uv": [11.995, 5.6, 10.995, 6], "rotation": 180, "texture": "#0"},
				"up": {"uv": [10.995, 5.005, 11.995, 5.995], "texture": "#0"}
			}
		},
		{
			"from": [4.005, 16, 4.005],
			"to": [5.995, 16.4, 5.995],
			"rotation": {"angle": 0, "axis": "x", "origin": [8, 8, 8]},
			"faces": {
				"north": {"uv": [5.995, 4, 4.005, 4.4], "texture": "#0"},
				"east": {"uv": [5.6, 4.005, 6, 5.995], "rotation": 90, "texture": "#0"},
				"south": {"uv": [5.995, 5.6, 4.005, 6], "rotation": 180, "texture": "#0"},
				"west": {"uv": [4, 4.005, 4.4, 5.995], "rotation": 270, "texture": "#0"},
				"up": {"uv": [4.005, 4.005, 5.995, 5.995], "texture": "#0"}
			}
		},
		{
			"from": [5.005, 16, 3.005],
			"to": [6.995, 16.4, 4.995],
			"rotation": {"angle": 0, "axis": "x", "origin": [8, 8, 8]},
			"faces": {
				"north": {"uv": [6.995, 3, 5.005, 3.4], "texture": "#0"},
				"east": {"uv": [6.6, 3.005, 7, 4.995], "rotation": 90, "texture": "#0"},
				"south": {"uv": [6.995, 4.6, 5.005, 5], "rotation": 180, "texture": "#0"},
				"west": {"uv": [5, 3.005, 5.4, 4.995], "rotation": 270, "texture": "#0"},
				"up": {"uv": [5.005, 3.005, 6.995, 4.995], "texture": "#0"}
			}
		},
		{
			"from": [4.005, 16, 5.995],
			"to": [4.995, 16.4, 6.995],
			"rotation": {"angle": 0, "axis": "x", "origin": [8, 8, 8]},
			"faces": {
				"east": {"uv": [4.6, 5.995, 5, 6.995], "rotation": 90, "texture": "#0"},
				"south": {"uv": [4.995, 6.6, 4.005, 7], "rotation": 180, "texture": "#0"},
				"west": {"uv": [4, 5.995, 4.4, 6.995], "rotation": 270, "texture": "#0"},
				"up": {"uv": [4.005, 5.995, 4.995, 6.995], "texture": "#0"}
			}
		},
		{
			"from": [6.995, 16, 3.005],
			"to": [8.995, 16.4, 3.995],
			"rotation": {"angle": 0, "axis": "x", "origin": [8, 8, 8]},
			"faces": {
				"north": {"uv": [8.995, 3, 6.995, 3.4], "texture": "#0"},
				"east": {"uv": [8.6, 3.005, 9, 3.995], "rotation": 90, "texture": "#0"},
				"south": {"uv": [8.995, 3.6, 6.995, 4], "rotation": 180, "texture": "#0"},
				"up": {"uv": [6.995, 3.005, 8.995, 3.995], "texture": "#0"}
			}
		},
		{
			"from": [7.005, 16, 2.005],
			"to": [8.995, 16.4, 3.005],
			"rotation": {"angle": 0, "axis": "x", "origin": [8, 8, 8]},
			"faces": {
				"north": {"uv": [8.995, 2, 7.005, 2.4], "texture": "#0"},
				"east": {"uv": [8.6, 2.005, 9, 3.005], "rotation": 90, "texture": "#0"},
				"west": {"uv": [7, 2.005, 7.4, 3.005], "rotation": 270, "texture": "#0"},
				"up": {"uv": [7.005, 2.005, 8.995, 3.005], "texture": "#0"}
			}
		},
		{
			"from": [8.995, 16, 2.005],
			"to": [9.995, 16.4, 2.995],
			"rotation": {"angle": 0, "axis": "x", "origin": [8, 8, 8]},
			"faces": {
				"north": {"uv": [9.995, 2, 8.995, 2.4], "texture": "#0"},
				"east": {"uv": [9.6, 2.005, 10, 2.995], "rotation": 90, "texture": "#0"},
				"south": {"uv": [9.995, 2.6, 8.995, 3], "rotation": 180, "texture": "#0"},
				"up": {"uv": [8.995, 2.005, 9.995, 2.995], "texture": "#0"}
			}
		},
		{
			"from": [3.005, 16, 5.005],
			"to": [4.005, 16.4, 5.995],
			"rotation": {"angle": 0, "axis": "x", "origin": [8, 8, 8]},
			"faces": {
				"north": {"uv": [4.005, 5, 3.005, 5.4], "texture": "#0"},
				"south": {"uv": [4.005, 5.6, 3.005, 6], "rotation": 180, "texture": "#0"},
				"west": {"uv": [3, 5.005, 3.4, 5.995], "rotation": 270, "texture": "#0"},
				"up": {"uv": [3.005, 5.005, 4.005, 5.995], "texture": "#0"}
			}
		},
		{
			"from": [13.005, -0.4, 3.005],
			"to": [13.995, 0, 3.995],
			"rotation": {"angle": 0, "axis": "x", "origin": [8, 8, 8]},
			"faces": {
				"north": {"uv": [13.995, 12.6, 13.005, 13], "texture": "#0"},
				"east": {"uv": [13.6, 12.005, 14, 12.995], "rotation": 270, "texture": "#0"},
				"south": {"uv": [13.995, 12, 13.005, 12.4], "rotation": 180, "texture": "#0"},
				"west": {"uv": [13, 12.005, 13.4, 12.995], "rotation": 90, "texture": "#0"},
				"down": {"uv": [13.005, 12.005, 13.995, 12.995], "texture": "#0"}
			}
		},
		{
			"from": [11.005, -0.4, 2.005],
			"to": [12.995, 0, 2.995],
			"rotation": {"angle": 0, "axis": "x", "origin": [8, 8, 8]},
			"faces": {
				"north": {"uv": [12.995, 13.6, 11.005, 14], "texture": "#0"},
				"east": {"uv": [12.6, 13.005, 13, 13.995], "rotation": 270, "texture": "#0"},
				"south": {"uv": [12.995, 13, 11.005, 13.4], "rotation": 180, "texture": "#0"},
				"west": {"uv": [11, 13.005, 11.4, 13.995], "rotation": 90, "texture": "#0"},
				"down": {"uv": [11.005, 13.005, 12.995, 13.995], "texture": "#0"}
			}
		},
		{
			"from": [7.005, -0.4, 2.005],
			"to": [8.995, 0, 3.995],
			"rotation": {"angle": 0, "axis": "x", "origin": [8, 8, 8]},
			"faces": {
				"north": {"uv": [8.995, 13.6, 7.005, 14], "texture": "#0"},
				"east": {"uv": [8.6, 12.005, 9, 13.995], "rotation": 270, "texture": "#0"},
				"south": {"uv": [8.995, 12, 7.005, 12.4], "rotation": 180, "texture": "#0"},
				"west": {"uv": [7, 12.005, 7.4, 13.995], "rotation": 90, "texture": "#0"},
				"down": {"uv": [7.005, 12.005, 8.995, 13.995], "texture": "#0"}
			}
		},
		{
			"from": [8.005, -0.4, 3.005],
			"to": [9.995, 0, 4.995],
			"rotation": {"angle": 0, "axis": "x", "origin": [8, 8, 8]},
			"faces": {
				"north": {"uv": [9.995, 12.6, 8.005, 13], "texture": "#0"},
				"east": {"uv": [9.6, 11.005, 10, 12.995], "rotation": 270, "texture": "#0"},
				"south": {"uv": [9.995, 11, 8.005, 11.4], "rotation": 180, "texture": "#0"},
				"west": {"uv": [8, 11.005, 8.4, 12.995], "rotation": 90, "texture": "#0"},
				"down": {"uv": [8.005, 11.005, 9.995, 12.995], "texture": "#0"}
			}
		},
		{
			"from": [8.005, -0.4, 1.005],
			"to": [8.995, 0, 2.005],
			"rotation": {"angle": 0, "axis": "x", "origin": [8, 8, 8]},
			"faces": {
				"north": {"uv": [8.995, 14.6, 8.005, 15], "texture": "#0"},
				"east": {"uv": [8.6, 13.995, 9, 14.995], "rotation": 270, "texture": "#0"},
				"west": {"uv": [8, 13.995, 8.4, 14.995], "rotation": 90, "texture": "#0"},
				"down": {"uv": [8.005, 13.995, 8.995, 14.995], "texture": "#0"}
			}
		},
		{
			"from": [9.005, -0.4, 4.995],
			"to": [9.995, 0, 5.995],
			"rotation": {"angle": 0, "axis": "x", "origin": [8, 8, 8]},
			"faces": {
				"east": {"uv": [9.6, 10.005, 10, 11.005], "rotation": 270, "texture": "#0"},
				"south": {"uv": [9.995, 10, 9.005, 10.4], "rotation": 180, "texture": "#0"},
				"west": {"uv": [9, 10.005, 9.4, 11.005], "rotation": 90, "texture": "#0"},
				"down": {"uv": [9.005, 10.005, 9.995, 11.005], "texture": "#0"}
			}
		},
		{
			"from": [12.005, -0.4, 6.005],
			"to": [14.995, 0, 7.995],
			"rotation": {"angle": 0, "axis": "x", "origin": [8, 8, 8]},
			"faces": {
				"north": {"uv": [14.995, 9.6, 12.005, 10], "texture": "#0"},
				"east": {"uv": [14.6, 8.005, 15, 9.995], "rotation": 270, "texture": "#0"},
				"south": {"uv": [14.995, 8, 12.005, 8.4], "rotation": 180, "texture": "#0"},
				"west": {"uv": [12, 8.005, 12.4, 9.995], "rotation": 90, "texture": "#0"},
				"down": {"uv": [12.005, 8.005, 14.995, 9.995], "texture": "#0"}
			}
		},
		{
			"from": [12.005, -0.4, 5.005],
			"to": [12.995, 0, 6.005],
			"rotation": {"angle": 0, "axis": "x", "origin": [8, 8, 8]},
			"faces": {
				"north": {"uv": [12.995, 10.6, 12.005, 11], "texture": "#0"},
				"east": {"uv": [12.6, 9.995, 13, 10.995], "rotation": 270, "texture": "#0"},
				"west": {"uv": [12, 9.995, 12.4, 10.995], "rotation": 90, "texture": "#0"},
				"down": {"uv": [12.005, 9.995, 12.995, 10.995], "texture": "#0"}
			}
		},
		{
			"from": [13.005, -0.4, 7.995],
			"to": [14.995, 0, 8.995],
			"rotation": {"angle": 0, "axis": "x", "origin": [8, 8, 8]},
			"faces": {
				"east": {"uv": [14.6, 7.005, 15, 8.005], "rotation": 270, "texture": "#0"},
				"south": {"uv": [14.995, 7, 13.005, 7.4], "rotation": 180, "texture": "#0"},
				"west": {"uv": [13, 7.005, 13.4, 8.005], "rotation": 90, "texture": "#0"},
				"down": {"uv": [13.005, 7.005, 14.995, 8.005], "texture": "#0"}
			}
		},
		{
			"from": [14.005, -0.4, 8.995],
			"to": [14.995, 0, 9.995],
			"rotation": {"angle": 0, "axis": "x", "origin": [8, 8, 8]},
			"faces": {
				"east": {"uv": [14.6, 6.005, 15, 7.005], "rotation": 270, "texture": "#0"},
				"south": {"uv": [14.995, 6, 14.005, 6.4], "rotation": 180, "texture": "#0"},
				"west": {"uv": [14, 6.005, 14.4, 7.005], "rotation": 90, "texture": "#0"},
				"down": {"uv": [14.005, 6.005, 14.995, 7.005], "texture": "#0"}
			}
		},
		{
			"from": [3.005, -0.4, 4.005],
			"to": [4.995, 0, 5.995],
			"rotation": {"angle": 0, "axis": "x", "origin": [8, 8, 8]},
			"faces": {
				"north": {"uv": [4.995, 11.6, 3.005, 12], "texture": "#0"},
				"east": {"uv": [4.6, 10.005, 5, 11.995], "rotation": 270, "texture": "#0"},
				"south": {"uv": [4.995, 10, 3.005, 10.4], "rotation": 180, "texture": "#0"},
				"west": {"uv": [3, 10.005, 3.4, 11.995], "rotation": 90, "texture": "#0"},
				"down": {"uv": [3.005, 10.005, 4.995, 11.995], "texture": "#0"}
			}
		},
		{
			"from": [4.005, -0.4, 5.005],
			"to": [5.995, 0, 7.995],
			"rotation": {"angle": 0, "axis": "x", "origin": [8, 8, 8]},
			"faces": {
				"north": {"uv": [5.995, 10.6, 4.005, 11], "texture": "#0"},
				"east": {"uv": [5.6, 8.005, 6, 10.995], "rotation": 270, "texture": "#0"},
				"south": {"uv": [5.995, 8, 4.005, 8.4], "rotation": 180, "texture": "#0"},
				"west": {"uv": [4, 8.005, 4.4, 10.995], "rotation": 90, "texture": "#0"},
				"down": {"uv": [4.005, 8.005, 5.995, 10.995], "texture": "#0"}
			}
		},
		{
			"from": [5.005, -0.4, 7.005],
			"to": [6.995, 0, 8.995],
			"rotation": {"angle": 0, "axis": "x", "origin": [8, 8, 8]},
			"faces": {
				"north": {"uv": [6.995, 8.6, 5.005, 9], "texture": "#0"},
				"east": {"uv": [6.6, 7.005, 7, 8.995], "rotation": 270, "texture": "#0"},
				"south": {"uv": [6.995, 7, 5.005, 7.4], "rotation": 180, "texture": "#0"},
				"west": {"uv": [5, 7.005, 5.4, 8.995], "rotation": 90, "texture": "#0"},
				"down": {"uv": [5.005, 7.005, 6.995, 8.995], "texture": "#0"}
			}
		},
		{
			"from": [6.005, -0.4, 8.005],
			"to": [8.995, 0, 9.995],
			"rotation": {"angle": 0, "axis": "x", "origin": [8, 8, 8]},
			"faces": {
				"north": {"uv": [8.995, 7.6, 6.005, 8], "texture": "#0"},
				"east": {"uv": [8.6, 6.005, 9, 7.995], "rotation": 270, "texture": "#0"},
				"south": {"uv": [8.995, 6, 6.005, 6.4], "rotation": 180, "texture": "#0"},
				"west": {"uv": [6, 6.005, 6.4, 7.995], "rotation": 90, "texture": "#0"},
				"down": {"uv": [6.005, 6.005, 8.995, 7.995], "texture": "#0"}
			}
		},
		{
			"from": [8.005, -0.4, 9.005],
			"to": [10.995, 0, 10.995],
			"rotation": {"angle": 0, "axis": "x", "origin": [8, 8, 8]},
			"faces": {
				"north": {"uv": [10.995, 6.6, 8.005, 7], "texture": "#0"},
				"east": {"uv": [10.6, 5.005, 11, 6.995], "rotation": 270, "texture": "#0"},
				"south": {"uv": [10.995, 5, 8.005, 5.4], "rotation": 180, "texture": "#0"},
				"west": {"uv": [8, 5.005, 8.4, 6.995], "rotation": 90, "texture": "#0"},
				"down": {"uv": [8.005, 5.005, 10.995, 6.995], "texture": "#0"}
			}
		},
		{
			"from": [10.995, -0.4, 10.005],
			"to": [11.995, 0, 10.995],
			"rotation": {"angle": 0, "axis": "x", "origin": [8, 8, 8]},
			"faces": {
				"north": {"uv": [11.995, 5.6, 10.995, 6], "texture": "#0"},
				"east": {"uv": [11.6, 5.005, 12, 5.995], "rotation": 270, "texture": "#0"},
				"south": {"uv": [11.995, 5, 10.995, 5.4], "rotation": 180, "texture": "#0"},
				"down": {"uv": [10.995, 5.005, 11.995, 5.995], "texture": "#0"}
			}
		},
		{
			"from": [4.005, -0.4, 10.005],
			"to": [5.995, 0, 11.995],
			"rotation": {"angle": 0, "axis": "x", "origin": [8, 8, 8]},
			"faces": {
				"north": {"uv": [5.995, 5.6, 4.005, 6], "texture": "#0"},
				"east": {"uv": [5.6, 4.005, 6, 5.995], "rotation": 270, "texture": "#0"},
				"south": {"uv": [5.995, 4, 4.005, 4.4], "rotation": 180, "texture": "#0"},
				"west": {"uv": [4, 4.005, 4.4, 5.995], "rotation": 90, "texture": "#0"},
				"down": {"uv": [4.005, 4.005, 5.995, 5.995], "texture": "#0"}
			}
		},
		{
			"from": [5.005, -0.4, 11.005],
			"to": [6.995, 0, 12.995],
			"rotation": {"angle": 0, "axis": "x", "origin": [8, 8, 8]},
			"faces": {
				"north": {"uv": [6.995, 4.6, 5.005, 5], "texture": "#0"},
				"east": {"uv": [6.6, 3.005, 7, 4.995], "rotation": 270, "texture": "#0"},
				"south": {"uv": [6.995, 3, 5.005, 3.4], "rotation": 180, "texture": "#0"},
				"west": {"uv": [5, 3.005, 5.4, 4.995], "rotation": 90, "texture": "#0"},
				"down": {"uv": [5.005, 3.005, 6.995, 4.995], "texture": "#0"}
			}
		},
		{
			"from": [4.005, -0.4, 9.005],
			"to": [4.995, 0, 10.005],
			"rotation": {"angle": 0, "axis": "x", "origin": [8, 8, 8]},
			"faces": {
				"north": {"uv": [4.995, 6.6, 4.005, 7], "texture": "#0"},
				"east": {"uv": [4.6, 5.995, 5, 6.995], "rotation": 270, "texture": "#0"},
				"west": {"uv": [4, 5.995, 4.4, 6.995], "rotation": 90, "texture": "#0"},
				"down": {"uv": [4.005, 5.995, 4.995, 6.995], "texture": "#0"}
			}
		},
		{
			"from": [6.995, -0.4, 12.005],
			"to": [8.995, 0, 12.995],
			"rotation": {"angle": 0, "axis": "x", "origin": [8, 8, 8]},
			"faces": {
				"north": {"uv": [8.995, 3.6, 6.995, 4], "texture": "#0"},
				"east": {"uv": [8.6, 3.005, 9, 3.995], "rotation": 270, "texture": "#0"},
				"south": {"uv": [8.995, 3, 6.995, 3.4], "rotation": 180, "texture": "#0"},
				"down": {"uv": [6.995, 3.005, 8.995, 3.995], "texture": "#0"}
			}
		},
		{
			"from": [7.005, -0.4, 12.995],
			"to": [8.995, 0, 13.995],
			"rotation": {"angle": 0, "axis": "x", "origin": [8, 8, 8]},
			"faces": {
				"east": {"uv": [8.6, 2.005, 9, 3.005], "rotation": 270, "texture": "#0"},
				"south": {"uv": [8.995, 2, 7.005, 2.4], "rotation": 180, "texture": "#0"},
				"west": {"uv": [7, 2.005, 7.4, 3.005], "rotation": 90, "texture": "#0"},
				"down": {"uv": [7.005, 2.005, 8.995, 3.005], "texture": "#0"}
			}
		},
		{
			"from": [8.995, -0.4, 13.005],
			"to": [9.995, 0, 13.995],
			"rotation": {"angle": 0, "axis": "x", "origin": [8, 8, 8]},
			"faces": {
				"north": {"uv": [9.995, 2.6, 8.995, 3], "texture": "#0"},
				"east": {"uv": [9.6, 2.005, 10, 2.995], "rotation": 270, "texture": "#0"},
				"south": {"uv": [9.995, 2, 8.995, 2.4], "rotation": 180, "texture": "#0"},
				"down": {"uv": [8.995, 2.005, 9.995, 2.995], "texture": "#0"}
			}
		},
		{
			"from": [3.005, -0.4, 10.005],
			"to": [4.005, 0, 10.995],
			"rotation": {"angle": 0, "axis": "x", "origin": [8, 8, 8]},
			"faces": {
				"north": {"uv": [4.005, 5.6, 3.005, 6], "texture": "#0"},
				"south": {"uv": [4.005, 5, 3.005, 5.4], "rotation": 180, "texture": "#0"},
				"west": {"uv": [3, 5.005, 3.4, 5.995], "rotation": 90, "texture": "#0"},
				"down": {"uv": [3.005, 5.005, 4.005, 5.995], "texture": "#0"}
			}
		}
	],
	"display": {
		"thirdperson_righthand": {
			"rotation": [75, 45, 0],
			"translation": [0, 2.5, 0],
			"scale": [0.375, 0.375, 0.375]
		},
		"thirdperson_lefthand": {
			"rotation": [75, 45, 0],
			"translation": [0, 2.5, 0],
			"scale": [0.375, 0.375, 0.375]
		},
		"firstperson_righthand": {
			"rotation": [0, 45, 0],
			"scale": [0.4, 0.4, 0.4]
		},
		"firstperson_lefthand": {
			"rotation": [0, 225, 0],
			"scale": [0.4, 0.4, 0.4]
		},
		"ground": {
			"translation": [0, 3, 0],
			"scale": [0.25, 0.25, 0.25]
		},
		"gui": {
			"rotation": [30, 225, 0],
			"scale": [0.625, 0.625, 0.625]
		},
		"fixed": {
			"scale": [0.5, 0.5, 0.5]
		}
	},
	"groups": [
		0,
		{
			"name": "N",
			"origin": [8, 8, 8],
			"color": 0,
			"children": [
				{
					"name": "group",
					"origin": [8, 8, 8],
					"color": 0,
					"children": [1, 2]
				},
				{
					"name": "group",
					"origin": [8, 8, 8],
					"color": 0,
					"children": [3, 4, 5, 6]
				},
				{
					"name": "group",
					"origin": [8, 8, 8],
					"color": 0,
					"children": [7, 8, 9, 10]
				},
				{
					"name": "group",
					"origin": [8, 8, 8],
					"color": 0,
					"children": [11, 12, 13, 14, 15, 16]
				},
				{
					"name": "group",
					"origin": [8, 8, 8],
					"color": 0,
					"children": [17, 18, 19, 20, 21, 22, 23]
				}
			]
		},
		{
			"name": "E",
			"origin": [8, 8, 8],
			"color": 0,
			"children": [
				{
					"name": "group",
					"origin": [8, 8, 8],
					"color": 0,
					"children": [24, 25]
				},
				{
					"name": "group",
					"origin": [8, 8, 8],
					"color": 0,
					"children": [26, 27, 28, 29]
				},
				{
					"name": "group",
					"origin": [8, 8, 8],
					"color": 0,
					"children": [30, 31, 32, 33]
				},
				{
					"name": "group",
					"origin": [8, 8, 8],
					"color": 0,
					"children": [34, 35, 36, 37, 38, 39]
				},
				{
					"name": "group",
					"origin": [8, 8, 8],
					"color": 0,
					"children": [40, 41, 42, 43, 44, 45, 46]
				}
			]
		},
		{
			"name": "S",
			"origin": [8, 8, 8],
			"color": 0,
			"children": [
				{
					"name": "group",
					"origin": [8, 8, 8],
					"color": 0,
					"children": [47, 48]
				},
				{
					"name": "group",
					"origin": [8, 8, 8],
					"color": 0,
					"children": [49, 50, 51, 52]
				},
				{
					"name": "group",
					"origin": [8, 8, 8],
					"color": 0,
					"children": [53, 54, 55, 56]
				},
				{
					"name": "group",
					"origin": [8, 8, 8],
					"color": 0,
					"children": [57, 58, 59, 60, 61, 62]
				},
				{
					"name": "group",
					"origin": [8, 8, 8],
					"color": 0,
					"children": [63, 64, 65, 66, 67, 68, 69]
				}
			]
		},
		{
			"name": "W",
			"origin": [8, 8, 8],
			"color": 0,
			"children": [
				{
					"name": "group",
					"origin": [8, 8, 8],
					"color": 0,
					"children": [70, 71]
				},
				{
					"name": "group",
					"origin": [8, 8, 8],
					"color": 0,
					"children": [72, 73, 74, 75]
				},
				{
					"name": "group",
					"origin": [8, 8, 8],
					"color": 0,
					"children": [76, 77, 78, 79]
				},
				{
					"name": "group",
					"origin": [8, 8, 8],
					"color": 0,
					"children": [80, 81, 82, 83, 84, 85]
				},
				{
					"name": "group",
					"origin": [8, 8, 8],
					"color": 0,
					"children": [86, 87, 88, 89, 90, 91, 92]
				}
			]
		},
		{
			"name": "U",
			"origin": [8, 8, 8],
			"color": 0,
			"children": [
				{
					"name": "group",
					"origin": [8, 8, 8],
					"color": 0,
					"children": [93, 94]
				},
				{
					"name": "group",
					"origin": [8, 8, 8],
					"color": 0,
					"children": [95, 96, 97, 98]
				},
				{
					"name": "group",
					"origin": [8, 8, 8],
					"color": 0,
					"children": [99, 100, 101, 102]
				},
				{
					"name": "group",
					"origin": [8, 8, 8],
					"color": 0,
					"children": [103, 104, 105, 106, 107, 108]
				},
				{
					"name": "group",
					"origin": [8, 8, 8],
					"color": 0,
					"children": [109, 110, 111, 112, 113, 114, 115]
				}
			]
		},
		{
			"name": "B",
			"origin": [8, 8, 8],
			"color": 0,
			"children": [
				{
					"name": "group",
					"origin": [8, 8, 8],
					"color": 0,
					"children": [116, 117]
				},
				{
					"name": "group",
					"origin": [8, 8, 8],
					"color": 0,
					"children": [118, 119, 120, 121]
				},
				{
					"name": "group",
					"origin": [8, 8, 8],
					"color": 0,
					"children": [122, 123, 124, 125]
				},
				{
					"name": "group",
					"origin": [8, 8, 8],
					"color": 0,
					"children": [126, 127, 128, 129, 130, 131]
				},
				{
					"name": "group",
					"origin": [8, 8, 8],
					"color": 0,
					"children": [132, 133, 134, 135, 136, 137, 138]
				}
			]
		}
	]
}