{
	"credit": "Made by SkylaDev :3 https://skyla.dev/",
	"ambientocclusion": false,
	"textures": {
		"0": "block/rail",
		"particle": "block/rail"
	},
	"elements": [
		{
			"name": "left",
			"from": [2, 8, 0],
			"to": [4, 9, 16],
			"rotation": {"angle": -45, "axis": "x", "origin": [8, 9, 8], "rescale": true},
			"faces": {
				"north": {"uv": [4, 0, 2, 1], "texture": "#0"},
				"east": {"uv": [3, 0, 4, 16], "rotation": 90, "texture": "#0"},
				"south": {"uv": [2, 15, 4, 16], "texture": "#0"},
				"west": {"uv": [2, 0, 3, 16], "rotation": 270, "texture": "#0"},
				"up": {"uv": [2, 0, 4, 16], "texture": "#0"},
				"down": {"uv": [2, 16, 4, 0], "texture": "#0"}
			}
		},
		{
			"name": "right",
			"from": [12, 8, 0],
			"to": [14, 9, 16],
			"rotation": {"angle": -45, "axis": "x", "origin": [8, 9, 8], "rescale": true},
			"faces": {
				"north": {"uv": [14, 0, 12, 1], "texture": "#0"},
				"east": {"uv": [13, 0, 14, 16], "rotation": 90, "texture": "#0"},
				"south": {"uv": [12, 15, 14, 16], "texture": "#0"},
				"west": {"uv": [12, 0, 13, 16], "rotation": 270, "texture": "#0"},
				"up": {"uv": [12, 0, 14, 16], "texture": "#0"},
				"down": {"uv": [12, 16, 14, 0], "texture": "#0"}
			}
		},
		{
			"name": "1",
			"from": [1, 8, 1],
			"to": [15, 8.5, 3],
			"rotation": {"angle": -45, "axis": "x", "origin": [8, 9, 8], "rescale": true},
			"faces": {
				"north": {"uv": [15, 1, 1, 1.5], "texture": "#0"},
				"east": {"uv": [14.5, 1, 15, 3], "rotation": 90, "texture": "#0"},
				"south": {"uv": [1, 2.5, 15, 3], "texture": "#0"},
				"west": {"uv": [1, 3, 1.5, 1], "rotation": 90, "texture": "#0"},
				"up": {"uv": [1, 1, 15, 3], "texture": "#0"},
				"down": {"uv": [1, 3, 15, 1], "texture": "#0"}
			}
		},
		{
			"name": "2",
			"from": [1, 8, 5],
			"to": [15, 8.5, 7],
			"rotation": {"angle": -45, "axis": "x", "origin": [8, 9, 8], "rescale": true},
			"faces": {
				"north": {"uv": [15, 5, 1, 5.5], "texture": "#0"},
				"east": {"uv": [14.5, 5, 15, 7], "rotation": 90, "texture": "#0"},
				"south": {"uv": [1, 6.5, 15, 7], "texture": "#0"},
				"west": {"uv": [1, 7, 1.5, 5], "rotation": 90, "texture": "#0"},
				"up": {"uv": [1, 5, 15, 7], "texture": "#0"},
				"down": {"uv": [1, 7, 15, 5], "texture": "#0"}
			}
		},
		{
			"name": "3",
			"from": [1, 8, 9],
			"to": [15, 8.5, 11],
			"rotation": {"angle": -45, "axis": "x", "origin": [8, 9, 8], "rescale": true},
			"faces": {
				"north": {"uv": [15, 9, 1, 9.5], "texture": "#0"},
				"east": {"uv": [14.5, 9, 15, 11], "rotation": 90, "texture": "#0"},
				"south": {"uv": [1, 10.5, 15, 11], "texture": "#0"},
				"west": {"uv": [1, 11, 1.5, 9], "rotation": 90, "texture": "#0"},
				"up": {"uv": [1, 9, 15, 11], "texture": "#0"},
				"down": {"uv": [1, 11, 15, 9], "texture": "#0"}
			}
		},
		{
			"name": "4",
			"from": [1, 8, 13],
			"to": [15, 8.5, 15],
			"rotation": {"angle": -45, "axis": "x", "origin": [8, 9, 8], "rescale": true},
			"faces": {
				"north": {"uv": [15, 13, 1, 13.5], "texture": "#0"},
				"east": {"uv": [14.5, 13, 15, 15], "rotation": 90, "texture": "#0"},
				"south": {"uv": [1, 14.5, 15, 15], "texture": "#0"},
				"west": {"uv": [1, 15, 1.5, 13], "rotation": 90, "texture": "#0"},
				"up": {"uv": [1, 13, 15, 15], "texture": "#0"},
				"down": {"uv": [1, 15, 15, 13], "texture": "#0"}
			}
		}
	],
	"groups": [
		{
			"name": "rails",
			"origin": [8, 8, 8],
			"color": 0,
			"children": [0, 1]
		},
		{
			"name": "planks",
			"origin": [8, 8, 8],
			"color": 0,
			"children": [2, 3, 4, 5]
		}
	]
}