{
	"credit": "Made by SkylaDev :3 https://skyla.dev/",
	"ambientocclusion": false,
	"textures": {
		"0": "block/rail_corner",
		"particle": "block/rail_corner"
	},
	"elements": [
		{
			"from": [2, 0, 12],
			"to": [4, 1, 16],
			"faces": {
				"north": {"uv": [4, 12, 2, 13], "texture": "#0"},
				"east": {"uv": [3, 12, 4, 16], "rotation": 90, "texture": "#0"},
				"south": {"uv": [2, 15, 4, 16], "texture": "#0"},
				"west": {"uv": [2, 16, 3, 12], "rotation": 90, "texture": "#0"},
				"up": {"uv": [2, 12, 4, 16], "texture": "#0"},
				"down": {"uv": [2, 16, 4, 12], "texture": "#0"}
			}
		},
		{
			"from": [3, 0, 10],
			"to": [5, 1, 12],
			"faces": {
				"north": {"uv": [5, 10, 3, 11], "texture": "#0"},
				"east": {"uv": [4, 10, 5, 12], "rotation": 90, "texture": "#0"},
				"south": {"uv": [3, 11, 5, 12], "texture": "#0"},
				"west": {"uv": [3, 12, 4, 10], "rotation": 90, "texture": "#0"},
				"up": {"uv": [3, 10, 5, 12], "texture": "#0"},
				"down": {"uv": [3, 12, 5, 10], "texture": "#0"}
			}
		},
		{
			"from": [4, 0, 8],
			"to": [6, 1, 10],
			"faces": {
				"north": {"uv": [6, 8, 4, 9], "texture": "#0"},
				"east": {"uv": [5, 8, 6, 10], "rotation": 90, "texture": "#0"},
				"south": {"uv": [4, 9, 6, 10], "texture": "#0"},
				"west": {"uv": [4, 10, 5, 8], "rotation": 90, "texture": "#0"},
				"up": {"uv": [4, 8, 6, 10], "texture": "#0"},
				"down": {"uv": [4, 10, 6, 8], "texture": "#0"}
			}
		},
		{
			"from": [5, 0, 7],
			"to": [7, 1, 8],
			"faces": {
				"north": {"uv": [7, 7, 5, 8], "texture": "#0"},
				"east": {"uv": [6, 7, 7, 8], "rotation": 90, "texture": "#0"},
				"south": {"uv": [5, 7, 7, 8], "texture": "#0"},
				"west": {"uv": [5, 8, 6, 7], "rotation": 90, "texture": "#0"},
				"up": {"uv": [5, 7, 7, 8], "texture": "#0"},
				"down": {"uv": [5, 8, 7, 7], "texture": "#0"}
			}
		},
		{
			"from": [6, 0, 6],
			"to": [8, 1, 7],
			"faces": {
				"north": {"uv": [8, 6, 6, 7], "texture": "#0"},
				"east": {"uv": [7, 6, 8, 7], "rotation": 90, "texture": "#0"},
				"south": {"uv": [6, 6, 8, 7], "texture": "#0"},
				"west": {"uv": [6, 7, 7, 6], "rotation": 90, "texture": "#0"},
				"up": {"uv": [6, 6, 8, 7], "texture": "#0"},
				"down": {"uv": [6, 7, 8, 6], "texture": "#0"}
			}
		},
		{
			"from": [7, 0, 5],
			"to": [8, 1, 6],
			"faces": {
				"north": {"uv": [8, 5, 7, 6], "texture": "#0"},
				"west": {"uv": [7, 6, 8, 5], "rotation": 90, "texture": "#0"},
				"up": {"uv": [7, 5, 8, 6], "texture": "#0"},
				"down": {"uv": [7, 6, 8, 5], "texture": "#0"}
			}
		},
		{
			"from": [8, 0, 4],
			"to": [10, 1, 6],
			"faces": {
				"north": {"uv": [10, 4, 8, 5], "texture": "#0"},
				"east": {"uv": [9, 4, 10, 6], "rotation": 90, "texture": "#0"},
				"south": {"uv": [8, 5, 10, 6], "texture": "#0"},
				"west": {"uv": [8, 6, 9, 4], "rotation": 90, "texture": "#0"},
				"up": {"uv": [8, 4, 10, 6], "texture": "#0"},
				"down": {"uv": [8, 6, 10, 4], "texture": "#0"}
			}
		},
		{
			"from": [10, 0, 3],
			"to": [12, 1, 5],
			"faces": {
				"north": {"uv": [12, 3, 10, 4], "texture": "#0"},
				"east": {"uv": [11, 3, 12, 5], "rotation": 90, "texture": "#0"},
				"south": {"uv": [10, 4, 12, 5], "texture": "#0"},
				"west": {"uv": [10, 5, 11, 3], "rotation": 90, "texture": "#0"},
				"up": {"uv": [10, 3, 12, 5], "texture": "#0"},
				"down": {"uv": [10, 5, 12, 3], "texture": "#0"}
			}
		},
		{
			"from": [12, 0, 2],
			"to": [16, 1, 4],
			"faces": {
				"north": {"uv": [16, 2, 12, 3], "texture": "#0"},
				"east": {"uv": [15, 2, 16, 4], "rotation": 90, "texture": "#0"},
				"south": {"uv": [12, 3, 16, 4], "texture": "#0"},
				"west": {"uv": [12, 4, 13, 2], "rotation": 90, "texture": "#0"},
				"up": {"uv": [12, 2, 16, 4], "texture": "#0"},
				"down": {"uv": [12, 4, 16, 2], "texture": "#0"}
			}
		},
		{
			"from": [12, 0, 14],
			"to": [14, 1, 16],
			"faces": {
				"north": {"uv": [14, 14, 12, 15], "texture": "#0"},
				"east": {"uv": [13, 14, 14, 16], "rotation": 90, "texture": "#0"},
				"south": {"uv": [12, 15, 14, 16], "texture": "#0"},
				"west": {"uv": [13, 16, 12, 14], "rotation": 90, "texture": "#0"},
				"up": {"uv": [12, 14, 14, 16], "texture": "#0"},
				"down": {"uv": [12, 16, 14, 14], "texture": "#0"}
			}
		},
		{
			"from": [14, 0, 12],
			"to": [16, 1, 14],
			"faces": {
				"north": {"uv": [16, 12, 14, 13], "texture": "#0"},
				"east": {"uv": [15, 12, 16, 14], "rotation": 90, "texture": "#0"},
				"south": {"uv": [14, 13, 16, 14], "texture": "#0"},
				"west": {"uv": [15, 14, 14, 12], "rotation": 90, "texture": "#0"},
				"up": {"uv": [14, 12, 16, 14], "texture": "#0"},
				"down": {"uv": [14, 14, 16, 12], "texture": "#0"}
			}
		},
		{
			"from": [13, 0, 13],
			"to": [14, 1, 14],
			"faces": {
				"north": {"uv": [13, 13, 14, 14], "texture": "#0"},
				"west": {"uv": [13, 13, 14, 14], "rotation": 270, "texture": "#0"},
				"up": {"uv": [13, 13, 14, 14], "texture": "#0"},
				"down": {"uv": [13, 14, 14, 13], "texture": "#0"}
			}
		},
		{
			"from": [11, 0, 1],
			"to": [13, 0.5, 3],
			"faces": {
				"north": {"uv": [13, 1, 11, 1.5], "texture": "#0"},
				"east": {"uv": [13, 1, 12.5, 3], "rotation": 90, "texture": "#0"},
				"west": {"uv": [11, 3, 11.5, 1], "rotation": 90, "texture": "#0"},
				"up": {"uv": [11, 1, 13, 3], "texture": "#0"},
				"down": {"uv": [11, 3, 13, 1], "texture": "#0"}
			}
		},
		{
			"from": [12, 0, 4],
			"to": [14, 0.5, 7],
			"faces": {
				"east": {"uv": [14, 4, 13.5, 7], "rotation": 90, "texture": "#0"},
				"south": {"uv": [12, 7, 14, 6.5], "texture": "#0"},
				"west": {"uv": [12, 7, 12.5, 4], "rotation": 90, "texture": "#0"},
				"up": {"uv": [12, 4, 14, 7], "texture": "#0"},
				"down": {"uv": [12, 7, 14, 4], "texture": "#0"}
			}
		},
		{
			"from": [13, 0, 7],
			"to": [15, 0.5, 10],
			"faces": {
				"north": {"uv": [15, 7, 13, 7.5], "texture": "#0"},
				"east": {"uv": [15, 7, 14.5, 10], "rotation": 90, "texture": "#0"},
				"south": {"uv": [13, 10, 15, 9.5], "texture": "#0"},
				"west": {"uv": [13, 10, 13.5, 7], "rotation": 90, "texture": "#0"},
				"up": {"uv": [13, 7, 15, 10], "texture": "#0"},
				"down": {"uv": [13, 10, 15, 7], "texture": "#0"}
			}
		},
		{
			"from": [14, 0, 10],
			"to": [16, 0.5, 15],
			"faces": {
				"north": {"uv": [16, 10, 14, 10.5], "texture": "#0"},
				"east": {"uv": [16, 10, 15.5, 15], "rotation": 90, "texture": "#0"},
				"south": {"uv": [14, 15, 16, 14.5], "texture": "#0"},
				"west": {"uv": [14, 15, 14.5, 10], "rotation": 90, "texture": "#0"},
				"up": {"uv": [14, 10, 16, 15], "texture": "#0"},
				"down": {"uv": [14, 15, 16, 10], "texture": "#0"}
			}
		},
		{
			"from": [5, 0, 5],
			"to": [7, 0.5, 7],
			"faces": {
				"north": {"uv": [7, 5, 5, 5.5], "texture": "#0"},
				"west": {"uv": [5, 7, 5.5, 5], "rotation": 90, "texture": "#0"},
				"up": {"uv": [5, 5, 7, 7], "texture": "#0"},
				"down": {"uv": [5, 7, 7, 5], "texture": "#0"}
			}
		},
		{
			"from": [7, 0, 7],
			"to": [9, 0.5, 9],
			"faces": {
				"north": {"uv": [9, 7, 7, 7.5], "texture": "#0"},
				"east": {"uv": [9, 7, 8.5, 9], "rotation": 90, "texture": "#0"},
				"south": {"uv": [7, 9, 9, 8.5], "texture": "#0"},
				"west": {"uv": [7, 9, 7.5, 7], "rotation": 90, "texture": "#0"},
				"up": {"uv": [7, 7, 9, 9], "texture": "#0"},
				"down": {"uv": [7, 9, 9, 7], "texture": "#0"}
			}
		},
		{
			"from": [8, 0, 8],
			"to": [10, 0.5, 10],
			"faces": {
				"north": {"uv": [10, 8, 8, 8.5], "texture": "#0"},
				"east": {"uv": [10, 8, 9.5, 10], "rotation": 90, "texture": "#0"},
				"south": {"uv": [8, 10, 10, 9.5], "texture": "#0"},
				"west": {"uv": [8, 10, 8.5, 8], "rotation": 90, "texture": "#0"},
				"up": {"uv": [8, 8, 10, 10], "texture": "#0"},
				"down": {"uv": [8, 10, 10, 8], "texture": "#0"}
			}
		},
		{
			"from": [9, 0, 9],
			"to": [11, 0.5, 11],
			"faces": {
				"north": {"uv": [11, 9, 9, 9.5], "texture": "#0"},
				"east": {"uv": [11, 9, 10.5, 11], "rotation": 90, "texture": "#0"},
				"south": {"uv": [9, 11, 11, 10.5], "texture": "#0"},
				"west": {"uv": [9, 11, 9.5, 9], "rotation": 90, "texture": "#0"},
				"up": {"uv": [9, 9, 11, 11], "texture": "#0"},
				"down": {"uv": [9, 11, 11, 9], "texture": "#0"}
			}
		},
		{
			"from": [10, 0, 10],
			"to": [12, 0.5, 12],
			"faces": {
				"north": {"uv": [12, 10, 10, 10.5], "texture": "#0"},
				"east": {"uv": [12, 10, 11.5, 12], "rotation": 90, "texture": "#0"},
				"south": {"uv": [10, 12, 12, 11.5], "texture": "#0"},
				"west": {"uv": [10, 12, 10.5, 10], "rotation": 90, "texture": "#0"},
				"up": {"uv": [10, 10, 12, 12], "texture": "#0"},
				"down": {"uv": [10, 12, 12, 10], "texture": "#0"}
			}
		},
		{
			"from": [11, 0, 11],
			"to": [13, 0.5, 13],
			"faces": {
				"north": {"uv": [13, 11, 11, 11.5], "texture": "#0"},
				"east": {"uv": [13, 11, 12.5, 13], "rotation": 90, "texture": "#0"},
				"south": {"uv": [11, 13, 13, 12.5], "texture": "#0"},
				"west": {"uv": [11, 13, 11.5, 11], "rotation": 90, "texture": "#0"},
				"up": {"uv": [11, 11, 13, 13], "texture": "#0"},
				"down": {"uv": [11, 13, 13, 11], "texture": "#0"}
			}
		},
		{
			"from": [12, 0, 12],
			"to": [14, 0.5, 14],
			"faces": {
				"north": {"uv": [14, 12, 12, 12.5], "texture": "#0"},
				"east": {"uv": [14, 12, 13.5, 14], "rotation": 90, "texture": "#0"},
				"south": {"uv": [12, 14, 14, 13.5], "texture": "#0"},
				"west": {"uv": [12, 14, 12.5, 12], "rotation": 90, "texture": "#0"},
				"up": {"uv": [12, 12, 14, 14], "texture": "#0"},
				"down": {"uv": [12, 14, 14, 12], "texture": "#0"}
			}
		},
		{
			"from": [1, 0, 11],
			"to": [3, 0.5, 13],
			"faces": {
				"north": {"uv": [3, 11, 1, 11.5], "texture": "#0"},
				"south": {"uv": [1, 13, 3, 12.5], "texture": "#0"},
				"west": {"uv": [1, 13, 1.5, 11], "rotation": 90, "texture": "#0"},
				"up": {"uv": [1, 11, 3, 13], "texture": "#0"},
				"down": {"uv": [1, 13, 3, 11], "texture": "#0"}
			}
		},
		{
			"from": [4, 0, 12],
			"to": [7, 0.5, 14],
			"faces": {
				"north": {"uv": [7, 12, 4, 12.5], "texture": "#0"},
				"east": {"uv": [7, 12, 6.5, 14], "rotation": 90, "texture": "#0"},
				"south": {"uv": [4, 14, 7, 13.5], "texture": "#0"},
				"up": {"uv": [4, 12, 7, 14], "texture": "#0"},
				"down": {"uv": [4, 14, 7, 12], "texture": "#0"}
			}
		},
		{
			"from": [7, 0, 13],
			"to": [10, 0.5, 15],
			"faces": {
				"north": {"uv": [10, 13, 7, 13.5], "texture": "#0"},
				"east": {"uv": [10, 13, 9.5, 15], "rotation": 90, "texture": "#0"},
				"south": {"uv": [7, 15, 10, 14.5], "texture": "#0"},
				"west": {"uv": [7, 15, 7.5, 13], "rotation": 90, "texture": "#0"},
				"up": {"uv": [7, 13, 10, 15], "texture": "#0"},
				"down": {"uv": [7, 15, 10, 13], "texture": "#0"}
			}
		},
		{
			"from": [10, 0, 14],
			"to": [15, 0.5, 16],
			"faces": {
				"north": {"uv": [15, 14, 10, 14.5], "texture": "#0"},
				"east": {"uv": [15, 14, 14.5, 16], "rotation": 90, "texture": "#0"},
				"south": {"uv": [10, 16, 15, 15.5], "texture": "#0"},
				"west": {"uv": [10, 16, 10.5, 14], "rotation": 90, "texture": "#0"},
				"up": {"uv": [10, 14, 15, 16], "texture": "#0"},
				"down": {"uv": [10, 16, 15, 14], "texture": "#0"}
			}
		}
	],
	"groups": [
		{
			"name": "rails",
			"origin": [8, 8, 8],
			"color": 0,
			"children": [
				{
					"name": "left",
					"origin": [8, 8, 8],
					"color": 0,
					"children": [0, 1, 2, 3, 4, 5, 6, 7, 8]
				},
				{
					"name": "right",
					"origin": [0, 0, 0],
					"color": 0,
					"children": [9, 10, 11]
				}
			]
		},
		{
			"name": "planks",
			"origin": [8, 8, 8],
			"color": 0,
			"children": [
				{
					"name": "1",
					"origin": [8, 8, 8],
					"color": 0,
					"children": [12, 13, 14, 15]
				},
				{
					"name": "2",
					"origin": [8, 8, 8],
					"color": 0,
					"children": [16, 17, 18, 19, 20, 21, 22]
				},
				{
					"name": "3",
					"origin": [8, 8, 8],
					"color": 0,
					"children": [23, 24, 25, 26]
				}
			]
		}
	]
}