{
	"credit": "Made by SkylaDev :3 https://skyla.dev/",
	"textures": {
		"0": "block/redstone_ore",
		"particle": "block/redstone_ore"
	},
	"elements": [
		{
			"name": "base",
			"from": [0, 0, 0],
			"to": [16, 16, 16],
			"faces": {
				"north": {"uv": [0, 0, 16, 16], "texture": "#0"},
				"east": {"uv": [0, 0, 16, 16], "texture": "#0"},
				"south": {"uv": [0, 0, 16, 16], "texture": "#0"},
				"west": {"uv": [0, 0, 16, 16], "texture": "#0"},
				"up": {"uv": [0, 0, 16, 16], "texture": "#0"},
				"down": {"uv": [0, 0, 16, 16], "texture": "#0"}
			}
		},
		{
			"from": [2.005, 10.005, -0.4],
			"to": [3.995, 10.995, 0],
			"rotation": {"angle": 0, "axis": "y", "origin": [8, 8, 8]},
			"faces": {
				"north": {"uv": [12.005, 5.005, 13.995, 5.995], "texture": "#0"},
				"east": {"uv": [12, 5.005, 12.4, 5.995], "texture": "#0"},
				"west": {"uv": [13.6, 5.005, 14, 5.995], "texture": "#0"},
				"up": {"uv": [13.995, 5, 12.005, 5.4], "texture": "#0"},
				"down": {"uv": [13.995, 5.6, 12.005, 6], "texture": "#0"}
			}
		},
		{
			"from": [3.005, 3.005, -0.4],
			"to": [4.995, 3.995, 0],
			"rotation": {"angle": 0, "axis": "y", "origin": [8, 8, 8]},
			"faces": {
				"north": {"uv": [11.005, 12.005, 12.995, 12.995], "texture": "#0"},
				"east": {"uv": [11, 12.005, 11.4, 12.995], "texture": "#0"},
				"west": {"uv": [12.6, 12.005, 13, 12.995], "texture": "#0"},
				"up": {"uv": [12.995, 12, 11.005, 12.4], "texture": "#0"},
				"down": {"uv": [12.995, 12.6, 11.005, 13], "texture": "#0"}
			}
		},
		{
			"from": [13.005, 6.005, -0.4],
			"to": [14.995, 7.005, 0],
			"rotation": {"angle": 0, "axis": "y", "origin": [8, 8, 8]},
			"faces": {
				"north": {"uv": [1.005, 8.995, 2.995, 9.995], "texture": "#0"},
				"east": {"uv": [1, 8.995, 1.4, 9.995], "texture": "#0"},
				"west": {"uv": [2.6, 8.995, 3, 9.995], "texture": "#0"},
				"down": {"uv": [2.995, 9.6, 1.005, 10], "texture": "#0"}
			}
		},
		{
			"from": [12.005, 7.005, -0.4],
			"to": [14.995, 7.995, 0],
			"rotation": {"angle": 0, "axis": "y", "origin": [8, 8, 8]},
			"faces": {
				"north": {"uv": [1.005, 8.005, 3.995, 8.995], "texture": "#0"},
				"east": {"uv": [1, 8.005, 1.4, 8.995], "texture": "#0"},
				"west": {"uv": [3.6, 8.005, 4, 8.995], "texture": "#0"},
				"up": {"uv": [3.995, 8, 1.005, 8.4], "texture": "#0"},
				"down": {"uv": [3.995, 8.6, 1.005, 9], "texture": "#0"}
			}
		},
		{
			"from": [8.005, 3.005, -0.4],
			"to": [12.995, 3.995, 0],
			"rotation": {"angle": 0, "axis": "y", "origin": [8, 8, 8]},
			"faces": {
				"north": {"uv": [3.005, 12.005, 7.995, 12.995], "texture": "#0"},
				"east": {"uv": [3, 12.005, 3.4, 12.995], "texture": "#0"},
				"west": {"uv": [7.6, 12.005, 8, 12.995], "texture": "#0"},
				"up": {"uv": [7.995, 12, 3.005, 12.4], "texture": "#0"},
				"down": {"uv": [7.995, 12.6, 3.005, 13], "texture": "#0"}
			}
		},
		{
			"from": [10.005, 2.005, -0.4],
			"to": [11.995, 3.005, 0],
			"rotation": {"angle": 0, "axis": "y", "origin": [8, 8, 8]},
			"faces": {
				"north": {"uv": [4.005, 12.995, 5.995, 13.995], "texture": "#0"},
				"east": {"uv": [4, 12.995, 4.4, 13.995], "texture": "#0"},
				"west": {"uv": [5.6, 12.995, 6, 13.995], "texture": "#0"},
				"down": {"uv": [5.995, 13.6, 4.005, 14], "texture": "#0"}
			}
		},
		{
			"from": [1.005, 7.005, -0.4],
			"to": [6.995, 7.995, 0],
			"rotation": {"angle": 0, "axis": "y", "origin": [8, 8, 8]},
			"faces": {
				"north": {"uv": [9.005, 8.005, 14.995, 8.995], "texture": "#0"},
				"east": {"uv": [9, 8.005, 9.4, 8.995], "texture": "#0"},
				"west": {"uv": [14.6, 8.005, 15, 8.995], "texture": "#0"},
				"up": {"uv": [14.995, 8, 9.005, 8.4], "texture": "#0"},
				"down": {"uv": [14.995, 8.6, 9.005, 9], "texture": "#0"}
			}
		},
		{
			"from": [2.005, 6.005, -0.4],
			"to": [4.995, 7.005, 0],
			"rotation": {"angle": 0, "axis": "y", "origin": [8, 8, 8]},
			"faces": {
				"north": {"uv": [11.005, 8.995, 13.995, 9.995], "texture": "#0"},
				"east": {"uv": [11, 8.995, 11.4, 9.995], "texture": "#0"},
				"west": {"uv": [13.6, 8.995, 14, 9.995], "texture": "#0"},
				"down": {"uv": [13.995, 9.6, 11.005, 10], "texture": "#0"}
			}
		},
		{
			"from": [6.005, 11.005, -0.4],
			"to": [12.995, 11.995, 0],
			"rotation": {"angle": 0, "axis": "y", "origin": [8, 8, 8]},
			"faces": {
				"north": {"uv": [3.005, 4.005, 9.995, 4.995], "texture": "#0"},
				"east": {"uv": [3, 4.005, 3.4, 4.995], "texture": "#0"},
				"west": {"uv": [9.6, 4.005, 10, 4.995], "texture": "#0"},
				"up": {"uv": [9.995, 4, 3.005, 4.4], "texture": "#0"},
				"down": {"uv": [9.995, 4.6, 3.005, 5], "texture": "#0"}
			}
		},
		{
			"from": [8.005, 10.005, -0.4],
			"to": [11.995, 11.005, 0],
			"rotation": {"angle": 0, "axis": "y", "origin": [8, 8, 8]},
			"faces": {
				"north": {"uv": [4.005, 4.995, 7.995, 5.995], "texture": "#0"},
				"east": {"uv": [4, 4.995, 4.4, 5.995], "texture": "#0"},
				"west": {"uv": [7.6, 4.995, 8, 5.995], "texture": "#0"},
				"down": {"uv": [7.995, 5.6, 4.005, 6], "texture": "#0"}
			}
		},
		{
			"from": [8.005, 11.995, -0.4],
			"to": [10.995, 12.995, 0],
			"rotation": {"angle": 0, "axis": "y", "origin": [8, 8, 8]},
			"faces": {
				"north": {"uv": [5.005, 3.005, 7.995, 4.005], "texture": "#0"},
				"east": {"uv": [5, 3.005, 5.4, 4.005], "texture": "#0"},
				"west": {"uv": [7.6, 3.005, 8, 4.005], "texture": "#0"},
				"up": {"uv": [5.005, 3, 7.995, 3.4], "texture": "#0"}
			}
		},
		{
			"from": [16, 10.005, 2.005],
			"to": [16.4, 10.995, 3.995],
			"rotation": {"angle": 0, "axis": "y", "origin": [8, 8, 8]},
			"faces": {
				"north": {"uv": [13.6, 5.005, 14, 5.995], "texture": "#0"},
				"east": {"uv": [12.005, 5.005, 13.995, 5.995], "texture": "#0"},
				"south": {"uv": [12, 5.005, 12.4, 5.995], "texture": "#0"},
				"up": {"uv": [13.995, 5, 12.005, 5.4], "rotation": 90, "texture": "#0"},
				"down": {"uv": [13.995, 5.6, 12.005, 6], "rotation": 270, "texture": "#0"}
			}
		},
		{
			"from": [16, 3.005, 3.005],
			"to": [16.4, 3.995, 4.995],
			"rotation": {"angle": 0, "axis": "y", "origin": [8, 8, 8]},
			"faces": {
				"north": {"uv": [12.6, 12.005, 13, 12.995], "texture": "#0"},
				"east": {"uv": [11.005, 12.005, 12.995, 12.995], "texture": "#0"},
				"south": {"uv": [11, 12.005, 11.4, 12.995], "texture": "#0"},
				"up": {"uv": [12.995, 12, 11.005, 12.4], "rotation": 90, "texture": "#0"},
				"down": {"uv": [12.995, 12.6, 11.005, 13], "rotation": 270, "texture": "#0"}
			}
		},
		{
			"from": [16, 6.005, 13.005],
			"to": [16.4, 7.005, 14.995],
			"rotation": {"angle": 0, "axis": "y", "origin": [8, 8, 8]},
			"faces": {
				"north": {"uv": [2.6, 8.995, 3, 9.995], "texture": "#0"},
				"east": {"uv": [1.005, 8.995, 2.995, 9.995], "texture": "#0"},
				"south": {"uv": [1, 8.995, 1.4, 9.995], "texture": "#0"},
				"down": {"uv": [2.995, 9.6, 1.005, 10], "rotation": 270, "texture": "#0"}
			}
		},
		{
			"from": [16, 7.005, 12.005],
			"to": [16.4, 7.995, 14.995],
			"rotation": {"angle": 0, "axis": "y", "origin": [8, 8, 8]},
			"faces": {
				"north": {"uv": [3.6, 8.005, 4, 8.995], "texture": "#0"},
				"east": {"uv": [1.005, 8.005, 3.995, 8.995], "texture": "#0"},
				"south": {"uv": [1, 8.005, 1.4, 8.995], "texture": "#0"},
				"up": {"uv": [3.995, 8, 1.005, 8.4], "rotation": 90, "texture": "#0"},
				"down": {"uv": [3.995, 8.6, 1.005, 9], "rotation": 270, "texture": "#0"}
			}
		},
		{
			"from": [16, 3.005, 8.005],
			"to": [16.4, 3.995, 12.995],
			"rotation": {"angle": 0, "axis": "y", "origin": [8, 8, 8]},
			"faces": {
				"north": {"uv": [7.6, 12.005, 8, 12.995], "texture": "#0"},
				"east": {"uv": [3.005, 12.005, 7.995, 12.995], "texture": "#0"},
				"south": {"uv": [3, 12.005, 3.4, 12.995], "texture": "#0"},
				"up": {"uv": [7.995, 12, 3.005, 12.4], "rotation": 90, "texture": "#0"},
				"down": {"uv": [7.995, 12.6, 3.005, 13], "rotation": 270, "texture": "#0"}
			}
		},
		{
			"from": [16, 2.005, 10.005],
			"to": [16.4, 3.005, 11.995],
			"rotation": {"angle": 0, "axis": "y", "origin": [8, 8, 8]},
			"faces": {
				"north": {"uv": [5.6, 12.995, 6, 13.995], "texture": "#0"},
				"east": {"uv": [4.005, 12.995, 5.995, 13.995], "texture": "#0"},
				"south": {"uv": [4, 12.995, 4.4, 13.995], "texture": "#0"},
				"down": {"uv": [5.995, 13.6, 4.005, 14], "rotation": 270, "texture": "#0"}
			}
		},
		{
			"from": [16, 7.005, 1.005],
			"to": [16.4, 7.995, 6.995],
			"rotation": {"angle": 0, "axis": "y", "origin": [8, 8, 8]},
			"faces": {
				"north": {"uv": [14.6, 8.005, 15, 8.995], "texture": "#0"},
				"east": {"uv": [9.005, 8.005, 14.995, 8.995], "texture": "#0"},
				"south": {"uv": [9, 8.005, 9.4, 8.995], "texture": "#0"},
				"up": {"uv": [14.995, 8, 9.005, 8.4], "rotation": 90, "texture": "#0"},
				"down": {"uv": [14.995, 8.6, 9.005, 9], "rotation": 270, "texture": "#0"}
			}
		},
		{
			"from": [16, 6.005, 2.005],
			"to": [16.4, 7.005, 4.995],
			"rotation": {"angle": 0, "axis": "y", "origin": [8, 8, 8]},
			"faces": {
				"north": {"uv": [13.6, 8.995, 14, 9.995], "texture": "#0"},
				"east": {"uv": [11.005, 8.995, 13.995, 9.995], "texture": "#0"},
				"south": {"uv": [11, 8.995, 11.4, 9.995], "texture": "#0"},
				"down": {"uv": [13.995, 9.6, 11.005, 10], "rotation": 270, "texture": "#0"}
			}
		},
		{
			"from": [16, 11.005, 6.005],
			"to": [16.4, 11.995, 12.995],
			"rotation": {"angle": 0, "axis": "y", "origin": [8, 8, 8]},
			"faces": {
				"north": {"uv": [9.6, 4.005, 10, 4.995], "texture": "#0"},
				"east": {"uv": [3.005, 4.005, 9.995, 4.995], "texture": "#0"},
				"south": {"uv": [3, 4.005, 3.4, 4.995], "texture": "#0"},
				"up": {"uv": [9.995, 4, 3.005, 4.4], "rotation": 90, "texture": "#0"},
				"down": {"uv": [9.995, 4.6, 3.005, 5], "rotation": 270, "texture": "#0"}
			}
		},
		{
			"from": [16, 10.005, 8.005],
			"to": [16.4, 11.005, 11.995],
			"rotation": {"angle": 0, "axis": "y", "origin": [8, 8, 8]},
			"faces": {
				"north": {"uv": [7.6, 4.995, 8, 5.995], "texture": "#0"},
				"east": {"uv": [4.005, 4.995, 7.995, 5.995], "texture": "#0"},
				"south": {"uv": [4, 4.995, 4.4, 5.995], "texture": "#0"},
				"down": {"uv": [7.995, 5.6, 4.005, 6], "rotation": 270, "texture": "#0"}
			}
		},
		{
			"from": [16, 11.995, 8.005],
			"to": [16.4, 12.995, 10.995],
			"rotation": {"angle": 0, "axis": "y", "origin": [8, 8, 8]},
			"faces": {
				"north": {"uv": [7.6, 3.005, 8, 4.005], "texture": "#0"},
				"east": {"uv": [5.005, 3.005, 7.995, 4.005], "texture": "#0"},
				"south": {"uv": [5, 3.005, 5.4, 4.005], "texture": "#0"},
				"up": {"uv": [5.005, 3, 7.995, 3.4], "rotation": 90, "texture": "#0"}
			}
		},
		{
			"from": [12.005, 10.005, 16],
			"to": [13.995, 10.995, 16.4],
			"rotation": {"angle": 0, "axis": "y", "origin": [8, 8, 8]},
			"faces": {
				"east": {"uv": [13.6, 5.005, 14, 5.995], "texture": "#0"},
				"south": {"uv": [12.005, 5.005, 13.995, 5.995], "texture": "#0"},
				"west": {"uv": [12, 5.005, 12.4, 5.995], "texture": "#0"},
				"up": {"uv": [13.995, 5, 12.005, 5.4], "rotation": 180, "texture": "#0"},
				"down": {"uv": [13.995, 5.6, 12.005, 6], "rotation": 180, "texture": "#0"}
			}
		},
		{
			"from": [11.005, 3.005, 16],
			"to": [12.995, 3.995, 16.4],
			"rotation": {"angle": 0, "axis": "y", "origin": [8, 8, 8]},
			"faces": {
				"east": {"uv": [12.6, 12.005, 13, 12.995], "texture": "#0"},
				"south": {"uv": [11.005, 12.005, 12.995, 12.995], "texture": "#0"},
				"west": {"uv": [11, 12.005, 11.4, 12.995], "texture": "#0"},
				"up": {"uv": [12.995, 12, 11.005, 12.4], "rotation": 180, "texture": "#0"},
				"down": {"uv": [12.995, 12.6, 11.005, 13], "rotation": 180, "texture": "#0"}
			}
		},
		{
			"from": [1.005, 6.005, 16],
			"to": [2.995, 7.005, 16.4],
			"rotation": {"angle": 0, "axis": "y", "origin": [8, 8, 8]},
			"faces": {
				"east": {"uv": [2.6, 8.995, 3, 9.995], "texture": "#0"},
				"south": {"uv": [1.005, 8.995, 2.995, 9.995], "texture": "#0"},
				"west": {"uv": [1, 8.995, 1.4, 9.995], "texture": "#0"},
				"down": {"uv": [2.995, 9.6, 1.005, 10], "rotation": 180, "texture": "#0"}
			}
		},
		{
			"from": [1.005, 7.005, 16],
			"to": [3.995, 7.995, 16.4],
			"rotation": {"angle": 0, "axis": "y", "origin": [8, 8, 8]},
			"faces": {
				"east": {"uv": [3.6, 8.005, 4, 8.995], "texture": "#0"},
				"south": {"uv": [1.005, 8.005, 3.995, 8.995], "texture": "#0"},
				"west": {"uv": [1, 8.005, 1.4, 8.995], "texture": "#0"},
				"up": {"uv": [3.995, 8, 1.005, 8.4], "rotation": 180, "texture": "#0"},
				"down": {"uv": [3.995, 8.6, 1.005, 9], "rotation": 180, "texture": "#0"}
			}
		},
		{
			"from": [3.005, 3.005, 16],
			"to": [7.995, 3.995, 16.4],
			"rotation": {"angle": 0, "axis": "y", "origin": [8, 8, 8]},
			"faces": {
				"east": {"uv": [7.6, 12.005, 8, 12.995], "texture": "#0"},
				"south": {"uv": [3.005, 12.005, 7.995, 12.995], "texture": "#0"},
				"west": {"uv": [3, 12.005, 3.4, 12.995], "texture": "#0"},
				"up": {"uv": [7.995, 12, 3.005, 12.4], "rotation": 180, "texture": "#0"},
				"down": {"uv": [7.995, 12.6, 3.005, 13], "rotation": 180, "texture": "#0"}
			}
		},
		{
			"from": [4.005, 2.005, 16],
			"to": [5.995, 3.005, 16.4],
			"rotation": {"angle": 0, "axis": "y", "origin": [8, 8, 8]},
			"faces": {
				"east": {"uv": [5.6, 12.995, 6, 13.995], "texture": "#0"},
				"south": {"uv": [4.005, 12.995, 5.995, 13.995], "texture": "#0"},
				"west": {"uv": [4, 12.995, 4.4, 13.995], "texture": "#0"},
				"down": {"uv": [5.995, 13.6, 4.005, 14], "rotation": 180, "texture": "#0"}
			}
		},
		{
			"from": [9.005, 7.005, 16],
			"to": [14.995, 7.995, 16.4],
			"rotation": {"angle": 0, "axis": "y", "origin": [8, 8, 8]},
			"faces": {
				"east": {"uv": [14.6, 8.005, 15, 8.995], "texture": "#0"},
				"south": {"uv": [9.005, 8.005, 14.995, 8.995], "texture": "#0"},
				"west": {"uv": [9, 8.005, 9.4, 8.995], "texture": "#0"},
				"up": {"uv": [14.995, 8, 9.005, 8.4], "rotation": 180, "texture": "#0"},
				"down": {"uv": [14.995, 8.6, 9.005, 9], "rotation": 180, "texture": "#0"}
			}
		},
		{
			"from": [11.005, 6.005, 16],
			"to": [13.995, 7.005, 16.4],
			"rotation": {"angle": 0, "axis": "y", "origin": [8, 8, 8]},
			"faces": {
				"east": {"uv": [13.6, 8.995, 14, 9.995], "texture": "#0"},
				"south": {"uv": [11.005, 8.995, 13.995, 9.995], "texture": "#0"},
				"west": {"uv": [11, 8.995, 11.4, 9.995], "texture": "#0"},
				"down": {"uv": [13.995, 9.6, 11.005, 10], "rotation": 180, "texture": "#0"}
			}
		},
		{
			"from": [3.005, 11.005, 16],
			"to": [9.995, 11.995, 16.4],
			"rotation": {"angle": 0, "axis": "y", "origin": [8, 8, 8]},
			"faces": {
				"east": {"uv": [9.6, 4.005, 10, 4.995], "texture": "#0"},
				"south": {"uv": [3.005, 4.005, 9.995, 4.995], "texture": "#0"},
				"west": {"uv": [3, 4.005, 3.4, 4.995], "texture": "#0"},
				"up": {"uv": [9.995, 4, 3.005, 4.4], "rotation": 180, "texture": "#0"},
				"down": {"uv": [9.995, 4.6, 3.005, 5], "rotation": 180, "texture": "#0"}
			}
		},
		{
			"from": [4.005, 10.005, 16],
			"to": [7.995, 11.005, 16.4],
			"rotation": {"angle": 0, "axis": "y", "origin": [8, 8, 8]},
			"faces": {
				"east": {"uv": [7.6, 4.995, 8, 5.995], "texture": "#0"},
				"south": {"uv": [4.005, 4.995, 7.995, 5.995], "texture": "#0"},
				"west": {"uv": [4, 4.995, 4.4, 5.995], "texture": "#0"},
				"down": {"uv": [7.995, 5.6, 4.005, 6], "rotation": 180, "texture": "#0"}
			}
		},
		{
			"from": [5.005, 11.995, 16],
			"to": [7.995, 12.995, 16.4],
			"rotation": {"angle": 0, "axis": "y", "origin": [8, 8, 8]},
			"faces": {
				"east": {"uv": [7.6, 3.005, 8, 4.005], "texture": "#0"},
				"south": {"uv": [5.005, 3.005, 7.995, 4.005], "texture": "#0"},
				"west": {"uv": [5, 3.005, 5.4, 4.005], "texture": "#0"},
				"up": {"uv": [5.005, 3, 7.995, 3.4], "rotation": 180, "texture": "#0"}
			}
		},
		{
			"from": [-0.4, 10.005, 12.005],
			"to": [0, 10.995, 13.995],
			"rotation": {"angle": 0, "axis": "y", "origin": [8, 8, 8]},
			"faces": {
				"north": {"uv": [12, 5.005, 12.4, 5.995], "texture": "#0"},
				"south": {"uv": [13.6, 5.005, 14, 5.995], "texture": "#0"},
				"west": {"uv": [12.005, 5.005, 13.995, 5.995], "texture": "#0"},
				"up": {"uv": [13.995, 5, 12.005, 5.4], "rotation": 270, "texture": "#0"},
				"down": {"uv": [13.995, 5.6, 12.005, 6], "rotation": 90, "texture": "#0"}
			}
		},
		{
			"from": [-0.4, 3.005, 11.005],
			"to": [0, 3.995, 12.995],
			"rotation": {"angle": 0, "axis": "y", "origin": [8, 8, 8]},
			"faces": {
				"north": {"uv": [11, 12.005, 11.4, 12.995], "texture": "#0"},
				"south": {"uv": [12.6, 12.005, 13, 12.995], "texture": "#0"},
				"west": {"uv": [11.005, 12.005, 12.995, 12.995], "texture": "#0"},
				"up": {"uv": [12.995, 12, 11.005, 12.4], "rotation": 270, "texture": "#0"},
				"down": {"uv": [12.995, 12.6, 11.005, 13], "rotation": 90, "texture": "#0"}
			}
		},
		{
			"from": [-0.4, 6.005, 1.005],
			"to": [0, 7.005, 2.995],
			"rotation": {"angle": 0, "axis": "y", "origin": [8, 8, 8]},
			"faces": {
				"north": {"uv": [1, 8.995, 1.4, 9.995], "texture": "#0"},
				"south": {"uv": [2.6, 8.995, 3, 9.995], "texture": "#0"},
				"west": {"uv": [1.005, 8.995, 2.995, 9.995], "texture": "#0"},
				"down": {"uv": [2.995, 9.6, 1.005, 10], "rotation": 90, "texture": "#0"}
			}
		},
		{
			"from": [-0.4, 7.005, 1.005],
			"to": [0, 7.995, 3.995],
			"rotation": {"angle": 0, "axis": "y", "origin": [8, 8, 8]},
			"faces": {
				"north": {"uv": [1, 8.005, 1.4, 8.995], "texture": "#0"},
				"south": {"uv": [3.6, 8.005, 4, 8.995], "texture": "#0"},
				"west": {"uv": [1.005, 8.005, 3.995, 8.995], "texture": "#0"},
				"up": {"uv": [3.995, 8, 1.005, 8.4], "rotation": 270, "texture": "#0"},
				"down": {"uv": [3.995, 8.6, 1.005, 9], "rotation": 90, "texture": "#0"}
			}
		},
		{
			"from": [-0.4, 3.005, 3.005],
			"to": [0, 3.995, 7.995],
			"rotation": {"angle": 0, "axis": "y", "origin": [8, 8, 8]},
			"faces": {
				"north": {"uv": [3, 12.005, 3.4, 12.995], "texture": "#0"},
				"south": {"uv": [7.6, 12.005, 8, 12.995], "texture": "#0"},
				"west": {"uv": [3.005, 12.005, 7.995, 12.995], "texture": "#0"},
				"up": {"uv": [7.995, 12, 3.005, 12.4], "rotation": 270, "texture": "#0"},
				"down": {"uv": [7.995, 12.6, 3.005, 13], "rotation": 90, "texture": "#0"}
			}
		},
		{
			"from": [-0.4, 2.005, 4.005],
			"to": [0, 3.005, 5.995],
			"rotation": {"angle": 0, "axis": "y", "origin": [8, 8, 8]},
			"faces": {
				"north": {"uv": [4, 12.995, 4.4, 13.995], "texture": "#0"},
				"south": {"uv": [5.6, 12.995, 6, 13.995], "texture": "#0"},
				"west": {"uv": [4.005, 12.995, 5.995, 13.995], "texture": "#0"},
				"down": {"uv": [5.995, 13.6, 4.005, 14], "rotation": 90, "texture": "#0"}
			}
		},
		{
			"from": [-0.4, 7.005, 9.005],
			"to": [0, 7.995, 14.995],
			"rotation": {"angle": 0, "axis": "y", "origin": [8, 8, 8]},
			"faces": {
				"north": {"uv": [9, 8.005, 9.4, 8.995], "texture": "#0"},
				"south": {"uv": [14.6, 8.005, 15, 8.995], "texture": "#0"},
				"west": {"uv": [9.005, 8.005, 14.995, 8.995], "texture": "#0"},
				"up": {"uv": [14.995, 8, 9.005, 8.4], "rotation": 270, "texture": "#0"},
				"down": {"uv": [14.995, 8.6, 9.005, 9], "rotation": 90, "texture": "#0"}
			}
		},
		{
			"from": [-0.4, 6.005, 11.005],
			"to": [0, 7.005, 13.995],
			"rotation": {"angle": 0, "axis": "y", "origin": [8, 8, 8]},
			"faces": {
				"north": {"uv": [11, 8.995, 11.4, 9.995], "texture": "#0"},
				"south": {"uv": [13.6, 8.995, 14, 9.995], "texture": "#0"},
				"west": {"uv": [11.005, 8.995, 13.995, 9.995], "texture": "#0"},
				"down": {"uv": [13.995, 9.6, 11.005, 10], "rotation": 90, "texture": "#0"}
			}
		},
		{
			"from": [-0.4, 11.005, 3.005],
			"to": [0, 11.995, 9.995],
			"rotation": {"angle": 0, "axis": "y", "origin": [8, 8, 8]},
			"faces": {
				"north": {"uv": [3, 4.005, 3.4, 4.995], "texture": "#0"},
				"south": {"uv": [9.6, 4.005, 10, 4.995], "texture": "#0"},
				"west": {"uv": [3.005, 4.005, 9.995, 4.995], "texture": "#0"},
				"up": {"uv": [9.995, 4, 3.005, 4.4], "rotation": 270, "texture": "#0"},
				"down": {"uv": [9.995, 4.6, 3.005, 5], "rotation": 90, "texture": "#0"}
			}
		},
		{
			"from": [-0.4, 10.005, 4.005],
			"to": [0, 11.005, 7.995],
			"rotation": {"angle": 0, "axis": "y", "origin": [8, 8, 8]},
			"faces": {
				"north": {"uv": [4, 4.995, 4.4, 5.995], "texture": "#0"},
				"south": {"uv": [7.6, 4.995, 8, 5.995], "texture": "#0"},
				"west": {"uv": [4.005, 4.995, 7.995, 5.995], "texture": "#0"},
				"down": {"uv": [7.995, 5.6, 4.005, 6], "rotation": 90, "texture": "#0"}
			}
		},
		{
			"from": [-0.4, 11.995, 5.005],
			"to": [0, 12.995, 7.995],
			"rotation": {"angle": 0, "axis": "y", "origin": [8, 8, 8]},
			"faces": {
				"north": {"uv": [5, 3.005, 5.4, 4.005], "texture": "#0"},
				"south": {"uv": [7.6, 3.005, 8, 4.005], "texture": "#0"},
				"west": {"uv": [5.005, 3.005, 7.995, 4.005], "texture": "#0"},
				"up": {"uv": [5.005, 3, 7.995, 3.4], "rotation": 270, "texture": "#0"}
			}
		},
		{
			"from": [12.005, 16, 5.005],
			"to": [13.995, 16.4, 5.995],
			"rotation": {"angle": 0, "axis": "x", "origin": [8, 8, 8]},
			"faces": {
				"north": {"uv": [13.995, 5, 12.005, 5.4], "texture": "#0"},
				"east": {"uv": [13.6, 5.005, 14, 5.995], "rotation": 90, "texture": "#0"},
				"south": {"uv": [13.995, 5.6, 12.005, 6], "rotation": 180, "texture": "#0"},
				"west": {"uv": [12, 5.005, 12.4, 5.995], "rotation": 270, "texture": "#0"},
				"up": {"uv": [12.005, 5.005, 13.995, 5.995], "texture": "#0"}
			}
		},
		{
			"from": [11.005, 16, 12.005],
			"to": [12.995, 16.4, 12.995],
			"rotation": {"angle": 0, "axis": "x", "origin": [8, 8, 8]},
			"faces": {
				"north": {"uv": [12.995, 12, 11.005, 12.4], "texture": "#0"},
				"east": {"uv": [12.6, 12.005, 13, 12.995], "rotation": 90, "texture": "#0"},
				"south": {"uv": [12.995, 12.6, 11.005, 13], "rotation": 180, "texture": "#0"},
				"west": {"uv": [11, 12.005, 11.4, 12.995], "rotation": 270, "texture": "#0"},
				"up": {"uv": [11.005, 12.005, 12.995, 12.995], "texture": "#0"}
			}
		},
		{
			"from": [1.005, 16, 8.995],
			"to": [2.995, 16.4, 9.995],
			"rotation": {"angle": 0, "axis": "x", "origin": [8, 8, 8]},
			"faces": {
				"east": {"uv": [2.6, 8.995, 3, 9.995], "rotation": 90, "texture": "#0"},
				"south": {"uv": [2.995, 9.6, 1.005, 10], "rotation": 180, "texture": "#0"},
				"west": {"uv": [1, 8.995, 1.4, 9.995], "rotation": 270, "texture": "#0"},
				"up": {"uv": [1.005, 8.995, 2.995, 9.995], "texture": "#0"}
			}
		},
		{
			"from": [1.005, 16, 8.005],
			"to": [3.995, 16.4, 8.995],
			"rotation": {"angle": 0, "axis": "x", "origin": [8, 8, 8]},
			"faces": {
				"north": {"uv": [3.995, 8, 1.005, 8.4], "texture": "#0"},
				"east": {"uv": [3.6, 8.005, 4, 8.995], "rotation": 90, "texture": "#0"},
				"south": {"uv": [3.995, 8.6, 1.005, 9], "rotation": 180, "texture": "#0"},
				"west": {"uv": [1, 8.005, 1.4, 8.995], "rotation": 270, "texture": "#0"},
				"up": {"uv": [1.005, 8.005, 3.995, 8.995], "texture": "#0"}
			}
		},
		{
			"from": [3.005, 16, 12.005],
			"to": [7.995, 16.4, 12.995],
			"rotation": {"angle": 0, "axis": "x", "origin": [8, 8, 8]},
			"faces": {
				"north": {"uv": [7.995, 12, 3.005, 12.4], "texture": "#0"},
				"east": {"uv": [7.6, 12.005, 8, 12.995], "rotation": 90, "texture": "#0"},
				"south": {"uv": [7.995, 12.6, 3.005, 13], "rotation": 180, "texture": "#0"},
				"west": {"uv": [3, 12.005, 3.4, 12.995], "rotation": 270, "texture": "#0"},
				"up": {"uv": [3.005, 12.005, 7.995, 12.995], "texture": "#0"}
			}
		},
		{
			"from": [4.005, 16, 12.995],
			"to": [5.995, 16.4, 13.995],
			"rotation": {"angle": 0, "axis": "x", "origin": [8, 8, 8]},
			"faces": {
				"east": {"uv": [5.6, 12.995, 6, 13.995], "rotation": 90, "texture": "#0"},
				"south": {"uv": [5.995, 13.6, 4.005, 14], "rotation": 180, "texture": "#0"},
				"west": {"uv": [4, 12.995, 4.4, 13.995], "rotation": 270, "texture": "#0"},
				"up": {"uv": [4.005, 12.995, 5.995, 13.995], "texture": "#0"}
			}
		},
		{
			"from": [9.005, 16, 8.005],
			"to": [14.995, 16.4, 8.995],
			"rotation": {"angle": 0, "axis": "x", "origin": [8, 8, 8]},
			"faces": {
				"north": {"uv": [14.995, 8, 9.005, 8.4], "texture": "#0"},
				"east": {"uv": [14.6, 8.005, 15, 8.995], "rotation": 90, "texture": "#0"},
				"south": {"uv": [14.995, 8.6, 9.005, 9], "rotation": 180, "texture": "#0"},
				"west": {"uv": [9, 8.005, 9.4, 8.995], "rotation": 270, "texture": "#0"},
				"up": {"uv": [9.005, 8.005, 14.995, 8.995], "texture": "#0"}
			}
		},
		{
			"from": [11.005, 16, 8.995],
			"to": [13.995, 16.4, 9.995],
			"rotation": {"angle": 0, "axis": "x", "origin": [8, 8, 8]},
			"faces": {
				"east": {"uv": [13.6, 8.995, 14, 9.995], "rotation": 90, "texture": "#0"},
				"south": {"uv": [13.995, 9.6, 11.005, 10], "rotation": 180, "texture": "#0"},
				"west": {"uv": [11, 8.995, 11.4, 9.995], "rotation": 270, "texture": "#0"},
				"up": {"uv": [11.005, 8.995, 13.995, 9.995], "texture": "#0"}
			}
		},
		{
			"from": [3.005, 16, 4.005],
			"to": [9.995, 16.4, 4.995],
			"rotation": {"angle": 0, "axis": "x", "origin": [8, 8, 8]},
			"faces": {
				"north": {"uv": [9.995, 4, 3.005, 4.4], "texture": "#0"},
				"east": {"uv": [9.6, 4.005, 10, 4.995], "rotation": 90, "texture": "#0"},
				"south": {"uv": [9.995, 4.6, 3.005, 5], "rotation": 180, "texture": "#0"},
				"west": {"uv": [3, 4.005, 3.4, 4.995], "rotation": 270, "texture": "#0"},
				"up": {"uv": [3.005, 4.005, 9.995, 4.995], "texture": "#0"}
			}
		},
		{
			"from": [4.005, 16, 4.995],
			"to": [7.995, 16.4, 5.995],
			"rotation": {"angle": 0, "axis": "x", "origin": [8, 8, 8]},
			"faces": {
				"east": {"uv": [7.6, 4.995, 8, 5.995], "rotation": 90, "texture": "#0"},
				"south": {"uv": [7.995, 5.6, 4.005, 6], "rotation": 180, "texture": "#0"},
				"west": {"uv": [4, 4.995, 4.4, 5.995], "rotation": 270, "texture": "#0"},
				"up": {"uv": [4.005, 4.995, 7.995, 5.995], "texture": "#0"}
			}
		},
		{
			"from": [5.005, 16, 3.005],
			"to": [7.995, 16.4, 4.005],
			"rotation": {"angle": 0, "axis": "x", "origin": [8, 8, 8]},
			"faces": {
				"north": {"uv": [5.005, 3, 7.995, 3.4], "texture": "#0"},
				"east": {"uv": [7.6, 3.005, 8, 4.005], "rotation": 90, "texture": "#0"},
				"west": {"uv": [5, 3.005, 5.4, 4.005], "rotation": 270, "texture": "#0"},
				"up": {"uv": [5.005, 3.005, 7.995, 4.005], "texture": "#0"}
			}
		},
		{
			"from": [12.005, -0.4, 10.005],
			"to": [13.995, 0, 10.995],
			"rotation": {"angle": 0, "axis": "x", "origin": [8, 8, 8]},
			"faces": {
				"north": {"uv": [13.995, 5.6, 12.005, 6], "texture": "#0"},
				"east": {"uv": [13.6, 5.005, 14, 5.995], "rotation": 270, "texture": "#0"},
				"south": {"uv": [13.995, 5, 12.005, 5.4], "rotation": 180, "texture": "#0"},
				"west": {"uv": [12, 5.005, 12.4, 5.995], "rotation": 90, "texture": "#0"},
				"down": {"uv": [12.005, 5.005, 13.995, 5.995], "texture": "#0"}
			}
		},
		{
			"from": [11.005, -0.4, 3.005],
			"to": [12.995, 0, 3.995],
			"rotation": {"angle": 0, "axis": "x", "origin": [8, 8, 8]},
			"faces": {
				"north": {"uv": [12.995, 12.6, 11.005, 13], "texture": "#0"},
				"east": {"uv": [12.6, 12.005, 13, 12.995], "rotation": 270, "texture": "#0"},
				"south": {"uv": [12.995, 12, 11.005, 12.4], "rotation": 180, "texture": "#0"},
				"west": {"uv": [11, 12.005, 11.4, 12.995], "rotation": 90, "texture": "#0"},
				"down": {"uv": [11.005, 12.005, 12.995, 12.995], "texture": "#0"}
			}
		},
		{
			"from": [1.005, -0.4, 6.005],
			"to": [2.995, 0, 7.005],
			"rotation": {"angle": 0, "axis": "x", "origin": [8, 8, 8]},
			"faces": {
				"north": {"uv": [2.995, 9.6, 1.005, 10], "texture": "#0"},
				"east": {"uv": [2.6, 8.995, 3, 9.995], "rotation": 270, "texture": "#0"},
				"west": {"uv": [1, 8.995, 1.4, 9.995], "rotation": 90, "texture": "#0"},
				"down": {"uv": [1.005, 8.995, 2.995, 9.995], "texture": "#0"}
			}
		},
		{
			"from": [1.005, -0.4, 7.005],
			"to": [3.995, 0, 7.995],
			"rotation": {"angle": 0, "axis": "x", "origin": [8, 8, 8]},
			"faces": {
				"north": {"uv": [3.995, 8.6, 1.005, 9], "texture": "#0"},
				"east": {"uv": [3.6, 8.005, 4, 8.995], "rotation": 270, "texture": "#0"},
				"south": {"uv": [3.995, 8, 1.005, 8.4], "rotation": 180, "texture": "#0"},
				"west": {"uv": [1, 8.005, 1.4, 8.995], "rotation": 90, "texture": "#0"},
				"down": {"uv": [1.005, 8.005, 3.995, 8.995], "texture": "#0"}
			}
		},
		{
			"from": [3.005, -0.4, 3.005],
			"to": [7.995, 0, 3.995],
			"rotation": {"angle": 0, "axis": "x", "origin": [8, 8, 8]},
			"faces": {
				"north": {"uv": [7.995, 12.6, 3.005, 13], "texture": "#0"},
				"east": {"uv": [7.6, 12.005, 8, 12.995], "rotation": 270, "texture": "#0"},
				"south": {"uv": [7.995, 12, 3.005, 12.4], "rotation": 180, "texture": "#0"},
				"west": {"uv": [3, 12.005, 3.4, 12.995], "rotation": 90, "texture": "#0"},
				"down": {"uv": [3.005, 12.005, 7.995, 12.995], "texture": "#0"}
			}
		},
		{
			"from": [4.005, -0.4, 2.005],
			"to": [5.995, 0, 3.005],
			"rotation": {"angle": 0, "axis": "x", "origin": [8, 8, 8]},
			"faces": {
				"north": {"uv": [5.995, 13.6, 4.005, 14], "texture": "#0"},
				"east": {"uv": [5.6, 12.995, 6, 13.995], "rotation": 270, "texture": "#0"},
				"west": {"uv": [4, 12.995, 4.4, 13.995], "rotation": 90, "texture": "#0"},
				"down": {"uv": [4.005, 12.995, 5.995, 13.995], "texture": "#0"}
			}
		},
		{
			"from": [9.005, -0.4, 7.005],
			"to": [14.995, 0, 7.995],
			"rotation": {"angle": 0, "axis": "x", "origin": [8, 8, 8]},
			"faces": {
				"north": {"uv": [14.995, 8.6, 9.005, 9], "texture": "#0"},
				"east": {"uv": [14.6, 8.005, 15, 8.995], "rotation": 270, "texture": "#0"},
				"south": {"uv": [14.995, 8, 9.005, 8.4], "rotation": 180, "texture": "#0"},
				"west": {"uv": [9, 8.005, 9.4, 8.995], "rotation": 90, "texture": "#0"},
				"down": {"uv": [9.005, 8.005, 14.995, 8.995], "texture": "#0"}
			}
		},
		{
			"from": [11.005, -0.4, 6.005],
			"to": [13.995, 0, 7.005],
			"rotation": {"angle": 0, "axis": "x", "origin": [8, 8, 8]},
			"faces": {
				"north": {"uv": [13.995, 9.6, 11.005, 10], "texture": "#0"},
				"east": {"uv": [13.6, 8.995, 14, 9.995], "rotation": 270, "texture": "#0"},
				"west": {"uv": [11, 8.995, 11.4, 9.995], "rotation": 90, "texture": "#0"},
				"down": {"uv": [11.005, 8.995, 13.995, 9.995], "texture": "#0"}
			}
		},
		{
			"from": [3.005, -0.4, 11.005],
			"to": [9.995, 0, 11.995],
			"rotation": {"angle": 0, "axis": "x", "origin": [8, 8, 8]},
			"faces": {
				"north": {"uv": [9.995, 4.6, 3.005, 5], "texture": "#0"},
				"east": {"uv": [9.6, 4.005, 10, 4.995], "rotation": 270, "texture": "#0"},
				"south": {"uv": [9.995, 4, 3.005, 4.4], "rotation": 180, "texture": "#0"},
				"west": {"uv": [3, 4.005, 3.4, 4.995], "rotation": 90, "texture": "#0"},
				"down": {"uv": [3.005, 4.005, 9.995, 4.995], "texture": "#0"}
			}
		},
		{
			"from": [4.005, -0.4, 10.005],
			"to": [7.995, 0, 11.005],
			"rotation": {"angle": 0, "axis": "x", "origin": [8, 8, 8]},
			"faces": {
				"north": {"uv": [7.995, 5.6, 4.005, 6], "texture": "#0"},
				"east": {"uv": [7.6, 4.995, 8, 5.995], "rotation": 270, "texture": "#0"},
				"west": {"uv": [4, 4.995, 4.4, 5.995], "rotation": 90, "texture": "#0"},
				"down": {"uv": [4.005, 4.995, 7.995, 5.995], "texture": "#0"}
			}
		},
		{
			"from": [5.005, -0.4, 11.995],
			"to": [7.995, 0, 12.995],
			"rotation": {"angle": 0, "axis": "x", "origin": [8, 8, 8]},
			"faces": {
				"east": {"uv": [7.6, 3.005, 8, 4.005], "rotation": 270, "texture": "#0"},
				"south": {"uv": [5.005, 3, 7.995, 3.4], "rotation": 180, "texture": "#0"},
				"west": {"uv": [5, 3.005, 5.4, 4.005], "rotation": 90, "texture": "#0"},
				"down": {"uv": [5.005, 3.005, 7.995, 4.005], "texture": "#0"}
			}
		}
	],
	"display": {
		"thirdperson_righthand": {
			"rotation": [75, 45, 0],
			"translation": [0, 2.5, 0],
			"scale": [0.375, 0.375, 0.375]
		},
		"thirdperson_lefthand": {
			"rotation": [75, 45, 0],
			"translation": [0, 2.5, 0],
			"scale": [0.375, 0.375, 0.375]
		},
		"firstperson_righthand": {
			"rotation": [0, 45, 0],
			"scale": [0.4, 0.4, 0.4]
		},
		"firstperson_lefthand": {
			"rotation": [0, 225, 0],
			"scale": [0.4, 0.4, 0.4]
		},
		"ground": {
			"translation": [0, 3, 0],
			"scale": [0.25, 0.25, 0.25]
		},
		"gui": {
			"rotation": [30, 225, 0],
			"scale": [0.625, 0.625, 0.625]
		},
		"fixed": {
			"scale": [0.5, 0.5, 0.5]
		}
	},
	"groups": [
		0,
		{
			"name": "N",
			"origin": [8, 8, 8],
			"color": 0,
			"children": [
				1,
				2,
				{
					"name": "group",
					"origin": [8, 8, 8],
					"color": 0,
					"children": [3, 4]
				},
				{
					"name": "group",
					"origin": [8, 8, 8],
					"color": 0,
					"children": [5, 6]
				},
				{
					"name": "group",
					"origin": [8, 8, 8],
					"color": 0,
					"children": [7, 8]
				},
				{
					"name": "group",
					"origin": [8, 8, 8],
					"color": 0,
					"children": [9, 10, 11]
				}
			]
		},
		{
			"name": "E",
			"origin": [8, 8, 8],
			"color": 0,
			"children": [
				12,
				13,
				{
					"name": "group",
					"origin": [8, 8, 8],
					"color": 0,
					"children": [14, 15]
				},
				{
					"name": "group",
					"origin": [8, 8, 8],
					"color": 0,
					"children": [16, 17]
				},
				{
					"name": "group",
					"origin": [8, 8, 8],
					"color": 0,
					"children": [18, 19]
				},
				{
					"name": "group",
					"origin": [8, 8, 8],
					"color": 0,
					"children": [20, 21, 22]
				}
			]
		},
		{
			"name": "S",
			"origin": [8, 8, 8],
			"color": 0,
			"children": [
				23,
				24,
				{
					"name": "group",
					"origin": [8, 8, 8],
					"color": 0,
					"children": [25, 26]
				},
				{
					"name": "group",
					"origin": [8, 8, 8],
					"color": 0,
					"children": [27, 28]
				},
				{
					"name": "group",
					"origin": [8, 8, 8],
					"color": 0,
					"children": [29, 30]
				},
				{
					"name": "group",
					"origin": [8, 8, 8],
					"color": 0,
					"children": [31, 32, 33]
				}
			]
		},
		{
			"name": "W",
			"origin": [8, 8, 8],
			"color": 0,
			"children": [
				34,
				35,
				{
					"name": "group",
					"origin": [8, 8, 8],
					"color": 0,
					"children": [36, 37]
				},
				{
					"name": "group",
					"origin": [8, 8, 8],
					"color": 0,
					"children": [38, 39]
				},
				{
					"name": "group",
					"origin": [8, 8, 8],
					"color": 0,
					"children": [40, 41]
				},
				{
					"name": "group",
					"origin": [8, 8, 8],
					"color": 0,
					"children": [42, 43, 44]
				}
			]
		},
		{
			"name": "U",
			"origin": [8, 8, 8],
			"color": 0,
			"children": [
				45,
				46,
				{
					"name": "group",
					"origin": [8, 8, 8],
					"color": 0,
					"children": [47, 48]
				},
				{
					"name": "group",
					"origin": [8, 8, 8],
					"color": 0,
					"children": [49, 50]
				},
				{
					"name": "group",
					"origin": [8, 8, 8],
					"color": 0,
					"children": [51, 52]
				},
				{
					"name": "group",
					"origin": [8, 8, 8],
					"color": 0,
					"children": [53, 54, 55]
				}
			]
		},
		{
			"name": "D",
			"origin": [8, 8, 8],
			"color": 0,
			"children": [
				56,
				57,
				{
					"name": "group",
					"origin": [8, 8, 8],
					"color": 0,
					"children": [58, 59]
				},
				{
					"name": "group",
					"origin": [8, 8, 8],
					"color": 0,
					"children": [60, 61]
				},
				{
					"name": "group",
					"origin": [8, 8, 8],
					"color": 0,
					"children": [62, 63]
				},
				{
					"name": "group",
					"origin": [8, 8, 8],
					"color": 0,
					"children": [64, 65, 66]
				}
			]
		}
	]
}