{
	"credit": "Made by SkylaDev :3 https://skyla.dev/",
	"textures": {
		"0": "block/stonecutter_saw",
		"1": "block/stonecutter_bottom",
		"2": "block/stonecutter_top",
		"3": "block/stonecutter_side",
		"particle": "block/stonecutter_side"
	},
	"elements": [
		{
			"name": "floor",
			"from": [0, 0, 0],
			"to": [16, 1, 16],
			"faces": {
				"north": {"uv": [0, 15, 16, 16], "texture": "#3"},
				"east": {"uv": [0, 15, 16, 16], "texture": "#3"},
				"south": {"uv": [0, 15, 16, 16], "texture": "#3"},
				"west": {"uv": [0, 15, 16, 16], "texture": "#3"},
				"up": {"uv": [0, 0, 16, 16], "texture": "#2"},
				"down": {"uv": [0, 0, 16, 16], "texture": "#1"}
			}
		},
		{
			"name": "base",
			"from": [0.5, 1, 0.5],
			"to": [15.5, 8.5, 15.5],
			"faces": {
				"north": {"uv": [0.5, 7.5, 15.5, 15], "texture": "#3"},
				"east": {"uv": [0.5, 7.5, 15.5, 15], "texture": "#3"},
				"south": {"uv": [0.5, 7.5, 15.5, 15], "texture": "#3"},
				"west": {"uv": [0.5, 7.5, 15.5, 15], "texture": "#3"},
				"up": {"uv": [0.5, 0.5, 15.5, 15.5], "texture": "#2"}
			}
		},
		{
			"name": "beam1",
			"from": [0, 1, 0],
			"to": [3, 9, 3],
			"faces": {
				"north": {"uv": [13, 7, 16, 15], "texture": "#3"},
				"east": {"uv": [13, 7, 16, 15], "texture": "#3"},
				"south": {"uv": [0, 7, 3, 15], "texture": "#3"},
				"west": {"uv": [0, 7, 3, 15], "texture": "#3"},
				"up": {"uv": [0, 0, 3, 3], "texture": "#2"}
			}
		},
		{
			"name": "beam2",
			"from": [13, 1, 0],
			"to": [16, 9, 3],
			"faces": {
				"north": {"uv": [0, 7, 3, 15], "texture": "#3"},
				"east": {"uv": [13, 7, 16, 15], "texture": "#3"},
				"south": {"uv": [13, 7, 16, 15], "texture": "#3"},
				"west": {"uv": [0, 7, 3, 15], "texture": "#3"},
				"up": {"uv": [13, 0, 16, 3], "texture": "#2"}
			}
		},
		{
			"name": "beam3",
			"from": [13, 1, 13],
			"to": [16, 9, 16],
			"faces": {
				"north": {"uv": [0, 7, 3, 15], "texture": "#3"},
				"east": {"uv": [0, 7, 3, 15], "texture": "#3"},
				"south": {"uv": [13, 7, 16, 15], "texture": "#3"},
				"west": {"uv": [13, 7, 16, 15], "texture": "#3"},
				"up": {"uv": [13, 13, 16, 16], "texture": "#2"}
			}
		},
		{
			"name": "beam4",
			"from": [0, 1, 13],
			"to": [3, 9, 16],
			"faces": {
				"north": {"uv": [13, 7, 16, 15], "texture": "#3"},
				"east": {"uv": [0, 7, 3, 15], "texture": "#3"},
				"south": {"uv": [0, 7, 3, 15], "texture": "#3"},
				"west": {"uv": [13, 7, 16, 15], "texture": "#3"},
				"up": {"uv": [0, 13, 3, 16], "texture": "#2"}
			}
		},
		{
			"name": "side1",
			"from": [3, 5, 0.2],
			"to": [13, 7, 0.5],
			"rotation": {"angle": 0, "axis": "y", "origin": [8, 0, 8]},
			"faces": {
				"north": {"uv": [3, 9, 13, 11], "texture": "#3"},
				"up": {"uv": [13, 9, 3, 9.3], "texture": "#3"},
				"down": {"uv": [13, 10.7, 3, 11], "texture": "#3"}
			}
		},
		{
			"name": "side2",
			"from": [15.5, 5, 3],
			"to": [15.8, 7, 13],
			"rotation": {"angle": 0, "axis": "y", "origin": [8, 0, 8]},
			"faces": {
				"east": {"uv": [3, 9, 13, 11], "texture": "#3"},
				"up": {"uv": [13, 9, 3, 9.3], "rotation": 90, "texture": "#3"},
				"down": {"uv": [13, 10.7, 3, 11], "rotation": 270, "texture": "#3"}
			}
		},
		{
			"name": "side3",
			"from": [3, 5, 15.5],
			"to": [13, 7, 15.8],
			"rotation": {"angle": 0, "axis": "y", "origin": [8, 0, 8]},
			"faces": {
				"south": {"uv": [3, 9, 13, 11], "texture": "#3"},
				"up": {"uv": [13, 9, 3, 9.3], "rotation": 180, "texture": "#3"},
				"down": {"uv": [13, 10.7, 3, 11], "rotation": 180, "texture": "#3"}
			}
		},
		{
			"name": "side4",
			"from": [0.2, 5, 3],
			"to": [0.5, 7, 13],
			"rotation": {"angle": 0, "axis": "y", "origin": [8, 0, 8]},
			"faces": {
				"west": {"uv": [3, 9, 13, 11], "texture": "#3"},
				"up": {"uv": [13, 9, 3, 9.3], "rotation": 270, "texture": "#3"},
				"down": {"uv": [13, 10.7, 3, 11], "rotation": 90, "texture": "#3"}
			}
		},
		{
			"from": [1, 8.5, 7.9],
			"to": [15, 11.5, 8.1],
			"faces": {
				"north": {"uv": [1, 13, 15, 16], "texture": "#0"},
				"east": {"uv": [1, 13, 1.2, 16], "texture": "#0"},
				"south": {"uv": [15, 13, 1, 16], "texture": "#0"},
				"west": {"uv": [14.8, 13, 15, 16], "texture": "#0"},
				"up": {"uv": [15, 13, 1, 13.2], "texture": "#0"}
			}
		},
		{
			"from": [2, 11.5, 7.9],
			"to": [14, 13.5, 8.1],
			"faces": {
				"north": {"uv": [2, 11, 14, 13], "texture": "#0"},
				"east": {"uv": [2, 11, 2.2, 13], "texture": "#0"},
				"south": {"uv": [14, 11, 2, 13], "texture": "#0"},
				"west": {"uv": [13.8, 11, 14, 13], "texture": "#0"},
				"up": {"uv": [14, 11, 2, 11.2], "texture": "#0"}
			}
		},
		{
			"from": [3, 13.5, 7.9],
			"to": [13, 14.5, 8.1],
			"faces": {
				"north": {"uv": [3, 10, 13, 11], "texture": "#0"},
				"east": {"uv": [3, 10, 3.2, 11], "texture": "#0"},
				"south": {"uv": [13, 10, 3, 11], "texture": "#0"},
				"west": {"uv": [12.8, 10, 13, 11], "texture": "#0"},
				"up": {"uv": [13, 10, 3, 10.2], "texture": "#0"}
			}
		},
		{
			"from": [5, 14.5, 7.9],
			"to": [11, 15.5, 8.1],
			"faces": {
				"north": {"uv": [5, 9, 11, 10], "texture": "#0"},
				"east": {"uv": [5, 9, 5.2, 10], "texture": "#0"},
				"south": {"uv": [11, 9, 5, 10], "texture": "#0"},
				"west": {"uv": [10.8, 9, 11, 10], "texture": "#0"},
				"up": {"uv": [11, 9, 5, 9.2], "texture": "#0"}
			}
		}
	],
	"display": {
		"thirdperson_righthand": {
			"rotation": [75, 45, 0],
			"translation": [0, 2.5, 0],
			"scale": [0.375, 0.375, 0.375]
		},
		"thirdperson_lefthand": {
			"rotation": [75, 45, 0],
			"translation": [0, 2.5, 0],
			"scale": [0.375, 0.375, 0.375]
		},
		"firstperson_righthand": {
			"rotation": [0, 45, 0],
			"scale": [0.4, 0.4, 0.4]
		},
		"firstperson_lefthand": {
			"rotation": [0, 225, 0],
			"scale": [0.4, 0.4, 0.4]
		},
		"ground": {
			"translation": [0, 3, 0],
			"scale": [0.25, 0.25, 0.25]
		},
		"gui": {
			"rotation": [30, 225, 0],
			"scale": [0.625, 0.625, 0.625]
		},
		"fixed": {
			"scale": [0.5, 0.5, 0.5]
		}
	},
	"groups": [
		{
			"name": "base",
			"origin": [0, 0, 0],
			"color": 0,
			"children": [0, 1]
		},
		{
			"name": "supports",
			"origin": [8, 8, 8],
			"color": 0,
			"children": [2, 3, 4, 5, 6, 7, 8, 9]
		},
		{
			"name": "blade",
			"origin": [8, 8, 8],
			"color": 0,
			"children": [10, 11, 12, 13]
		}
	]
}