{
	"credit": "Made by SkylaDev :3 https://skyla.dev/",
	"textures": {
		"1": "#planks",
		"particle": "#planks"
	},
	"elements": [
		{
			"from": [0, 0, 0],
			"to": [16, 8, 16],
			"faces": {
				"north": {"uv": [0, 8, 16, 16], "texture": "#1"},
				"east": {"uv": [0, 8, 16, 16], "texture": "#1"},
				"south": {"uv": [0, 8, 16, 16], "texture": "#1"},
				"west": {"uv": [0, 8, 16, 16], "texture": "#1"},
				"up": {"uv": [0, 0, 16, 16], "texture": "#1"},
				"down": {"uv": [0, 0, 16, 16], "texture": "#1"}
			}
		},
		{
			"from": [0, 8, 8],
			"to": [8, 16, 16],
			"faces": {
				"north": {"uv": [8, 0, 16, 8], "texture": "#1"},
				"east": {"uv": [0, 0, 8, 8], "texture": "#1"},
				"south": {"uv": [0, 0, 8, 8], "texture": "#1"},
				"west": {"uv": [8, 0, 16, 8], "texture": "#1"},
				"up": {"uv": [0, 8, 8, 16], "texture": "#1"}
			}
		},
		{
			"from": [0.005, 1.005, -0.4],
			"to": [7.995, 3.995, 0],
			"rotation": {"angle": 0, "axis": "y", "origin": [8, 8, 8]},
			"faces": {
				"north": {"uv": [8.005, 12.005, 15.995, 14.995], "texture": "#1"},
				"east": {"uv": [8, 12.005, 8.4, 14.995], "texture": "#1"},
				"west": {"uv": [15.6, 12.005, 16, 14.995], "texture": "#1"},
				"up": {"uv": [15.995, 12, 8.005, 12.4], "texture": "#1"},
				"down": {"uv": [15.995, 14.6, 8.005, 15], "texture": "#1"}
			}
		},
		{
			"from": [9.005, 1.005, -0.4],
			"to": [15.995, 3.995, 0],
			"rotation": {"angle": 0, "axis": "y", "origin": [8, 8, 8]},
			"faces": {
				"north": {"uv": [0.005, 12.005, 6.995, 14.995], "texture": "#1"},
				"east": {"uv": [0, 12.005, 0.4, 14.995], "texture": "#1"},
				"west": {"uv": [6.6, 12.005, 7, 14.995], "texture": "#1"},
				"up": {"uv": [6.995, 12, 0.005, 12.4], "texture": "#1"},
				"down": {"uv": [6.995, 14.6, 0.005, 15], "texture": "#1"}
			}
		},
		{
			"from": [1.005, 5.005, -0.4],
			"to": [15.995, 7.995, 0],
			"rotation": {"angle": 0, "axis": "y", "origin": [8, 8, 8]},
			"faces": {
				"north": {"uv": [0.005, 8.005, 14.995, 10.995], "texture": "#1"},
				"east": {"uv": [0, 8.005, 0.4, 10.995], "texture": "#1"},
				"west": {"uv": [14.6, 8.005, 15, 10.995], "texture": "#1"},
				"up": {"uv": [14.995, 8, 0.005, 8.4], "texture": "#1"},
				"down": {"uv": [14.995, 10.6, 0.005, 11], "texture": "#1"}
			}
		},
		{
			"from": [0.005, 9.005, 7.6],
			"to": [7.995, 11.995, 8],
			"rotation": {"angle": 0, "axis": "y", "origin": [8, 8, 8]},
			"faces": {
				"north": {"uv": [8.005, 4.005, 15.995, 6.995], "texture": "#1"},
				"east": {"uv": [8, 4.005, 8.4, 6.995], "texture": "#1"},
				"west": {"uv": [15.6, 4.005, 16, 6.995], "texture": "#1"},
				"up": {"uv": [15.995, 4, 8.005, 4.4], "texture": "#1"},
				"down": {"uv": [15.995, 6.6, 8.005, 7], "texture": "#1"}
			}
		},
		{
			"from": [1.005, 13.005, 7.6],
			"to": [7.995, 15.995, 8],
			"rotation": {"angle": 0, "axis": "y", "origin": [8, 8, 8]},
			"faces": {
				"north": {"uv": [8.005, 0.005, 14.995, 2.995], "texture": "#1"},
				"east": {"uv": [8, 0.005, 8.4, 2.995], "texture": "#1"},
				"west": {"uv": [14.6, 0.005, 15, 2.995], "texture": "#1"},
				"up": {"uv": [14.995, 0, 8.005, 0.4], "texture": "#1"},
				"down": {"uv": [14.995, 2.6, 8.005, 3], "texture": "#1"}
			}
		},
		{
			"from": [16, 1.005, 0.005],
			"to": [16.4, 3.995, 7.995],
			"rotation": {"angle": 0, "axis": "y", "origin": [8, 8, 8]},
			"faces": {
				"north": {"uv": [15.6, 12.005, 16, 14.995], "texture": "#1"},
				"east": {"uv": [8.005, 12.005, 15.995, 14.995], "texture": "#1"},
				"south": {"uv": [8, 12.005, 8.4, 14.995], "texture": "#1"},
				"up": {"uv": [15.995, 12, 8.005, 12.4], "rotation": 90, "texture": "#1"},
				"down": {"uv": [15.995, 14.6, 8.005, 15], "rotation": 270, "texture": "#1"}
			}
		},
		{
			"from": [16, 1.005, 9.005],
			"to": [16.4, 3.995, 15.995],
			"rotation": {"angle": 0, "axis": "y", "origin": [8, 8, 8]},
			"faces": {
				"north": {"uv": [6.6, 12.005, 7, 14.995], "texture": "#1"},
				"east": {"uv": [0.005, 12.005, 6.995, 14.995], "texture": "#1"},
				"south": {"uv": [0, 12.005, 0.4, 14.995], "texture": "#1"},
				"up": {"uv": [6.995, 12, 0.005, 12.4], "rotation": 90, "texture": "#1"},
				"down": {"uv": [6.995, 14.6, 0.005, 15], "rotation": 270, "texture": "#1"}
			}
		},
		{
			"from": [16, 5.005, 1.005],
			"to": [16.4, 7.995, 15.995],
			"rotation": {"angle": 0, "axis": "y", "origin": [8, 8, 8]},
			"faces": {
				"north": {"uv": [14.6, 8.005, 15, 10.995], "texture": "#1"},
				"east": {"uv": [0.005, 8.005, 14.995, 10.995], "texture": "#1"},
				"south": {"uv": [0, 8.005, 0.4, 10.995], "texture": "#1"},
				"up": {"uv": [14.995, 8, 0.005, 8.4], "rotation": 90, "texture": "#1"},
				"down": {"uv": [14.995, 10.6, 0.005, 11], "rotation": 270, "texture": "#1"}
			}
		},
		{
			"from": [8, 9.005, 9.005],
			"to": [8.4, 11.995, 15.995],
			"rotation": {"angle": 0, "axis": "y", "origin": [8, 8, 8]},
			"faces": {
				"north": {"uv": [6.6, 4.005, 7, 6.995], "texture": "#1"},
				"east": {"uv": [0.005, 4.005, 6.995, 6.995], "texture": "#1"},
				"south": {"uv": [0, 4.005, 0.4, 6.995], "texture": "#1"},
				"up": {"uv": [6.995, 4, 0.005, 4.4], "rotation": 90, "texture": "#1"},
				"down": {"uv": [6.995, 6.6, 0.005, 7], "rotation": 270, "texture": "#1"}
			}
		},
		{
			"from": [8, 13.005, 8.005],
			"to": [8.4, 15.995, 15.995],
			"rotation": {"angle": 0, "axis": "y", "origin": [8, 8, 8]},
			"faces": {
				"north": {"uv": [7.6, 0.005, 8, 2.995], "texture": "#1"},
				"east": {"uv": [0.005, 0.005, 7.995, 2.995], "texture": "#1"},
				"south": {"uv": [0, 0.005, 0.4, 2.995], "texture": "#1"},
				"up": {"uv": [7.995, 0, 0.005, 0.4], "rotation": 90, "texture": "#1"},
				"down": {"uv": [7.995, 2.6, 0.005, 3], "rotation": 270, "texture": "#1"}
			}
		},
		{
			"from": [8.005, 1.005, 16],
			"to": [15.995, 3.995, 16.4],
			"rotation": {"angle": 0, "axis": "y", "origin": [8, 8, 8]},
			"faces": {
				"east": {"uv": [15.6, 12.005, 16, 14.995], "texture": "#1"},
				"south": {"uv": [8.005, 12.005, 15.995, 14.995], "texture": "#1"},
				"west": {"uv": [8, 12.005, 8.4, 14.995], "texture": "#1"},
				"up": {"uv": [15.995, 12, 8.005, 12.4], "rotation": 180, "texture": "#1"},
				"down": {"uv": [15.995, 14.6, 8.005, 15], "rotation": 180, "texture": "#1"}
			}
		},
		{
			"from": [0.005, 1.005, 16],
			"to": [6.995, 3.995, 16.4],
			"rotation": {"angle": 0, "axis": "y", "origin": [8, 8, 8]},
			"faces": {
				"east": {"uv": [6.6, 12.005, 7, 14.995], "texture": "#1"},
				"south": {"uv": [0.005, 12.005, 6.995, 14.995], "texture": "#1"},
				"west": {"uv": [0, 12.005, 0.4, 14.995], "texture": "#1"},
				"up": {"uv": [6.995, 12, 0.005, 12.4], "rotation": 180, "texture": "#1"},
				"down": {"uv": [6.995, 14.6, 0.005, 15], "rotation": 180, "texture": "#1"}
			}
		},
		{
			"from": [0.005, 5.005, 16],
			"to": [14.995, 7.995, 16.4],
			"rotation": {"angle": 0, "axis": "y", "origin": [8, 8, 8]},
			"faces": {
				"east": {"uv": [14.6, 8.005, 15, 10.995], "texture": "#1"},
				"south": {"uv": [0.005, 8.005, 14.995, 10.995], "texture": "#1"},
				"west": {"uv": [0, 8.005, 0.4, 10.995], "texture": "#1"},
				"up": {"uv": [14.995, 8, 0.005, 8.4], "rotation": 180, "texture": "#1"},
				"down": {"uv": [14.995, 10.6, 0.005, 11], "rotation": 180, "texture": "#1"}
			}
		},
		{
			"from": [0.005, 9.005, 16],
			"to": [6.995, 11.995, 16.4],
			"rotation": {"angle": 0, "axis": "y", "origin": [8, 8, 8]},
			"faces": {
				"east": {"uv": [6.6, 4.005, 7, 6.995], "texture": "#1"},
				"south": {"uv": [0.005, 4.005, 6.995, 6.995], "texture": "#1"},
				"west": {"uv": [0, 4.005, 0.4, 6.995], "texture": "#1"},
				"up": {"uv": [6.995, 4, 0.005, 4.4], "rotation": 180, "texture": "#1"},
				"down": {"uv": [6.995, 6.6, 0.005, 7], "rotation": 180, "texture": "#1"}
			}
		},
		{
			"from": [0.005, 13.005, 16],
			"to": [7.995, 15.995, 16.4],
			"rotation": {"angle": 0, "axis": "y", "origin": [8, 8, 8]},
			"faces": {
				"east": {"uv": [7.6, 0.005, 8, 2.995], "texture": "#1"},
				"south": {"uv": [0.005, 0.005, 7.995, 2.995], "texture": "#1"},
				"west": {"uv": [0, 0.005, 0.4, 2.995], "texture": "#1"},
				"up": {"uv": [7.995, 0, 0.005, 0.4], "rotation": 180, "texture": "#1"},
				"down": {"uv": [7.995, 2.6, 0.005, 3], "rotation": 180, "texture": "#1"}
			}
		},
		{
			"from": [-0.4, 1.005, 8.005],
			"to": [0, 3.995, 15.995],
			"rotation": {"angle": 0, "axis": "y", "origin": [8, 8, 8]},
			"faces": {
				"north": {"uv": [8, 12.005, 8.4, 14.995], "texture": "#1"},
				"south": {"uv": [15.6, 12.005, 16, 14.995], "texture": "#1"},
				"west": {"uv": [8.005, 12.005, 15.995, 14.995], "texture": "#1"},
				"up": {"uv": [15.995, 12, 8.005, 12.4], "rotation": 270, "texture": "#1"},
				"down": {"uv": [15.995, 14.6, 8.005, 15], "rotation": 90, "texture": "#1"}
			}
		},
		{
			"from": [-0.4, 1.005, 0.005],
			"to": [0, 3.995, 6.995],
			"rotation": {"angle": 0, "axis": "y", "origin": [8, 8, 8]},
			"faces": {
				"north": {"uv": [0, 12.005, 0.4, 14.995], "texture": "#1"},
				"south": {"uv": [6.6, 12.005, 7, 14.995], "texture": "#1"},
				"west": {"uv": [0.005, 12.005, 6.995, 14.995], "texture": "#1"},
				"up": {"uv": [6.995, 12, 0.005, 12.4], "rotation": 270, "texture": "#1"},
				"down": {"uv": [6.995, 14.6, 0.005, 15], "rotation": 90, "texture": "#1"}
			}
		},
		{
			"from": [-0.4, 5.005, 0.005],
			"to": [0, 7.995, 14.995],
			"rotation": {"angle": 0, "axis": "y", "origin": [8, 8, 8]},
			"faces": {
				"north": {"uv": [0, 8.005, 0.4, 10.995], "texture": "#1"},
				"south": {"uv": [14.6, 8.005, 15, 10.995], "texture": "#1"},
				"west": {"uv": [0.005, 8.005, 14.995, 10.995], "texture": "#1"},
				"up": {"uv": [14.995, 8, 0.005, 8.4], "rotation": 270, "texture": "#1"},
				"down": {"uv": [14.995, 10.6, 0.005, 11], "rotation": 90, "texture": "#1"}
			}
		},
		{
			"from": [-0.4, 9.005, 8.005],
			"to": [0, 11.995, 15.995],
			"rotation": {"angle": 0, "axis": "y", "origin": [8, 8, 8]},
			"faces": {
				"north": {"uv": [8, 4.005, 8.4, 6.995], "texture": "#1"},
				"south": {"uv": [15.6, 4.005, 16, 6.995], "texture": "#1"},
				"west": {"uv": [8.005, 4.005, 15.995, 6.995], "texture": "#1"},
				"up": {"uv": [15.995, 4, 8.005, 4.4], "rotation": 270, "texture": "#1"},
				"down": {"uv": [15.995, 6.6, 8.005, 7], "rotation": 90, "texture": "#1"}
			}
		},
		{
			"from": [-0.4, 13.005, 8.005],
			"to": [0, 15.995, 14.995],
			"rotation": {"angle": 0, "axis": "y", "origin": [8, 8, 8]},
			"faces": {
				"north": {"uv": [8, 0.005, 8.4, 2.995], "texture": "#1"},
				"south": {"uv": [14.6, 0.005, 15, 2.995], "texture": "#1"},
				"west": {"uv": [8.005, 0.005, 14.995, 2.995], "texture": "#1"},
				"up": {"uv": [14.995, 0, 8.005, 0.4], "rotation": 270, "texture": "#1"},
				"down": {"uv": [14.995, 2.6, 8.005, 3], "rotation": 90, "texture": "#1"}
			}
		},
		{
			"from": [8.005, 8, 12.005],
			"to": [15.995, 8.4, 14.995],
			"rotation": {"angle": 0, "axis": "y", "origin": [8, 8, 8]},
			"faces": {
				"north": {"uv": [15.995, 12, 8.005, 12.4], "texture": "#1"},
				"east": {"uv": [15.6, 12.005, 16, 14.995], "rotation": 90, "texture": "#1"},
				"south": {"uv": [15.995, 14.6, 8.005, 15], "rotation": 180, "texture": "#1"},
				"west": {"uv": [8, 12.005, 8.4, 14.995], "rotation": 270, "texture": "#1"},
				"up": {"uv": [8.005, 12.005, 15.995, 14.995], "texture": "#1"}
			}
		},
		{
			"from": [0.005, 16, 12.005],
			"to": [6.995, 16.4, 14.995],
			"rotation": {"angle": 0, "axis": "y", "origin": [8, 8, 8]},
			"faces": {
				"north": {"uv": [6.995, 12, 0.005, 12.4], "texture": "#1"},
				"east": {"uv": [6.6, 12.005, 7, 14.995], "rotation": 90, "texture": "#1"},
				"south": {"uv": [6.995, 14.6, 0.005, 15], "rotation": 180, "texture": "#1"},
				"west": {"uv": [0, 12.005, 0.4, 14.995], "rotation": 270, "texture": "#1"},
				"up": {"uv": [0.005, 12.005, 6.995, 14.995], "texture": "#1"}
			}
		},
		{
			"from": [8.005, 8, 8.005],
			"to": [14.995, 8.4, 10.995],
			"rotation": {"angle": 0, "axis": "y", "origin": [8, 8, 8]},
			"faces": {
				"north": {"uv": [14.995, 8, 8.005, 8.4], "texture": "#1"},
				"east": {"uv": [14.6, 8.005, 15, 10.995], "rotation": 90, "texture": "#1"},
				"south": {"uv": [14.995, 10.6, 8.005, 11], "rotation": 180, "texture": "#1"},
				"west": {"uv": [8, 8.005, 8.4, 10.995], "rotation": 270, "texture": "#1"},
				"up": {"uv": [8.005, 8.005, 14.995, 10.995], "texture": "#1"}
			}
		},
		{
			"from": [0.005, 16, 8.005],
			"to": [7.995, 16.4, 10.995],
			"rotation": {"angle": 0, "axis": "y", "origin": [8, 8, 8]},
			"faces": {
				"north": {"uv": [7.995, 8, 0.005, 8.4], "texture": "#1"},
				"east": {"uv": [7.6, 8.005, 8, 10.995], "rotation": 90, "texture": "#1"},
				"south": {"uv": [7.995, 10.6, 0.005, 11], "rotation": 180, "texture": "#1"},
				"west": {"uv": [0, 8.005, 0.4, 10.995], "rotation": 270, "texture": "#1"},
				"up": {"uv": [0.005, 8.005, 7.995, 10.995], "texture": "#1"}
			}
		},
		{
			"from": [8.005, 8, 4.005],
			"to": [15.995, 8.4, 6.995],
			"rotation": {"angle": 0, "axis": "y", "origin": [8, 8, 8]},
			"faces": {
				"north": {"uv": [15.995, 4, 8.005, 4.4], "texture": "#1"},
				"east": {"uv": [15.6, 4.005, 16, 6.995], "rotation": 90, "texture": "#1"},
				"south": {"uv": [15.995, 6.6, 8.005, 7], "rotation": 180, "texture": "#1"},
				"west": {"uv": [8, 4.005, 8.4, 6.995], "rotation": 270, "texture": "#1"},
				"up": {"uv": [8.005, 4.005, 15.995, 6.995], "texture": "#1"}
			}
		},
		{
			"from": [0.005, 8, 4.005],
			"to": [6.995, 8.4, 6.995],
			"rotation": {"angle": 0, "axis": "y", "origin": [8, 8, 8]},
			"faces": {
				"north": {"uv": [6.995, 4, 0.005, 4.4], "texture": "#1"},
				"east": {"uv": [6.6, 4.005, 7, 6.995], "rotation": 90, "texture": "#1"},
				"south": {"uv": [6.995, 6.6, 0.005, 7], "rotation": 180, "texture": "#1"},
				"west": {"uv": [0, 4.005, 0.4, 6.995], "rotation": 270, "texture": "#1"},
				"up": {"uv": [0.005, 4.005, 6.995, 6.995], "texture": "#1"}
			}
		},
		{
			"from": [0.005, 8, 0.005],
			"to": [14.995, 8.4, 2.995],
			"rotation": {"angle": 0, "axis": "y", "origin": [8, 8, 8]},
			"faces": {
				"north": {"uv": [14.995, 0, 0.005, 0.4], "texture": "#1"},
				"east": {"uv": [14.6, 0.005, 15, 2.995], "rotation": 90, "texture": "#1"},
				"south": {"uv": [14.995, 2.6, 0.005, 3], "rotation": 180, "texture": "#1"},
				"west": {"uv": [0, 0.005, 0.4, 2.995], "rotation": 270, "texture": "#1"},
				"up": {"uv": [0.005, 0.005, 14.995, 2.995], "texture": "#1"}
			}
		},
		{
			"from": [8.005, -0.4, 1.005],
			"to": [15.995, 0, 3.995],
			"rotation": {"angle": 0, "axis": "y", "origin": [8, 8, 8]},
			"faces": {
				"north": {"uv": [15.995, 14.6, 8.005, 15], "texture": "#1"},
				"east": {"uv": [15.6, 12.005, 16, 14.995], "rotation": 270, "texture": "#1"},
				"south": {"uv": [15.995, 12, 8.005, 12.4], "rotation": 180, "texture": "#1"},
				"west": {"uv": [8, 12.005, 8.4, 14.995], "rotation": 90, "texture": "#1"},
				"down": {"uv": [8.005, 12.005, 15.995, 14.995], "texture": "#1"}
			}
		},
		{
			"from": [0.005, -0.4, 1.005],
			"to": [6.995, 0, 3.995],
			"rotation": {"angle": 0, "axis": "y", "origin": [8, 8, 8]},
			"faces": {
				"north": {"uv": [6.995, 14.6, 0.005, 15], "texture": "#1"},
				"east": {"uv": [6.6, 12.005, 7, 14.995], "rotation": 270, "texture": "#1"},
				"south": {"uv": [6.995, 12, 0.005, 12.4], "rotation": 180, "texture": "#1"},
				"west": {"uv": [0, 12.005, 0.4, 14.995], "rotation": 90, "texture": "#1"},
				"down": {"uv": [0.005, 12.005, 6.995, 14.995], "texture": "#1"}
			}
		},
		{
			"from": [0.005, -0.4, 5.005],
			"to": [14.995, 0, 7.995],
			"rotation": {"angle": 0, "axis": "y", "origin": [8, 8, 8]},
			"faces": {
				"north": {"uv": [14.995, 10.6, 0.005, 11], "texture": "#1"},
				"east": {"uv": [14.6, 8.005, 15, 10.995], "rotation": 270, "texture": "#1"},
				"south": {"uv": [14.995, 8, 0.005, 8.4], "rotation": 180, "texture": "#1"},
				"west": {"uv": [0, 8.005, 0.4, 10.995], "rotation": 90, "texture": "#1"},
				"down": {"uv": [0.005, 8.005, 14.995, 10.995], "texture": "#1"}
			}
		},
		{
			"from": [8.005, -0.4, 9.005],
			"to": [15.995, 0, 11.995],
			"rotation": {"angle": 0, "axis": "y", "origin": [8, 8, 8]},
			"faces": {
				"north": {"uv": [15.995, 6.6, 8.005, 7], "texture": "#1"},
				"east": {"uv": [15.6, 4.005, 16, 6.995], "rotation": 270, "texture": "#1"},
				"south": {"uv": [15.995, 4, 8.005, 4.4], "rotation": 180, "texture": "#1"},
				"west": {"uv": [8, 4.005, 8.4, 6.995], "rotation": 90, "texture": "#1"},
				"down": {"uv": [8.005, 4.005, 15.995, 6.995], "texture": "#1"}
			}
		},
		{
			"from": [0.005, -0.4, 9.005],
			"to": [6.995, 0, 11.995],
			"rotation": {"angle": 0, "axis": "y", "origin": [8, 8, 8]},
			"faces": {
				"north": {"uv": [6.995, 6.6, 0.005, 7], "texture": "#1"},
				"east": {"uv": [6.6, 4.005, 7, 6.995], "rotation": 270, "texture": "#1"},
				"south": {"uv": [6.995, 4, 0.005, 4.4], "rotation": 180, "texture": "#1"},
				"west": {"uv": [0, 4.005, 0.4, 6.995], "rotation": 90, "texture": "#1"},
				"down": {"uv": [0.005, 4.005, 6.995, 6.995], "texture": "#1"}
			}
		},
		{
			"from": [0.005, -0.4, 13.005],
			"to": [14.995, 0, 15.995],
			"rotation": {"angle": 0, "axis": "y", "origin": [8, 8, 8]},
			"faces": {
				"north": {"uv": [14.995, 2.6, 0.005, 3], "texture": "#1"},
				"east": {"uv": [14.6, 0.005, 15, 2.995], "rotation": 270, "texture": "#1"},
				"south": {"uv": [14.995, 0, 0.005, 0.4], "rotation": 180, "texture": "#1"},
				"west": {"uv": [0, 0.005, 0.4, 2.995], "rotation": 90, "texture": "#1"},
				"down": {"uv": [0.005, 0.005, 14.995, 2.995], "texture": "#1"}
			}
		}
	],
	"display": {
		"thirdperson_righthand": {
			"rotation": [75, 45, 0],
			"translation": [0, 2.5, 0],
			"scale": [0.375, 0.375, 0.375]
		},
		"thirdperson_lefthand": {
			"rotation": [75, 45, 0],
			"translation": [0, 2.5, 0],
			"scale": [0.375, 0.375, 0.375]
		},
		"firstperson_righthand": {
			"rotation": [0, 45, 0],
			"scale": [0.4, 0.4, 0.4]
		},
		"firstperson_lefthand": {
			"rotation": [0, 225, 0],
			"scale": [0.4, 0.4, 0.4]
		},
		"ground": {
			"translation": [0, 3, 0],
			"scale": [0.25, 0.25, 0.25]
		},
		"gui": {
			"rotation": [30, 225, 0],
			"scale": [0.625, 0.625, 0.625]
		},
		"fixed": {
			"scale": [0.5, 0.5, 0.5]
		}
	},
	"groups": [
		{
			"name": "base",
			"origin": [8, 8, 8],
			"color": 0,
			"children": [0, 1]
		},
		{
			"name": "N",
			"origin": [8, 8, 8],
			"color": 0,
			"children": [2, 3, 4, 5, 6]
		},
		{
			"name": "E",
			"origin": [8, 8, 8],
			"color": 0,
			"children": [7, 8, 9, 10, 11]
		},
		{
			"name": "S",
			"origin": [8, 8, 8],
			"color": 0,
			"children": [12, 13, 14, 15, 16]
		},
		{
			"name": "W",
			"origin": [8, 8, 8],
			"color": 0,
			"children": [17, 18, 19, 20, 21]
		},
		{
			"name": "U",
			"origin": [8, 8, 8],
			"color": 0,
			"children": [22, 23, 24, 25, 26, 27, 28]
		},
		{
			"name": "B",
			"origin": [8, 8, 8],
			"color": 0,
			"children": [29, 30, 31, 32, 33, 34]
		}
	]
}