{
	"credit": "Made by SkylaDev :3 https://skyla.dev/",
	"textures": {
		"particle": "#lantern"
	},
	"elements": [
		{
			"name": "bottom",
			"from": [5, 0, 5],
			"to": [11, 1, 11],
			"faces": {
				"north": {"uv": [0, 8, 6, 9], "texture": "#lantern"},
				"east": {"uv": [0, 8, 6, 9], "texture": "#lantern"},
				"south": {"uv": [0, 8, 6, 9], "texture": "#lantern"},
				"west": {"uv": [0, 8, 6, 9], "texture": "#lantern"},
				"up": {"uv": [0, 15, 6, 9], "texture": "#lantern"},
				"down": {"uv": [0, 9, 6, 15], "texture": "#lantern"}
			}
		},
		{
			"name": "top",
			"from": [5, 6, 5],
			"to": [11, 7, 11],
			"faces": {
				"north": {"uv": [0, 2, 6, 3], "texture": "#lantern"},
				"east": {"uv": [0, 2, 6, 3], "texture": "#lantern"},
				"south": {"uv": [0, 2, 6, 3], "texture": "#lantern"},
				"west": {"uv": [0, 2, 6, 3], "texture": "#lantern"},
				"up": {"uv": [0, 15, 6, 9], "texture": "#lantern"},
				"down": {"uv": [0, 9, 6, 15], "texture": "#lantern"}
			}
		},
		{
			"name": "sideNE",
			"from": [10, 1, 5.25],
			"to": [10.75, 6, 6],
			"faces": {
				"north": {"uv": [0.25, 3, 1, 8], "texture": "#lantern"},
				"east": {"uv": [5, 3, 5.75, 8], "texture": "#lantern"},
				"south": {"uv": [5, 3, 5.75, 8], "texture": "#lantern"},
				"west": {"uv": [0.25, 3, 1, 8], "texture": "#lantern"}
			}
		},
		{
			"name": "sideNW",
			"from": [5.25, 1, 5.25],
			"to": [6, 6, 6],
			"faces": {
				"north": {"uv": [5, 3, 5.75, 8], "texture": "#lantern"},
				"east": {"uv": [5, 3, 5.75, 8], "texture": "#lantern"},
				"south": {"uv": [0.25, 3, 1, 8], "texture": "#lantern"},
				"west": {"uv": [0.25, 3, 1, 8], "texture": "#lantern"}
			}
		},
		{
			"name": "sideSE",
			"from": [10, 1, 10],
			"to": [10.75, 6, 10.75],
			"faces": {
				"north": {"uv": [0.25, 3, 1, 8], "texture": "#lantern"},
				"east": {"uv": [0.25, 3, 1, 8], "texture": "#lantern"},
				"south": {"uv": [5, 3, 5.75, 8], "texture": "#lantern"},
				"west": {"uv": [5, 3, 5.75, 8], "texture": "#lantern"}
			}
		},
		{
			"name": "sideSW",
			"from": [5.25, 1, 10],
			"to": [6, 6, 10.75],
			"faces": {
				"north": {"uv": [5, 3, 5.75, 8], "texture": "#lantern"},
				"east": {"uv": [0.25, 3, 1, 8], "texture": "#lantern"},
				"south": {"uv": [0.25, 3, 1, 8], "texture": "#lantern"},
				"west": {"uv": [5, 3, 5.75, 8], "texture": "#lantern"}
			}
		},
		{
			"name": "light",
			"from": [5.5, 1, 5.5],
			"to": [10.5, 6, 10.5],
			"faces": {
				"north": {"uv": [0.5, 3, 5.5, 8], "texture": "#lantern"},
				"east": {"uv": [0.5, 3, 5.5, 8], "texture": "#lantern"},
				"south": {"uv": [0.5, 3, 5.5, 8], "texture": "#lantern"},
				"west": {"uv": [0.5, 3, 5.5, 8], "texture": "#lantern"}
			}
		},
		{
			"from": [6, 8, 6],
			"to": [10, 9, 10],
			"faces": {
				"north": {"uv": [1, 0, 5, 1], "texture": "#lantern"},
				"east": {"uv": [1, 0, 5, 1], "texture": "#lantern"},
				"south": {"uv": [1, 0, 5, 1], "texture": "#lantern"},
				"west": {"uv": [1, 0, 5, 1], "texture": "#lantern"},
				"up": {"uv": [1, 10, 5, 14], "texture": "#lantern"},
				"down": {"uv": [1, 14, 5, 10], "texture": "#lantern"}
			}
		},
		{
			"from": [6.25, 7, 6.25],
			"to": [9.75, 8, 9.75],
			"faces": {
				"north": {"uv": [1.25, 1, 4.75, 2], "texture": "#lantern"},
				"east": {"uv": [1.25, 1, 4.75, 2], "texture": "#lantern"},
				"south": {"uv": [1.25, 1, 4.75, 2], "texture": "#lantern"},
				"west": {"uv": [1.25, 1, 4.75, 2], "texture": "#lantern"}
			}
		},
		{
			"from": [8.5, 9, 7.75],
			"to": [9.5, 10.25, 8.25],
			"rotation": {"angle": -45, "axis": "y", "origin": [8, 0, 8]},
			"faces": {
				"north": {"uv": [11, 11, 12, 12], "texture": "#lantern"},
				"east": {"uv": [11, 11, 11.5, 12], "texture": "#lantern"},
				"south": {"uv": [11, 11, 12, 12], "texture": "#lantern"},
				"west": {"uv": [11, 11, 11.5, 12], "texture": "#lantern"}
			}
		},
		{
			"from": [6.5, 9, 7.75],
			"to": [7.5, 10.25, 8.25],
			"rotation": {"angle": -45, "axis": "y", "origin": [8, 0, 8]},
			"faces": {
				"north": {"uv": [13, 11, 14, 12], "texture": "#lantern"},
				"east": {"uv": [13, 11, 13.5, 12], "texture": "#lantern"},
				"south": {"uv": [13, 11, 14, 12], "texture": "#lantern"},
				"west": {"uv": [13, 11, 13.5, 12], "texture": "#lantern"}
			}
		},
		{
			"from": [6.5, 10.25, 7.75],
			"to": [9.5, 11.25, 8.25],
			"rotation": {"angle": -45, "axis": "y", "origin": [8, 0, 8]},
			"faces": {
				"north": {"uv": [11, 10, 14, 11], "texture": "#lantern"},
				"east": {"uv": [11, 10, 11.5, 11], "texture": "#lantern"},
				"south": {"uv": [14, 10, 11, 11], "texture": "#lantern"},
				"west": {"uv": [14, 10, 13.5, 11], "texture": "#lantern"},
				"up": {"uv": [11, 10, 14, 10.5], "rotation": 180, "texture": "#lantern"},
				"down": {"uv": [11, 10, 14, 10.5], "rotation": 180, "texture": "#lantern"}
			}
		}
	],
	"gui_light": "front",
	"display": {
		"thirdperson_righthand": {
			"rotation": [90, 0, 0],
			"translation": [0, -2, -1.5],
			"scale": [0.55, 0.55, 0.55]
		},
		"thirdperson_lefthand": {
			"rotation": [90, 0, 0],
			"translation": [0, -2, -1.5],
			"scale": [0.55, 0.55, 0.55]
		},
		"firstperson_righthand": {
			"rotation": [0, -90, 0],
			"translation": [1.13, 4, 1.13],
			"scale": [0.68, 0.68, 0.68]
		},
		"firstperson_lefthand": {
			"rotation": [0, -90, 0],
			"translation": [1.13, 4, 1.13],
			"scale": [0.68, 0.68, 0.68]
		},
		"ground": {
			"translation": [0, 2, 0],
			"scale": [0.5, 0.5, 0.5]
		},
		"gui": {
			"rotation": [30, 225, 0],
			"translation": [0, 3.5, 0],
			"scale": [1.2, 1.2, 1.2]
		},
		"head": {
			"rotation": [0, 180, 0],
			"translation": [0, 14.5, 0]
		},
		"fixed": {
			"rotation": [0, 180, 0]
		}
	},
	"groups": [
		{
			"name": "cage",
			"origin": [0, 0, 0],
			"color": 0,
			"children": [0, 1, 2, 3, 4, 5]
		},
		6,
		{
			"name": "top",
			"origin": [8, 8, 8],
			"color": 0,
			"children": [7, 8]
		},
		{
			"name": "chain",
			"origin": [8, 8, 8],
			"color": 0,
			"children": [
				{
					"name": "link1",
					"origin": [8, 8, 8],
					"color": 0,
					"children": [9, 10, 11]
				}
			]
		}
	]
}