{
	"credit": "Made by SkylaDev :3 https://skyla.dev/",
	"textures": {
		"0": "#planks",
		"particle": "#planks"
	},
	"elements": [
		{
			"name": "base",
			"from": [6, 0, 6],
			"to": [10, 16, 10],
			"faces": {
				"north": {"uv": [6, 0, 10, 16], "texture": "#0"},
				"east": {"uv": [6, 0, 10, 16], "texture": "#0"},
				"south": {"uv": [6, 0, 10, 16], "texture": "#0"},
				"west": {"uv": [6, 0, 10, 16], "texture": "#0"},
				"up": {"uv": [6, 6, 10, 10], "texture": "#0"},
				"down": {"uv": [6, 6, 10, 10], "texture": "#0"}
			}
		},
		{
			"from": [6.005, 1.005, 5.6],
			"to": [7.995, 3.995, 6],
			"rotation": {"angle": 0, "axis": "y", "origin": [8, 8, 8]},
			"faces": {
				"north": {"uv": [8.005, 12.005, 9.995, 14.995], "texture": "#0"},
				"east": {"uv": [8, 12.005, 8.4, 14.995], "texture": "#0"},
				"west": {"uv": [9.6, 12.005, 10, 14.995], "texture": "#0"},
				"up": {"uv": [9.995, 12, 8.005, 12.4], "texture": "#0"},
				"down": {"uv": [9.995, 14.6, 8.005, 15], "texture": "#0"}
			}
		},
		{
			"from": [9.005, 1.005, 5.6],
			"to": [9.995, 3.995, 6],
			"rotation": {"angle": 0, "axis": "y", "origin": [8, 8, 8]},
			"faces": {
				"north": {"uv": [6.005, 12.005, 6.995, 14.995], "texture": "#0"},
				"east": {"uv": [6, 12.005, 6.4, 14.995], "texture": "#0"},
				"west": {"uv": [6.6, 12.005, 7, 14.995], "texture": "#0"},
				"up": {"uv": [6.995, 12, 6.005, 12.4], "texture": "#0"},
				"down": {"uv": [6.995, 14.6, 6.005, 15], "texture": "#0"}
			}
		},
		{
			"from": [6.005, 5.005, 5.6],
			"to": [9.995, 7.995, 6],
			"rotation": {"angle": 0, "axis": "y", "origin": [8, 8, 8]},
			"faces": {
				"north": {"uv": [6.005, 8.005, 9.995, 10.995], "texture": "#0"},
				"east": {"uv": [6, 8.005, 6.4, 10.995], "texture": "#0"},
				"west": {"uv": [9.6, 8.005, 10, 10.995], "texture": "#0"},
				"up": {"uv": [9.995, 8, 6.005, 8.4], "texture": "#0"},
				"down": {"uv": [9.995, 10.6, 6.005, 11], "texture": "#0"}
			}
		},
		{
			"from": [6.005, 9.005, 5.6],
			"to": [7.995, 11.995, 6],
			"rotation": {"angle": 0, "axis": "y", "origin": [8, 8, 8]},
			"faces": {
				"north": {"uv": [8.005, 4.005, 9.995, 6.995], "texture": "#0"},
				"east": {"uv": [8, 4.005, 8.4, 6.995], "texture": "#0"},
				"west": {"uv": [9.6, 4.005, 10, 6.995], "texture": "#0"},
				"up": {"uv": [9.995, 4, 8.005, 4.4], "texture": "#0"},
				"down": {"uv": [9.995, 6.6, 8.005, 7], "texture": "#0"}
			}
		},
		{
			"from": [9.005, 9.005, 5.6],
			"to": [9.995, 11.995, 6],
			"rotation": {"angle": 0, "axis": "y", "origin": [8, 8, 8]},
			"faces": {
				"north": {"uv": [6.005, 4.005, 6.995, 6.995], "texture": "#0"},
				"east": {"uv": [6, 4.005, 6.4, 6.995], "texture": "#0"},
				"west": {"uv": [6.6, 4.005, 7, 6.995], "texture": "#0"},
				"up": {"uv": [6.995, 4, 6.005, 4.4], "texture": "#0"},
				"down": {"uv": [6.995, 6.6, 6.005, 7], "texture": "#0"}
			}
		},
		{
			"from": [6.005, 13.005, 5.6],
			"to": [9.995, 15.995, 6],
			"rotation": {"angle": 0, "axis": "y", "origin": [8, 8, 8]},
			"faces": {
				"north": {"uv": [6.005, 0.005, 9.995, 2.995], "texture": "#0"},
				"east": {"uv": [6, 0.005, 6.4, 2.995], "texture": "#0"},
				"west": {"uv": [9.6, 0.005, 10, 2.995], "texture": "#0"},
				"up": {"uv": [9.995, 0, 6.005, 0.4], "texture": "#0"},
				"down": {"uv": [9.995, 2.6, 6.005, 3], "texture": "#0"}
			}
		},
		{
			"from": [10, 1.005, 6.005],
			"to": [10.4, 3.995, 7.995],
			"rotation": {"angle": 0, "axis": "y", "origin": [8, 8, 8]},
			"faces": {
				"north": {"uv": [9.6, 12.005, 10, 14.995], "texture": "#0"},
				"east": {"uv": [8.005, 12.005, 9.995, 14.995], "texture": "#0"},
				"south": {"uv": [8, 12.005, 8.4, 14.995], "texture": "#0"},
				"up": {"uv": [9.995, 12, 8.005, 12.4], "rotation": 90, "texture": "#0"},
				"down": {"uv": [9.995, 14.6, 8.005, 15], "rotation": 270, "texture": "#0"}
			}
		},
		{
			"from": [10, 1.005, 9.005],
			"to": [10.4, 3.995, 9.995],
			"rotation": {"angle": 0, "axis": "y", "origin": [8, 8, 8]},
			"faces": {
				"north": {"uv": [6.6, 12.005, 7, 14.995], "texture": "#0"},
				"east": {"uv": [6.005, 12.005, 6.995, 14.995], "texture": "#0"},
				"south": {"uv": [6, 12.005, 6.4, 14.995], "texture": "#0"},
				"up": {"uv": [6.995, 12, 6.005, 12.4], "rotation": 90, "texture": "#0"},
				"down": {"uv": [6.995, 14.6, 6.005, 15], "rotation": 270, "texture": "#0"}
			}
		},
		{
			"from": [10, 5.005, 6.005],
			"to": [10.4, 7.995, 9.995],
			"rotation": {"angle": 0, "axis": "y", "origin": [8, 8, 8]},
			"faces": {
				"north": {"uv": [9.6, 8.005, 10, 10.995], "texture": "#0"},
				"east": {"uv": [6.005, 8.005, 9.995, 10.995], "texture": "#0"},
				"south": {"uv": [6, 8.005, 6.4, 10.995], "texture": "#0"},
				"up": {"uv": [9.995, 8, 6.005, 8.4], "rotation": 90, "texture": "#0"},
				"down": {"uv": [9.995, 10.6, 6.005, 11], "rotation": 270, "texture": "#0"}
			}
		},
		{
			"from": [10, 9.005, 6.005],
			"to": [10.4, 11.995, 7.995],
			"rotation": {"angle": 0, "axis": "y", "origin": [8, 8, 8]},
			"faces": {
				"north": {"uv": [9.6, 4.005, 10, 6.995], "texture": "#0"},
				"east": {"uv": [8.005, 4.005, 9.995, 6.995], "texture": "#0"},
				"south": {"uv": [8, 4.005, 8.4, 6.995], "texture": "#0"},
				"up": {"uv": [9.995, 4, 8.005, 4.4], "rotation": 90, "texture": "#0"},
				"down": {"uv": [9.995, 6.6, 8.005, 7], "rotation": 270, "texture": "#0"}
			}
		},
		{
			"from": [10, 9.005, 9.005],
			"to": [10.4, 11.995, 9.995],
			"rotation": {"angle": 0, "axis": "y", "origin": [8, 8, 8]},
			"faces": {
				"north": {"uv": [6.6, 4.005, 7, 6.995], "texture": "#0"},
				"east": {"uv": [6.005, 4.005, 6.995, 6.995], "texture": "#0"},
				"south": {"uv": [6, 4.005, 6.4, 6.995], "texture": "#0"},
				"up": {"uv": [6.995, 4, 6.005, 4.4], "rotation": 90, "texture": "#0"},
				"down": {"uv": [6.995, 6.6, 6.005, 7], "rotation": 270, "texture": "#0"}
			}
		},
		{
			"from": [10, 13.005, 6.005],
			"to": [10.4, 15.995, 9.995],
			"rotation": {"angle": 0, "axis": "y", "origin": [8, 8, 8]},
			"faces": {
				"north": {"uv": [9.6, 0.005, 10, 2.995], "texture": "#0"},
				"east": {"uv": [6.005, 0.005, 9.995, 2.995], "texture": "#0"},
				"south": {"uv": [6, 0.005, 6.4, 2.995], "texture": "#0"},
				"up": {"uv": [9.995, 0, 6.005, 0.4], "rotation": 90, "texture": "#0"},
				"down": {"uv": [9.995, 2.6, 6.005, 3], "rotation": 270, "texture": "#0"}
			}
		},
		{
			"from": [8.005, 1.005, 10],
			"to": [9.995, 3.995, 10.4],
			"rotation": {"angle": 0, "axis": "y", "origin": [8, 8, 8]},
			"faces": {
				"east": {"uv": [9.6, 12.005, 10, 14.995], "texture": "#0"},
				"south": {"uv": [8.005, 12.005, 9.995, 14.995], "texture": "#0"},
				"west": {"uv": [8, 12.005, 8.4, 14.995], "texture": "#0"},
				"up": {"uv": [9.995, 12, 8.005, 12.4], "rotation": 180, "texture": "#0"},
				"down": {"uv": [9.995, 14.6, 8.005, 15], "rotation": 180, "texture": "#0"}
			}
		},
		{
			"from": [6.005, 1.005, 10],
			"to": [6.995, 3.995, 10.4],
			"rotation": {"angle": 0, "axis": "y", "origin": [8, 8, 8]},
			"faces": {
				"east": {"uv": [6.6, 12.005, 7, 14.995], "texture": "#0"},
				"south": {"uv": [6.005, 12.005, 6.995, 14.995], "texture": "#0"},
				"west": {"uv": [6, 12.005, 6.4, 14.995], "texture": "#0"},
				"up": {"uv": [6.995, 12, 6.005, 12.4], "rotation": 180, "texture": "#0"},
				"down": {"uv": [6.995, 14.6, 6.005, 15], "rotation": 180, "texture": "#0"}
			}
		},
		{
			"from": [6.005, 5.005, 10],
			"to": [9.995, 7.995, 10.4],
			"rotation": {"angle": 0, "axis": "y", "origin": [8, 8, 8]},
			"faces": {
				"east": {"uv": [9.6, 8.005, 10, 10.995], "texture": "#0"},
				"south": {"uv": [6.005, 8.005, 9.995, 10.995], "texture": "#0"},
				"west": {"uv": [6, 8.005, 6.4, 10.995], "texture": "#0"},
				"up": {"uv": [9.995, 8, 6.005, 8.4], "rotation": 180, "texture": "#0"},
				"down": {"uv": [9.995, 10.6, 6.005, 11], "rotation": 180, "texture": "#0"}
			}
		},
		{
			"from": [8.005, 9.005, 10],
			"to": [9.995, 11.995, 10.4],
			"rotation": {"angle": 0, "axis": "y", "origin": [8, 8, 8]},
			"faces": {
				"east": {"uv": [9.6, 4.005, 10, 6.995], "texture": "#0"},
				"south": {"uv": [8.005, 4.005, 9.995, 6.995], "texture": "#0"},
				"west": {"uv": [8, 4.005, 8.4, 6.995], "texture": "#0"},
				"up": {"uv": [9.995, 4, 8.005, 4.4], "rotation": 180, "texture": "#0"},
				"down": {"uv": [9.995, 6.6, 8.005, 7], "rotation": 180, "texture": "#0"}
			}
		},
		{
			"from": [6.005, 9.005, 10],
			"to": [6.995, 11.995, 10.4],
			"rotation": {"angle": 0, "axis": "y", "origin": [8, 8, 8]},
			"faces": {
				"east": {"uv": [6.6, 4.005, 7, 6.995], "texture": "#0"},
				"south": {"uv": [6.005, 4.005, 6.995, 6.995], "texture": "#0"},
				"west": {"uv": [6, 4.005, 6.4, 6.995], "texture": "#0"},
				"up": {"uv": [6.995, 4, 6.005, 4.4], "rotation": 180, "texture": "#0"},
				"down": {"uv": [6.995, 6.6, 6.005, 7], "rotation": 180, "texture": "#0"}
			}
		},
		{
			"from": [6.005, 13.005, 10],
			"to": [9.995, 15.995, 10.4],
			"rotation": {"angle": 0, "axis": "y", "origin": [8, 8, 8]},
			"faces": {
				"east": {"uv": [9.6, 0.005, 10, 2.995], "texture": "#0"},
				"south": {"uv": [6.005, 0.005, 9.995, 2.995], "texture": "#0"},
				"west": {"uv": [6, 0.005, 6.4, 2.995], "texture": "#0"},
				"up": {"uv": [9.995, 0, 6.005, 0.4], "rotation": 180, "texture": "#0"},
				"down": {"uv": [9.995, 2.6, 6.005, 3], "rotation": 180, "texture": "#0"}
			}
		},
		{
			"from": [5.6, 1.005, 8.005],
			"to": [6, 3.995, 9.995],
			"rotation": {"angle": 0, "axis": "y", "origin": [8, 8, 8]},
			"faces": {
				"north": {"uv": [8, 12.005, 8.4, 14.995], "texture": "#0"},
				"south": {"uv": [9.6, 12.005, 10, 14.995], "texture": "#0"},
				"west": {"uv": [8.005, 12.005, 9.995, 14.995], "texture": "#0"},
				"up": {"uv": [9.995, 12, 8.005, 12.4], "rotation": 270, "texture": "#0"},
				"down": {"uv": [9.995, 14.6, 8.005, 15], "rotation": 90, "texture": "#0"}
			}
		},
		{
			"from": [5.6, 1.005, 6.005],
			"to": [6, 3.995, 6.995],
			"rotation": {"angle": 0, "axis": "y", "origin": [8, 8, 8]},
			"faces": {
				"north": {"uv": [6, 12.005, 6.4, 14.995], "texture": "#0"},
				"south": {"uv": [6.6, 12.005, 7, 14.995], "texture": "#0"},
				"west": {"uv": [6.005, 12.005, 6.995, 14.995], "texture": "#0"},
				"up": {"uv": [6.995, 12, 6.005, 12.4], "rotation": 270, "texture": "#0"},
				"down": {"uv": [6.995, 14.6, 6.005, 15], "rotation": 90, "texture": "#0"}
			}
		},
		{
			"from": [5.6, 5.005, 6.005],
			"to": [6, 7.995, 9.995],
			"rotation": {"angle": 0, "axis": "y", "origin": [8, 8, 8]},
			"faces": {
				"north": {"uv": [6, 8.005, 6.4, 10.995], "texture": "#0"},
				"south": {"uv": [9.6, 8.005, 10, 10.995], "texture": "#0"},
				"west": {"uv": [6.005, 8.005, 9.995, 10.995], "texture": "#0"},
				"up": {"uv": [9.995, 8, 6.005, 8.4], "rotation": 270, "texture": "#0"},
				"down": {"uv": [9.995, 10.6, 6.005, 11], "rotation": 90, "texture": "#0"}
			}
		},
		{
			"from": [5.6, 9.005, 8.005],
			"to": [6, 11.995, 9.995],
			"rotation": {"angle": 0, "axis": "y", "origin": [8, 8, 8]},
			"faces": {
				"north": {"uv": [8, 4.005, 8.4, 6.995], "texture": "#0"},
				"south": {"uv": [9.6, 4.005, 10, 6.995], "texture": "#0"},
				"west": {"uv": [8.005, 4.005, 9.995, 6.995], "texture": "#0"},
				"up": {"uv": [9.995, 4, 8.005, 4.4], "rotation": 270, "texture": "#0"},
				"down": {"uv": [9.995, 6.6, 8.005, 7], "rotation": 90, "texture": "#0"}
			}
		},
		{
			"from": [5.6, 9.005, 6.005],
			"to": [6, 11.995, 6.995],
			"rotation": {"angle": 0, "axis": "y", "origin": [8, 8, 8]},
			"faces": {
				"north": {"uv": [6, 4.005, 6.4, 6.995], "texture": "#0"},
				"south": {"uv": [6.6, 4.005, 7, 6.995], "texture": "#0"},
				"west": {"uv": [6.005, 4.005, 6.995, 6.995], "texture": "#0"},
				"up": {"uv": [6.995, 4, 6.005, 4.4], "rotation": 270, "texture": "#0"},
				"down": {"uv": [6.995, 6.6, 6.005, 7], "rotation": 90, "texture": "#0"}
			}
		},
		{
			"from": [5.6, 13.005, 6.005],
			"to": [6, 15.995, 9.995],
			"rotation": {"angle": 0, "axis": "y", "origin": [8, 8, 8]},
			"faces": {
				"north": {"uv": [6, 0.005, 6.4, 2.995], "texture": "#0"},
				"south": {"uv": [9.6, 0.005, 10, 2.995], "texture": "#0"},
				"west": {"uv": [6.005, 0.005, 9.995, 2.995], "texture": "#0"},
				"up": {"uv": [9.995, 0, 6.005, 0.4], "rotation": 270, "texture": "#0"},
				"down": {"uv": [9.995, 2.6, 6.005, 3], "rotation": 90, "texture": "#0"}
			}
		},
		{
			"from": [6.005, 16, 8.005],
			"to": [9.995, 16.4, 9.995],
			"rotation": {"angle": 0, "axis": "y", "origin": [8, 8, 8]},
			"faces": {
				"north": {"uv": [9.995, 8, 6.005, 8.4], "texture": "#0"},
				"east": {"uv": [9.6, 8.005, 10, 9.995], "rotation": 90, "texture": "#0"},
				"south": {"uv": [9.995, 9.6, 6.005, 10], "rotation": 180, "texture": "#0"},
				"west": {"uv": [6, 8.005, 6.4, 9.995], "rotation": 270, "texture": "#0"},
				"up": {"uv": [6.005, 8.005, 9.995, 9.995], "texture": "#0"}
			}
		},
		{
			"from": [8.005, 16, 6.005],
			"to": [9.995, 16.4, 6.995],
			"rotation": {"angle": 0, "axis": "y", "origin": [8, 8, 8]},
			"faces": {
				"north": {"uv": [9.995, 6, 8.005, 6.4], "texture": "#0"},
				"east": {"uv": [9.6, 6.005, 10, 6.995], "rotation": 90, "texture": "#0"},
				"south": {"uv": [9.995, 6.6, 8.005, 7], "rotation": 180, "texture": "#0"},
				"west": {"uv": [8, 6.005, 8.4, 6.995], "rotation": 270, "texture": "#0"},
				"up": {"uv": [8.005, 6.005, 9.995, 6.995], "texture": "#0"}
			}
		},
		{
			"from": [6.005, 16, 6.005],
			"to": [6.995, 16.4, 6.995],
			"rotation": {"angle": 0, "axis": "y", "origin": [8, 8, 8]},
			"faces": {
				"north": {"uv": [6.995, 6, 6.005, 6.4], "texture": "#0"},
				"east": {"uv": [6.6, 6.005, 7, 6.995], "rotation": 90, "texture": "#0"},
				"south": {"uv": [6.995, 6.6, 6.005, 7], "rotation": 180, "texture": "#0"},
				"west": {"uv": [6, 6.005, 6.4, 6.995], "rotation": 270, "texture": "#0"},
				"up": {"uv": [6.005, 6.005, 6.995, 6.995], "texture": "#0"}
			}
		},
		{
			"from": [6.005, -0.4, 6.005],
			"to": [9.995, 0, 7.995],
			"rotation": {"angle": 0, "axis": "x", "origin": [8, 8, 8]},
			"faces": {
				"north": {"uv": [9.995, 9.6, 6.005, 10], "texture": "#0"},
				"east": {"uv": [9.6, 8.005, 10, 9.995], "rotation": 270, "texture": "#0"},
				"south": {"uv": [9.995, 8, 6.005, 8.4], "rotation": 180, "texture": "#0"},
				"west": {"uv": [6, 8.005, 6.4, 9.995], "rotation": 90, "texture": "#0"},
				"down": {"uv": [6.005, 8.005, 9.995, 9.995], "texture": "#0"}
			}
		},
		{
			"from": [8.005, -0.4, 9.005],
			"to": [9.995, 0, 9.995],
			"rotation": {"angle": 0, "axis": "x", "origin": [8, 8, 8]},
			"faces": {
				"north": {"uv": [9.995, 6.6, 8.005, 7], "texture": "#0"},
				"east": {"uv": [9.6, 6.005, 10, 6.995], "rotation": 270, "texture": "#0"},
				"south": {"uv": [9.995, 6, 8.005, 6.4], "rotation": 180, "texture": "#0"},
				"west": {"uv": [8, 6.005, 8.4, 6.995], "rotation": 90, "texture": "#0"},
				"down": {"uv": [8.005, 6.005, 9.995, 6.995], "texture": "#0"}
			}
		},
		{
			"from": [6.005, -0.4, 9.005],
			"to": [6.995, 0, 9.995],
			"rotation": {"angle": 0, "axis": "x", "origin": [8, 8, 8]},
			"faces": {
				"north": {"uv": [6.995, 6.6, 6.005, 7], "texture": "#0"},
				"east": {"uv": [6.6, 6.005, 7, 6.995], "rotation": 270, "texture": "#0"},
				"south": {"uv": [6.995, 6, 6.005, 6.4], "rotation": 180, "texture": "#0"},
				"west": {"uv": [6, 6.005, 6.4, 6.995], "rotation": 90, "texture": "#0"},
				"down": {"uv": [6.005, 6.005, 6.995, 6.995], "texture": "#0"}
			}
		}
	],
	"groups": [
		0,
		{
			"name": "N",
			"origin": [8, 8, 8],
			"color": 0,
			"children": [1, 2, 3, 4, 5, 6]
		},
		{
			"name": "E",
			"origin": [8, 8, 8],
			"color": 0,
			"children": [7, 8, 9, 10, 11, 12]
		},
		{
			"name": "S",
			"origin": [8, 8, 8],
			"color": 0,
			"children": [13, 14, 15, 16, 17, 18]
		},
		{
			"name": "W",
			"origin": [8, 8, 8],
			"color": 0,
			"children": [19, 20, 21, 22, 23, 24]
		},
		{
			"name": "U",
			"origin": [8, 8, 8],
			"color": 0,
			"children": [25, 26, 27]
		},
		{
			"name": "B",
			"origin": [8, 8, 8],
			"color": 0,
			"children": [28, 29, 30]
		}
	]
}