{
	"credit": "Made by SkylaDev :3 https://skyla.dev/",
	"ambientocclusion": false,
	"textures": {
		"0": "#torch",
		"particle": "#torch"
	},
	"elements": [
		{
			"name": "base",
			"from": [7, 0, 7],
			"to": [9, 10, 9],
			"faces": {
				"north": {"uv": [7, 6, 9, 16], "texture": "#0"},
				"east": {"uv": [7, 6, 9, 16], "texture": "#0"},
				"south": {"uv": [7, 6, 9, 16], "texture": "#0"},
				"west": {"uv": [7, 6, 9, 16], "texture": "#0"},
				"up": {"uv": [7, 6, 9, 8], "texture": "#0"},
				"down": {"uv": [7, 13, 9, 15], "texture": "#0"}
			}
		},
		{
			"name": "N",
			"from": [7, 8, 6.75],
			"to": [9, 10, 7],
			"rotation": {"angle": 0, "axis": "x", "origin": [8, 9, 8]},
			"faces": {
				"north": {"uv": [7, 6, 9, 8], "texture": "#0"},
				"east": {"uv": [7, 6, 7.25, 8], "texture": "#0"},
				"west": {"uv": [8.75, 6, 9, 8], "texture": "#0"},
				"up": {"uv": [7, 6, 9, 6.25], "rotation": 180, "texture": "#0"},
				"down": {"uv": [7, 7.75, 9, 8], "rotation": 180, "texture": "#0"}
			}
		},
		{
			"name": "E",
			"from": [9, 8, 7],
			"to": [9.25, 10, 9],
			"rotation": {"angle": 0, "axis": "y", "origin": [8, 9, 8]},
			"faces": {
				"north": {"uv": [8.75, 6, 9, 8], "texture": "#0"},
				"east": {"uv": [7, 6, 9, 8], "texture": "#0"},
				"south": {"uv": [7, 6, 7.25, 8], "texture": "#0"},
				"up": {"uv": [7, 6, 9, 6.25], "rotation": 270, "texture": "#0"},
				"down": {"uv": [7, 7.75, 9, 8], "rotation": 90, "texture": "#0"}
			}
		},
		{
			"name": "S",
			"from": [7, 8, 9],
			"to": [9, 10, 9.25],
			"rotation": {"angle": 0, "axis": "y", "origin": [8, 9, 8]},
			"faces": {
				"east": {"uv": [8.75, 6, 9, 8], "texture": "#0"},
				"south": {"uv": [7, 6, 9, 8], "texture": "#0"},
				"west": {"uv": [7, 6, 7.25, 8], "texture": "#0"},
				"up": {"uv": [7, 6, 9, 6.25], "texture": "#0"},
				"down": {"uv": [7, 7.75, 9, 8], "texture": "#0"}
			}
		},
		{
			"name": "W",
			"from": [6.75, 8, 7],
			"to": [7, 10, 9],
			"rotation": {"angle": 0, "axis": "y", "origin": [8, 9, 8]},
			"faces": {
				"north": {"uv": [7, 6, 7.25, 8], "texture": "#0"},
				"south": {"uv": [8.75, 6, 9, 8], "texture": "#0"},
				"west": {"uv": [7, 6, 9, 8], "texture": "#0"},
				"up": {"uv": [7, 6, 9, 6.25], "rotation": 90, "texture": "#0"},
				"down": {"uv": [7, 7.75, 9, 8], "rotation": 270, "texture": "#0"}
			}
		},
		{
			"name": "U",
			"from": [7, 10, 7],
			"to": [9, 10.25, 9],
			"rotation": {"angle": 0, "axis": "y", "origin": [8, 9, 8]},
			"faces": {
				"north": {"uv": [7, 6, 9, 6.25], "rotation": 180, "texture": "#0"},
				"east": {"uv": [8.75, 6, 9, 8], "rotation": 90, "texture": "#0"},
				"south": {"uv": [7, 7.75, 9, 8], "texture": "#0"},
				"west": {"uv": [7, 6, 7.25, 8], "rotation": 270, "texture": "#0"},
				"up": {"uv": [7, 6, 9, 8], "texture": "#0"}
			}
		}
	],
	"gui_light": "front",
	"display": {
		"thirdperson_righthand": {
			"translation": [0, 3, 1],
			"scale": [0.55, 0.55, 0.55]
		},
		"thirdperson_lefthand": {
			"translation": [0, 3, 1],
			"scale": [0.55, 0.55, 0.55]
		},
		"firstperson_righthand": {
			"rotation": [0, -90, 25],
			"translation": [1.13, 3.2, 1.13],
			"scale": [0.68, 0.68, 0.68]
		},
		"firstperson_lefthand": {
			"rotation": [0, -90, 25],
			"translation": [1.13, 3.2, 1.13],
			"scale": [0.68, 0.68, 0.68]
		},
		"ground": {
			"translation": [0, 2, 0],
			"scale": [0.5, 0.5, 0.5]
		},
		"gui": {
			"rotation": [30, 225, 0]
		},
		"head": {
			"translation": [0, 14.25, 0]
		},
		"fixed": {
			"rotation": [0, 180, 0]
		}
	},
	"groups": [
		0,
		{
			"name": "top",
			"origin": [8, 8, 8],
			"color": 0,
			"children": [1, 2, 3, 4, 5]
		}
	]
}