{
	"credit": "Made by SkylaDev :3 https://skyla.dev/",
	"textures": {
		"0": "#planks",
		"particle": "#planks"
	},
	"elements": [
		{
			"name": "base",
			"from": [1, 0, 1],
			"to": [15, 1, 15],
			"faces": {
				"north": {"uv": [1, 15, 15, 16], "texture": "#0"},
				"east": {"uv": [1, 15, 15, 16], "texture": "#0"},
				"south": {"uv": [1, 15, 15, 16], "texture": "#0"},
				"west": {"uv": [1, 15, 15, 16], "texture": "#0"},
				"up": {"uv": [1, 1, 15, 15], "texture": "#0"},
				"down": {"uv": [1, 1, 15, 15], "texture": "#0"}
			}
		},
		{
			"from": [8.005, 1, 12.005],
			"to": [14.995, 1.4, 14.995],
			"rotation": {"angle": 0, "axis": "y", "origin": [8, 8, 8]},
			"faces": {
				"north": {"uv": [14.995, 12, 8.005, 12.4], "texture": "#0"},
				"east": {"uv": [14.6, 12.005, 15, 14.995], "rotation": 90, "texture": "#0"},
				"south": {"uv": [14.995, 14.6, 8.005, 15], "rotation": 180, "texture": "#0"},
				"west": {"uv": [8, 12.005, 8.4, 14.995], "rotation": 270, "texture": "#0"},
				"up": {"uv": [8.005, 12.005, 14.995, 14.995], "texture": "#0"}
			}
		},
		{
			"from": [1.005, 1, 12.005],
			"to": [6.995, 1.4, 14.995],
			"rotation": {"angle": 0, "axis": "y", "origin": [8, 8, 8]},
			"faces": {
				"north": {"uv": [6.995, 12, 1.005, 12.4], "texture": "#0"},
				"east": {"uv": [6.6, 12.005, 7, 14.995], "rotation": 90, "texture": "#0"},
				"south": {"uv": [6.995, 14.6, 1.005, 15], "rotation": 180, "texture": "#0"},
				"west": {"uv": [1, 12.005, 1.4, 14.995], "rotation": 270, "texture": "#0"},
				"up": {"uv": [1.005, 12.005, 6.995, 14.995], "texture": "#0"}
			}
		},
		{
			"from": [1.005, 1, 8.005],
			"to": [14.995, 1.4, 10.995],
			"rotation": {"angle": 0, "axis": "y", "origin": [8, 8, 8]},
			"faces": {
				"north": {"uv": [14.995, 8, 1.005, 8.4], "texture": "#0"},
				"east": {"uv": [14.6, 8.005, 15, 10.995], "rotation": 90, "texture": "#0"},
				"south": {"uv": [14.995, 10.6, 1.005, 11], "rotation": 180, "texture": "#0"},
				"west": {"uv": [1, 8.005, 1.4, 10.995], "rotation": 270, "texture": "#0"},
				"up": {"uv": [1.005, 8.005, 14.995, 10.995], "texture": "#0"}
			}
		},
		{
			"from": [8.005, 1, 4.005],
			"to": [14.995, 1.4, 6.995],
			"rotation": {"angle": 0, "axis": "y", "origin": [8, 8, 8]},
			"faces": {
				"north": {"uv": [14.995, 4, 8.005, 4.4], "texture": "#0"},
				"east": {"uv": [14.6, 4.005, 15, 6.995], "rotation": 90, "texture": "#0"},
				"south": {"uv": [14.995, 6.6, 8.005, 7], "rotation": 180, "texture": "#0"},
				"west": {"uv": [8, 4.005, 8.4, 6.995], "rotation": 270, "texture": "#0"},
				"up": {"uv": [8.005, 4.005, 14.995, 6.995], "texture": "#0"}
			}
		},
		{
			"from": [1.005, 1, 4.005],
			"to": [6.995, 1.4, 6.995],
			"rotation": {"angle": 0, "axis": "y", "origin": [8, 8, 8]},
			"faces": {
				"north": {"uv": [6.995, 4, 1.005, 4.4], "texture": "#0"},
				"east": {"uv": [6.6, 4.005, 7, 6.995], "rotation": 90, "texture": "#0"},
				"south": {"uv": [6.995, 6.6, 1.005, 7], "rotation": 180, "texture": "#0"},
				"west": {"uv": [1, 4.005, 1.4, 6.995], "rotation": 270, "texture": "#0"},
				"up": {"uv": [1.005, 4.005, 6.995, 6.995], "texture": "#0"}
			}
		},
		{
			"from": [1.005, 1, 1.005],
			"to": [14.995, 1.4, 2.995],
			"rotation": {"angle": 0, "axis": "y", "origin": [8, 8, 8]},
			"faces": {
				"north": {"uv": [14.995, 1, 1.005, 1.4], "texture": "#0"},
				"east": {"uv": [14.6, 1.005, 15, 2.995], "rotation": 90, "texture": "#0"},
				"south": {"uv": [14.995, 2.6, 1.005, 3], "rotation": 180, "texture": "#0"},
				"west": {"uv": [1, 1.005, 1.4, 2.995], "rotation": 270, "texture": "#0"},
				"up": {"uv": [1.005, 1.005, 14.995, 2.995], "texture": "#0"}
			}
		},
		{
			"from": [8.005, -0.4, 1.005],
			"to": [14.995, 0, 3.995],
			"rotation": {"angle": 0, "axis": "x", "origin": [8, 8, 8]},
			"faces": {
				"north": {"uv": [14.995, 14.6, 8.005, 15], "texture": "#0"},
				"east": {"uv": [14.6, 12.005, 15, 14.995], "rotation": 270, "texture": "#0"},
				"south": {"uv": [14.995, 12, 8.005, 12.4], "rotation": 180, "texture": "#0"},
				"west": {"uv": [8, 12.005, 8.4, 14.995], "rotation": 90, "texture": "#0"},
				"down": {"uv": [8.005, 12.005, 14.995, 14.995], "texture": "#0"}
			}
		},
		{
			"from": [1.005, -0.4, 1.005],
			"to": [6.995, 0, 3.995],
			"rotation": {"angle": 0, "axis": "x", "origin": [8, 8, 8]},
			"faces": {
				"north": {"uv": [6.995, 14.6, 1.005, 15], "texture": "#0"},
				"east": {"uv": [6.6, 12.005, 7, 14.995], "rotation": 270, "texture": "#0"},
				"south": {"uv": [6.995, 12, 1.005, 12.4], "rotation": 180, "texture": "#0"},
				"west": {"uv": [1, 12.005, 1.4, 14.995], "rotation": 90, "texture": "#0"},
				"down": {"uv": [1.005, 12.005, 6.995, 14.995], "texture": "#0"}
			}
		},
		{
			"from": [1.005, -0.4, 5.005],
			"to": [14.995, 0, 7.995],
			"rotation": {"angle": 0, "axis": "x", "origin": [8, 8, 8]},
			"faces": {
				"north": {"uv": [14.995, 10.6, 1.005, 11], "texture": "#0"},
				"east": {"uv": [14.6, 8.005, 15, 10.995], "rotation": 270, "texture": "#0"},
				"south": {"uv": [14.995, 8, 1.005, 8.4], "rotation": 180, "texture": "#0"},
				"west": {"uv": [1, 8.005, 1.4, 10.995], "rotation": 90, "texture": "#0"},
				"down": {"uv": [1.005, 8.005, 14.995, 10.995], "texture": "#0"}
			}
		},
		{
			"from": [8.005, -0.4, 9.005],
			"to": [14.995, 0, 11.995],
			"rotation": {"angle": 0, "axis": "x", "origin": [8, 8, 8]},
			"faces": {
				"north": {"uv": [14.995, 6.6, 8.005, 7], "texture": "#0"},
				"east": {"uv": [14.6, 4.005, 15, 6.995], "rotation": 270, "texture": "#0"},
				"south": {"uv": [14.995, 4, 8.005, 4.4], "rotation": 180, "texture": "#0"},
				"west": {"uv": [8, 4.005, 8.4, 6.995], "rotation": 90, "texture": "#0"},
				"down": {"uv": [8.005, 4.005, 14.995, 6.995], "texture": "#0"}
			}
		},
		{
			"from": [1.005, -0.4, 9.005],
			"to": [6.995, 0, 11.995],
			"rotation": {"angle": 0, "axis": "x", "origin": [8, 8, 8]},
			"faces": {
				"north": {"uv": [6.995, 6.6, 1.005, 7], "texture": "#0"},
				"east": {"uv": [6.6, 4.005, 7, 6.995], "rotation": 270, "texture": "#0"},
				"south": {"uv": [6.995, 4, 1.005, 4.4], "rotation": 180, "texture": "#0"},
				"west": {"uv": [1, 4.005, 1.4, 6.995], "rotation": 90, "texture": "#0"},
				"down": {"uv": [1.005, 4.005, 6.995, 6.995], "texture": "#0"}
			}
		},
		{
			"from": [1.005, -0.4, 13.005],
			"to": [14.995, 0, 14.995],
			"rotation": {"angle": 0, "axis": "x", "origin": [8, 8, 8]},
			"faces": {
				"north": {"uv": [14.995, 2.6, 1.005, 3], "texture": "#0"},
				"east": {"uv": [14.6, 1.005, 15, 2.995], "rotation": 270, "texture": "#0"},
				"south": {"uv": [14.995, 1, 1.005, 1.4], "rotation": 180, "texture": "#0"},
				"west": {"uv": [1, 1.005, 1.4, 2.995], "rotation": 90, "texture": "#0"},
				"down": {"uv": [1.005, 1.005, 14.995, 2.995], "texture": "#0"}
			}
		}
	],
	"display": {
		"thirdperson_righthand": {
			"rotation": [75, 45, 0],
			"translation": [0, 2.5, 2],
			"scale": [0.375, 0.375, 0.375]
		},
		"thirdperson_lefthand": {
			"rotation": [75, 45, 0],
			"translation": [0, 2.5, 2],
			"scale": [0.375, 0.375, 0.375]
		},
		"firstperson_righthand": {
			"rotation": [0, 45, 0],
			"translation": [0, 4, 0],
			"scale": [0.4, 0.4, 0.4]
		},
		"firstperson_lefthand": {
			"rotation": [0, 225, 0],
			"translation": [0, 4, 0],
			"scale": [0.4, 0.4, 0.4]
		},
		"ground": {
			"translation": [0, 3, 0],
			"scale": [0.25, 0.25, 0.25]
		},
		"gui": {
			"rotation": [30, 225, 0],
			"scale": [0.625, 0.625, 0.625]
		},
		"head": {
			"translation": [0, 15, 0]
		},
		"fixed": {
			"scale": [0.5, 0.5, 0.5]
		}
	},
	"groups": [
		0,
		{
			"name": "U",
			"origin": [8, 8, 8],
			"color": 0,
			"children": [1, 2, 3, 4, 5, 6]
		},
		{
			"name": "B",
			"origin": [8, 8, 8],
			"color": 0,
			"children": [7, 8, 9, 10, 11, 12]
		}
	]
}