{
	"credit": "Made by SkylaDev :3 https://skyla.dev/",
	"ambientocclusion": false,
	"textures": {
		"0": "#planks",
		"particle": "#planks"
	},
	"elements": [
		{
			"name": "base",
			"from": [6, 0, 0],
			"to": [10, 16, 4],
			"faces": {
				"north": {"uv": [6, 0, 10, 16], "texture": "#0"},
				"east": {"uv": [6, 0, 10, 16], "texture": "#0"},
				"south": {"uv": [6, 0, 10, 16], "texture": "#0"},
				"west": {"uv": [6, 0, 10, 16], "texture": "#0"},
				"up": {"uv": [6, 6, 10, 10], "texture": "#0"},
				"down": {"uv": [6, 6, 10, 10], "texture": "#0"}
			}
		},
		{
			"from": [6.005, 1.005, -0.4],
			"to": [7.995, 3.995, 0],
			"rotation": {"angle": 0, "axis": "y", "origin": [8, 8, 8]},
			"faces": {
				"north": {"uv": [8.005, 12.005, 9.995, 14.995], "texture": "#0"},
				"east": {"uv": [8, 12.005, 8.4, 14.995], "texture": "#0"},
				"west": {"uv": [9.6, 12.005, 10, 14.995], "texture": "#0"},
				"up": {"uv": [9.995, 12, 8.005, 12.4], "texture": "#0"},
				"down": {"uv": [9.995, 14.6, 8.005, 15], "texture": "#0"}
			}
		},
		{
			"from": [9.005, 1.005, -0.4],
			"to": [9.995, 3.995, 0],
			"rotation": {"angle": 0, "axis": "y", "origin": [8, 8, 8]},
			"faces": {
				"north": {"uv": [6.005, 12.005, 6.995, 14.995], "texture": "#0"},
				"east": {"uv": [6, 12.005, 6.4, 14.995], "texture": "#0"},
				"west": {"uv": [6.6, 12.005, 7, 14.995], "texture": "#0"},
				"up": {"uv": [6.995, 12, 6.005, 12.4], "texture": "#0"},
				"down": {"uv": [6.995, 14.6, 6.005, 15], "texture": "#0"}
			}
		},
		{
			"from": [6.005, 5.005, -0.4],
			"to": [9.995, 7.995, 0],
			"rotation": {"angle": 0, "axis": "y", "origin": [8, 8, 8]},
			"faces": {
				"north": {"uv": [6.005, 8.005, 9.995, 10.995], "texture": "#0"},
				"east": {"uv": [6, 8.005, 6.4, 10.995], "texture": "#0"},
				"west": {"uv": [9.6, 8.005, 10, 10.995], "texture": "#0"},
				"up": {"uv": [9.995, 8, 6.005, 8.4], "texture": "#0"},
				"down": {"uv": [9.995, 10.6, 6.005, 11], "texture": "#0"}
			}
		},
		{
			"from": [6.005, 9.005, -0.4],
			"to": [7.995, 11.995, 0],
			"rotation": {"angle": 0, "axis": "y", "origin": [8, 8, 8]},
			"faces": {
				"north": {"uv": [8.005, 4.005, 9.995, 6.995], "texture": "#0"},
				"east": {"uv": [8, 4.005, 8.4, 6.995], "texture": "#0"},
				"west": {"uv": [9.6, 4.005, 10, 6.995], "texture": "#0"},
				"up": {"uv": [9.995, 4, 8.005, 4.4], "texture": "#0"},
				"down": {"uv": [9.995, 6.6, 8.005, 7], "texture": "#0"}
			}
		},
		{
			"from": [9.005, 9.005, -0.4],
			"to": [9.995, 11.995, 0],
			"rotation": {"angle": 0, "axis": "y", "origin": [8, 8, 8]},
			"faces": {
				"north": {"uv": [6.005, 4.005, 6.995, 6.995], "texture": "#0"},
				"east": {"uv": [6, 4.005, 6.4, 6.995], "texture": "#0"},
				"west": {"uv": [6.6, 4.005, 7, 6.995], "texture": "#0"},
				"up": {"uv": [6.995, 4, 6.005, 4.4], "texture": "#0"},
				"down": {"uv": [6.995, 6.6, 6.005, 7], "texture": "#0"}
			}
		},
		{
			"from": [6.005, 13.005, -0.4],
			"to": [9.995, 15.995, 0],
			"rotation": {"angle": 0, "axis": "y", "origin": [8, 8, 8]},
			"faces": {
				"north": {"uv": [6.005, 0.005, 9.995, 2.995], "texture": "#0"},
				"east": {"uv": [6, 0.005, 6.4, 2.995], "texture": "#0"},
				"west": {"uv": [9.6, 0.005, 10, 2.995], "texture": "#0"},
				"up": {"uv": [9.995, 0, 6.005, 0.4], "texture": "#0"},
				"down": {"uv": [9.995, 2.6, 6.005, 3], "texture": "#0"}
			}
		},
		{
			"from": [10, 1.005, 0.005],
			"to": [10.4, 3.995, 1.995],
			"rotation": {"angle": 0, "axis": "y", "origin": [8, 8, 8]},
			"faces": {
				"north": {"uv": [9.6, 12.005, 10, 14.995], "texture": "#0"},
				"east": {"uv": [8.005, 12.005, 9.995, 14.995], "texture": "#0"},
				"south": {"uv": [8, 12.005, 8.4, 14.995], "texture": "#0"},
				"up": {"uv": [9.995, 12, 8.005, 12.4], "rotation": 90, "texture": "#0"},
				"down": {"uv": [9.995, 14.6, 8.005, 15], "rotation": 270, "texture": "#0"}
			}
		},
		{
			"from": [10, 1.005, 3.005],
			"to": [10.4, 3.995, 3.995],
			"rotation": {"angle": 0, "axis": "y", "origin": [8, 8, 8]},
			"faces": {
				"north": {"uv": [6.6, 12.005, 7, 14.995], "texture": "#0"},
				"east": {"uv": [6.005, 12.005, 6.995, 14.995], "texture": "#0"},
				"south": {"uv": [6, 12.005, 6.4, 14.995], "texture": "#0"},
				"up": {"uv": [6.995, 12, 6.005, 12.4], "rotation": 90, "texture": "#0"},
				"down": {"uv": [6.995, 14.6, 6.005, 15], "rotation": 270, "texture": "#0"}
			}
		},
		{
			"from": [10, 5.005, 0.005],
			"to": [10.4, 7.995, 3.995],
			"rotation": {"angle": 0, "axis": "y", "origin": [8, 8, 8]},
			"faces": {
				"north": {"uv": [9.6, 8.005, 10, 10.995], "texture": "#0"},
				"east": {"uv": [6.005, 8.005, 9.995, 10.995], "texture": "#0"},
				"south": {"uv": [6, 8.005, 6.4, 10.995], "texture": "#0"},
				"up": {"uv": [9.995, 8, 6.005, 8.4], "rotation": 90, "texture": "#0"},
				"down": {"uv": [9.995, 10.6, 6.005, 11], "rotation": 270, "texture": "#0"}
			}
		},
		{
			"from": [10, 9.005, 0.005],
			"to": [10.4, 11.995, 1.995],
			"rotation": {"angle": 0, "axis": "y", "origin": [8, 8, 8]},
			"faces": {
				"north": {"uv": [9.6, 4.005, 10, 6.995], "texture": "#0"},
				"east": {"uv": [8.005, 4.005, 9.995, 6.995], "texture": "#0"},
				"south": {"uv": [8, 4.005, 8.4, 6.995], "texture": "#0"},
				"up": {"uv": [9.995, 4, 8.005, 4.4], "rotation": 90, "texture": "#0"},
				"down": {"uv": [9.995, 6.6, 8.005, 7], "rotation": 270, "texture": "#0"}
			}
		},
		{
			"from": [10, 9.005, 3.005],
			"to": [10.4, 11.995, 3.995],
			"rotation": {"angle": 0, "axis": "y", "origin": [8, 8, 8]},
			"faces": {
				"north": {"uv": [6.6, 4.005, 7, 6.995], "texture": "#0"},
				"east": {"uv": [6.005, 4.005, 6.995, 6.995], "texture": "#0"},
				"south": {"uv": [6, 4.005, 6.4, 6.995], "texture": "#0"},
				"up": {"uv": [6.995, 4, 6.005, 4.4], "rotation": 90, "texture": "#0"},
				"down": {"uv": [6.995, 6.6, 6.005, 7], "rotation": 270, "texture": "#0"}
			}
		},
		{
			"from": [10, 13.005, 0.005],
			"to": [10.4, 15.995, 3.995],
			"rotation": {"angle": 0, "axis": "y", "origin": [8, 8, 8]},
			"faces": {
				"north": {"uv": [9.6, 0.005, 10, 2.995], "texture": "#0"},
				"east": {"uv": [6.005, 0.005, 9.995, 2.995], "texture": "#0"},
				"south": {"uv": [6, 0.005, 6.4, 2.995], "texture": "#0"},
				"up": {"uv": [9.995, 0, 6.005, 0.4], "rotation": 90, "texture": "#0"},
				"down": {"uv": [9.995, 2.6, 6.005, 3], "rotation": 270, "texture": "#0"}
			}
		},
		{
			"from": [8.005, 1.005, 4],
			"to": [9.995, 3.995, 4.4],
			"rotation": {"angle": 0, "axis": "y", "origin": [8, 8, 8]},
			"faces": {
				"east": {"uv": [9.6, 12.005, 10, 14.995], "texture": "#0"},
				"south": {"uv": [8.005, 12.005, 9.995, 14.995], "texture": "#0"},
				"west": {"uv": [8, 12.005, 8.4, 14.995], "texture": "#0"},
				"up": {"uv": [9.995, 12, 8.005, 12.4], "rotation": 180, "texture": "#0"},
				"down": {"uv": [9.995, 14.6, 8.005, 15], "rotation": 180, "texture": "#0"}
			}
		},
		{
			"from": [6.005, 1.005, 4],
			"to": [6.995, 3.995, 4.4],
			"rotation": {"angle": 0, "axis": "y", "origin": [8, 8, 8]},
			"faces": {
				"east": {"uv": [6.6, 12.005, 7, 14.995], "texture": "#0"},
				"south": {"uv": [6.005, 12.005, 6.995, 14.995], "texture": "#0"},
				"west": {"uv": [6, 12.005, 6.4, 14.995], "texture": "#0"},
				"up": {"uv": [6.995, 12, 6.005, 12.4], "rotation": 180, "texture": "#0"},
				"down": {"uv": [6.995, 14.6, 6.005, 15], "rotation": 180, "texture": "#0"}
			}
		},
		{
			"from": [6.005, 5.005, 4],
			"to": [9.995, 7.995, 4.4],
			"rotation": {"angle": 0, "axis": "y", "origin": [8, 8, 8]},
			"faces": {
				"east": {"uv": [9.6, 8.005, 10, 10.995], "texture": "#0"},
				"south": {"uv": [6.005, 8.005, 9.995, 10.995], "texture": "#0"},
				"west": {"uv": [6, 8.005, 6.4, 10.995], "texture": "#0"},
				"up": {"uv": [9.995, 8, 6.005, 8.4], "rotation": 180, "texture": "#0"},
				"down": {"uv": [9.995, 10.6, 6.005, 11], "rotation": 180, "texture": "#0"}
			}
		},
		{
			"from": [8.005, 9.005, 4],
			"to": [9.995, 11.995, 4.4],
			"rotation": {"angle": 0, "axis": "y", "origin": [8, 8, 8]},
			"faces": {
				"east": {"uv": [9.6, 4.005, 10, 6.995], "texture": "#0"},
				"south": {"uv": [8.005, 4.005, 9.995, 6.995], "texture": "#0"},
				"west": {"uv": [8, 4.005, 8.4, 6.995], "texture": "#0"},
				"up": {"uv": [9.995, 4, 8.005, 4.4], "rotation": 180, "texture": "#0"},
				"down": {"uv": [9.995, 6.6, 8.005, 7], "rotation": 180, "texture": "#0"}
			}
		},
		{
			"from": [6.005, 9.005, 4],
			"to": [6.995, 11.995, 4.4],
			"rotation": {"angle": 0, "axis": "y", "origin": [8, 8, 8]},
			"faces": {
				"east": {"uv": [6.6, 4.005, 7, 6.995], "texture": "#0"},
				"south": {"uv": [6.005, 4.005, 6.995, 6.995], "texture": "#0"},
				"west": {"uv": [6, 4.005, 6.4, 6.995], "texture": "#0"},
				"up": {"uv": [6.995, 4, 6.005, 4.4], "rotation": 180, "texture": "#0"},
				"down": {"uv": [6.995, 6.6, 6.005, 7], "rotation": 180, "texture": "#0"}
			}
		},
		{
			"from": [6.005, 13.005, 4],
			"to": [9.995, 15.995, 4.4],
			"rotation": {"angle": 0, "axis": "y", "origin": [8, 8, 8]},
			"faces": {
				"east": {"uv": [9.6, 0.005, 10, 2.995], "texture": "#0"},
				"south": {"uv": [6.005, 0.005, 9.995, 2.995], "texture": "#0"},
				"west": {"uv": [6, 0.005, 6.4, 2.995], "texture": "#0"},
				"up": {"uv": [9.995, 0, 6.005, 0.4], "rotation": 180, "texture": "#0"},
				"down": {"uv": [9.995, 2.6, 6.005, 3], "rotation": 180, "texture": "#0"}
			}
		},
		{
			"from": [5.6, 1.005, 2.005],
			"to": [6, 3.995, 3.995],
			"rotation": {"angle": 0, "axis": "y", "origin": [8, 8, 8]},
			"faces": {
				"north": {"uv": [8, 12.005, 8.4, 14.995], "texture": "#0"},
				"south": {"uv": [9.6, 12.005, 10, 14.995], "texture": "#0"},
				"west": {"uv": [8.005, 12.005, 9.995, 14.995], "texture": "#0"},
				"up": {"uv": [9.995, 12, 8.005, 12.4], "rotation": 270, "texture": "#0"},
				"down": {"uv": [9.995, 14.6, 8.005, 15], "rotation": 90, "texture": "#0"}
			}
		},
		{
			"from": [5.6, 1.005, 0.005],
			"to": [6, 3.995, 0.995],
			"rotation": {"angle": 0, "axis": "y", "origin": [8, 8, 8]},
			"faces": {
				"north": {"uv": [6, 12.005, 6.4, 14.995], "texture": "#0"},
				"south": {"uv": [6.6, 12.005, 7, 14.995], "texture": "#0"},
				"west": {"uv": [6.005, 12.005, 6.995, 14.995], "texture": "#0"},
				"up": {"uv": [6.995, 12, 6.005, 12.4], "rotation": 270, "texture": "#0"},
				"down": {"uv": [6.995, 14.6, 6.005, 15], "rotation": 90, "texture": "#0"}
			}
		},
		{
			"from": [5.6, 5.005, 0.005],
			"to": [6, 7.995, 3.995],
			"rotation": {"angle": 0, "axis": "y", "origin": [8, 8, 8]},
			"faces": {
				"north": {"uv": [6, 8.005, 6.4, 10.995], "texture": "#0"},
				"south": {"uv": [9.6, 8.005, 10, 10.995], "texture": "#0"},
				"west": {"uv": [6.005, 8.005, 9.995, 10.995], "texture": "#0"},
				"up": {"uv": [9.995, 8, 6.005, 8.4], "rotation": 270, "texture": "#0"},
				"down": {"uv": [9.995, 10.6, 6.005, 11], "rotation": 90, "texture": "#0"}
			}
		},
		{
			"from": [5.6, 9.005, 2.005],
			"to": [6, 11.995, 3.995],
			"rotation": {"angle": 0, "axis": "y", "origin": [8, 8, 8]},
			"faces": {
				"north": {"uv": [8, 4.005, 8.4, 6.995], "texture": "#0"},
				"south": {"uv": [9.6, 4.005, 10, 6.995], "texture": "#0"},
				"west": {"uv": [8.005, 4.005, 9.995, 6.995], "texture": "#0"},
				"up": {"uv": [9.995, 4, 8.005, 4.4], "rotation": 270, "texture": "#0"},
				"down": {"uv": [9.995, 6.6, 8.005, 7], "rotation": 90, "texture": "#0"}
			}
		},
		{
			"from": [5.6, 9.005, 0.005],
			"to": [6, 11.995, 0.995],
			"rotation": {"angle": 0, "axis": "y", "origin": [8, 8, 8]},
			"faces": {
				"north": {"uv": [6, 4.005, 6.4, 6.995], "texture": "#0"},
				"south": {"uv": [6.6, 4.005, 7, 6.995], "texture": "#0"},
				"west": {"uv": [6.005, 4.005, 6.995, 6.995], "texture": "#0"},
				"up": {"uv": [6.995, 4, 6.005, 4.4], "rotation": 270, "texture": "#0"},
				"down": {"uv": [6.995, 6.6, 6.005, 7], "rotation": 90, "texture": "#0"}
			}
		},
		{
			"from": [5.6, 13.005, 0.005],
			"to": [6, 15.995, 3.995],
			"rotation": {"angle": 0, "axis": "y", "origin": [8, 8, 8]},
			"faces": {
				"north": {"uv": [6, 0.005, 6.4, 2.995], "texture": "#0"},
				"south": {"uv": [9.6, 0.005, 10, 2.995], "texture": "#0"},
				"west": {"uv": [6.005, 0.005, 9.995, 2.995], "texture": "#0"},
				"up": {"uv": [9.995, 0, 6.005, 0.4], "rotation": 270, "texture": "#0"},
				"down": {"uv": [9.995, 2.6, 6.005, 3], "rotation": 90, "texture": "#0"}
			}
		},
		{
			"from": [6.005, 16, 2.005],
			"to": [9.995, 16.4, 3.995],
			"rotation": {"angle": 0, "axis": "y", "origin": [8, 8, 8]},
			"faces": {
				"north": {"uv": [9.995, 8, 6.005, 8.4], "texture": "#0"},
				"east": {"uv": [9.6, 8.005, 10, 9.995], "rotation": 90, "texture": "#0"},
				"south": {"uv": [9.995, 9.6, 6.005, 10], "rotation": 180, "texture": "#0"},
				"west": {"uv": [6, 8.005, 6.4, 9.995], "rotation": 270, "texture": "#0"},
				"up": {"uv": [6.005, 8.005, 9.995, 9.995], "texture": "#0"}
			}
		},
		{
			"from": [8.005, 16, 0.005],
			"to": [9.995, 16.4, 0.995],
			"rotation": {"angle": 0, "axis": "y", "origin": [8, 8, 8]},
			"faces": {
				"north": {"uv": [9.995, 6, 8.005, 6.4], "texture": "#0"},
				"east": {"uv": [9.6, 6.005, 10, 6.995], "rotation": 90, "texture": "#0"},
				"south": {"uv": [9.995, 6.6, 8.005, 7], "rotation": 180, "texture": "#0"},
				"west": {"uv": [8, 6.005, 8.4, 6.995], "rotation": 270, "texture": "#0"},
				"up": {"uv": [8.005, 6.005, 9.995, 6.995], "texture": "#0"}
			}
		},
		{
			"from": [6.005, 16, 0.005],
			"to": [6.995, 16.4, 0.995],
			"rotation": {"angle": 0, "axis": "y", "origin": [8, 8, 8]},
			"faces": {
				"north": {"uv": [6.995, 6, 6.005, 6.4], "texture": "#0"},
				"east": {"uv": [6.6, 6.005, 7, 6.995], "rotation": 90, "texture": "#0"},
				"south": {"uv": [6.995, 6.6, 6.005, 7], "rotation": 180, "texture": "#0"},
				"west": {"uv": [6, 6.005, 6.4, 6.995], "rotation": 270, "texture": "#0"},
				"up": {"uv": [6.005, 6.005, 6.995, 6.995], "texture": "#0"}
			}
		},
		{
			"from": [6.005, -0.4, 0.005],
			"to": [9.995, 0, 1.995],
			"rotation": {"angle": 0, "axis": "y", "origin": [8, 8, 8]},
			"faces": {
				"north": {"uv": [9.995, 9.6, 6.005, 10], "texture": "#0"},
				"east": {"uv": [9.6, 8.005, 10, 9.995], "rotation": 270, "texture": "#0"},
				"south": {"uv": [9.995, 8, 6.005, 8.4], "rotation": 180, "texture": "#0"},
				"west": {"uv": [6, 8.005, 6.4, 9.995], "rotation": 90, "texture": "#0"},
				"down": {"uv": [6.005, 8.005, 9.995, 9.995], "texture": "#0"}
			}
		},
		{
			"from": [8.005, -0.4, 3.005],
			"to": [9.995, 0, 3.995],
			"rotation": {"angle": 0, "axis": "y", "origin": [8, 8, 8]},
			"faces": {
				"north": {"uv": [9.995, 6.6, 8.005, 7], "texture": "#0"},
				"east": {"uv": [9.6, 6.005, 10, 6.995], "rotation": 270, "texture": "#0"},
				"south": {"uv": [9.995, 6, 8.005, 6.4], "rotation": 180, "texture": "#0"},
				"west": {"uv": [8, 6.005, 8.4, 6.995], "rotation": 90, "texture": "#0"},
				"down": {"uv": [8.005, 6.005, 9.995, 6.995], "texture": "#0"}
			}
		},
		{
			"from": [6.005, -0.4, 3.005],
			"to": [6.995, 0, 3.995],
			"rotation": {"angle": 0, "axis": "y", "origin": [8, 8, 8]},
			"faces": {
				"north": {"uv": [6.995, 6.6, 6.005, 7], "texture": "#0"},
				"east": {"uv": [6.6, 6.005, 7, 6.995], "rotation": 270, "texture": "#0"},
				"south": {"uv": [6.995, 6, 6.005, 6.4], "rotation": 180, "texture": "#0"},
				"west": {"uv": [6, 6.005, 6.4, 6.995], "rotation": 90, "texture": "#0"},
				"down": {"uv": [6.005, 6.005, 6.995, 6.995], "texture": "#0"}
			}
		},
		{
			"name": "base",
			"from": [6, 0, 12],
			"to": [10, 16, 16],
			"faces": {
				"north": {"uv": [6, 0, 10, 16], "texture": "#0"},
				"east": {"uv": [6, 0, 10, 16], "texture": "#0"},
				"south": {"uv": [6, 0, 10, 16], "texture": "#0"},
				"west": {"uv": [6, 0, 10, 16], "texture": "#0"},
				"up": {"uv": [6, 6, 10, 10], "texture": "#0"},
				"down": {"uv": [6, 6, 10, 10], "texture": "#0"}
			}
		},
		{
			"from": [6.005, 1.005, 11.6],
			"to": [7.995, 3.995, 12],
			"rotation": {"angle": 0, "axis": "y", "origin": [8, 8, 8]},
			"faces": {
				"north": {"uv": [8.005, 12.005, 9.995, 14.995], "texture": "#0"},
				"east": {"uv": [8, 12.005, 8.4, 14.995], "texture": "#0"},
				"west": {"uv": [9.6, 12.005, 10, 14.995], "texture": "#0"},
				"up": {"uv": [9.995, 12, 8.005, 12.4], "texture": "#0"},
				"down": {"uv": [9.995, 14.6, 8.005, 15], "texture": "#0"}
			}
		},
		{
			"from": [9.005, 1.005, 11.6],
			"to": [9.995, 3.995, 12],
			"rotation": {"angle": 0, "axis": "y", "origin": [8, 8, 8]},
			"faces": {
				"north": {"uv": [6.005, 12.005, 6.995, 14.995], "texture": "#0"},
				"east": {"uv": [6, 12.005, 6.4, 14.995], "texture": "#0"},
				"west": {"uv": [6.6, 12.005, 7, 14.995], "texture": "#0"},
				"up": {"uv": [6.995, 12, 6.005, 12.4], "texture": "#0"},
				"down": {"uv": [6.995, 14.6, 6.005, 15], "texture": "#0"}
			}
		},
		{
			"from": [6.005, 5.005, 11.6],
			"to": [9.995, 7.995, 12],
			"rotation": {"angle": 0, "axis": "y", "origin": [8, 8, 8]},
			"faces": {
				"north": {"uv": [6.005, 8.005, 9.995, 10.995], "texture": "#0"},
				"east": {"uv": [6, 8.005, 6.4, 10.995], "texture": "#0"},
				"west": {"uv": [9.6, 8.005, 10, 10.995], "texture": "#0"},
				"up": {"uv": [9.995, 8, 6.005, 8.4], "texture": "#0"},
				"down": {"uv": [9.995, 10.6, 6.005, 11], "texture": "#0"}
			}
		},
		{
			"from": [6.005, 9.005, 11.6],
			"to": [7.995, 11.995, 12],
			"rotation": {"angle": 0, "axis": "y", "origin": [8, 8, 8]},
			"faces": {
				"north": {"uv": [8.005, 4.005, 9.995, 6.995], "texture": "#0"},
				"east": {"uv": [8, 4.005, 8.4, 6.995], "texture": "#0"},
				"west": {"uv": [9.6, 4.005, 10, 6.995], "texture": "#0"},
				"up": {"uv": [9.995, 4, 8.005, 4.4], "texture": "#0"},
				"down": {"uv": [9.995, 6.6, 8.005, 7], "texture": "#0"}
			}
		},
		{
			"from": [9.005, 9.005, 11.6],
			"to": [9.995, 11.995, 12],
			"rotation": {"angle": 0, "axis": "y", "origin": [8, 8, 8]},
			"faces": {
				"north": {"uv": [6.005, 4.005, 6.995, 6.995], "texture": "#0"},
				"east": {"uv": [6, 4.005, 6.4, 6.995], "texture": "#0"},
				"west": {"uv": [6.6, 4.005, 7, 6.995], "texture": "#0"},
				"up": {"uv": [6.995, 4, 6.005, 4.4], "texture": "#0"},
				"down": {"uv": [6.995, 6.6, 6.005, 7], "texture": "#0"}
			}
		},
		{
			"from": [6.005, 13.005, 11.6],
			"to": [9.995, 15.995, 12],
			"rotation": {"angle": 0, "axis": "y", "origin": [8, 8, 8]},
			"faces": {
				"north": {"uv": [6.005, 0.005, 9.995, 2.995], "texture": "#0"},
				"east": {"uv": [6, 0.005, 6.4, 2.995], "texture": "#0"},
				"west": {"uv": [9.6, 0.005, 10, 2.995], "texture": "#0"},
				"up": {"uv": [9.995, 0, 6.005, 0.4], "texture": "#0"},
				"down": {"uv": [9.995, 2.6, 6.005, 3], "texture": "#0"}
			}
		},
		{
			"from": [10, 1.005, 12.005],
			"to": [10.4, 3.995, 13.995],
			"rotation": {"angle": 0, "axis": "y", "origin": [8, 8, 8]},
			"faces": {
				"north": {"uv": [9.6, 12.005, 10, 14.995], "texture": "#0"},
				"east": {"uv": [8.005, 12.005, 9.995, 14.995], "texture": "#0"},
				"south": {"uv": [8, 12.005, 8.4, 14.995], "texture": "#0"},
				"up": {"uv": [9.995, 12, 8.005, 12.4], "rotation": 90, "texture": "#0"},
				"down": {"uv": [9.995, 14.6, 8.005, 15], "rotation": 270, "texture": "#0"}
			}
		},
		{
			"from": [10, 1.005, 15.005],
			"to": [10.4, 3.995, 15.995],
			"rotation": {"angle": 0, "axis": "y", "origin": [8, 8, 8]},
			"faces": {
				"north": {"uv": [6.6, 12.005, 7, 14.995], "texture": "#0"},
				"east": {"uv": [6.005, 12.005, 6.995, 14.995], "texture": "#0"},
				"south": {"uv": [6, 12.005, 6.4, 14.995], "texture": "#0"},
				"up": {"uv": [6.995, 12, 6.005, 12.4], "rotation": 90, "texture": "#0"},
				"down": {"uv": [6.995, 14.6, 6.005, 15], "rotation": 270, "texture": "#0"}
			}
		},
		{
			"from": [10, 5.005, 12.005],
			"to": [10.4, 7.995, 15.995],
			"rotation": {"angle": 0, "axis": "y", "origin": [8, 8, 8]},
			"faces": {
				"north": {"uv": [9.6, 8.005, 10, 10.995], "texture": "#0"},
				"east": {"uv": [6.005, 8.005, 9.995, 10.995], "texture": "#0"},
				"south": {"uv": [6, 8.005, 6.4, 10.995], "texture": "#0"},
				"up": {"uv": [9.995, 8, 6.005, 8.4], "rotation": 90, "texture": "#0"},
				"down": {"uv": [9.995, 10.6, 6.005, 11], "rotation": 270, "texture": "#0"}
			}
		},
		{
			"from": [10, 9.005, 12.005],
			"to": [10.4, 11.995, 13.995],
			"rotation": {"angle": 0, "axis": "y", "origin": [8, 8, 8]},
			"faces": {
				"north": {"uv": [9.6, 4.005, 10, 6.995], "texture": "#0"},
				"east": {"uv": [8.005, 4.005, 9.995, 6.995], "texture": "#0"},
				"south": {"uv": [8, 4.005, 8.4, 6.995], "texture": "#0"},
				"up": {"uv": [9.995, 4, 8.005, 4.4], "rotation": 90, "texture": "#0"},
				"down": {"uv": [9.995, 6.6, 8.005, 7], "rotation": 270, "texture": "#0"}
			}
		},
		{
			"from": [10, 9.005, 15.005],
			"to": [10.4, 11.995, 15.995],
			"rotation": {"angle": 0, "axis": "y", "origin": [8, 8, 8]},
			"faces": {
				"north": {"uv": [6.6, 4.005, 7, 6.995], "texture": "#0"},
				"east": {"uv": [6.005, 4.005, 6.995, 6.995], "texture": "#0"},
				"south": {"uv": [6, 4.005, 6.4, 6.995], "texture": "#0"},
				"up": {"uv": [6.995, 4, 6.005, 4.4], "rotation": 90, "texture": "#0"},
				"down": {"uv": [6.995, 6.6, 6.005, 7], "rotation": 270, "texture": "#0"}
			}
		},
		{
			"from": [10, 13.005, 12.005],
			"to": [10.4, 15.995, 15.995],
			"rotation": {"angle": 0, "axis": "y", "origin": [8, 8, 8]},
			"faces": {
				"north": {"uv": [9.6, 0.005, 10, 2.995], "texture": "#0"},
				"east": {"uv": [6.005, 0.005, 9.995, 2.995], "texture": "#0"},
				"south": {"uv": [6, 0.005, 6.4, 2.995], "texture": "#0"},
				"up": {"uv": [9.995, 0, 6.005, 0.4], "rotation": 90, "texture": "#0"},
				"down": {"uv": [9.995, 2.6, 6.005, 3], "rotation": 270, "texture": "#0"}
			}
		},
		{
			"from": [8.005, 1.005, 16],
			"to": [9.995, 3.995, 16.4],
			"rotation": {"angle": 0, "axis": "y", "origin": [8, 8, 8]},
			"faces": {
				"east": {"uv": [9.6, 12.005, 10, 14.995], "texture": "#0"},
				"south": {"uv": [8.005, 12.005, 9.995, 14.995], "texture": "#0"},
				"west": {"uv": [8, 12.005, 8.4, 14.995], "texture": "#0"},
				"up": {"uv": [9.995, 12, 8.005, 12.4], "rotation": 180, "texture": "#0"},
				"down": {"uv": [9.995, 14.6, 8.005, 15], "rotation": 180, "texture": "#0"}
			}
		},
		{
			"from": [6.005, 1.005, 16],
			"to": [6.995, 3.995, 16.4],
			"rotation": {"angle": 0, "axis": "y", "origin": [8, 8, 8]},
			"faces": {
				"east": {"uv": [6.6, 12.005, 7, 14.995], "texture": "#0"},
				"south": {"uv": [6.005, 12.005, 6.995, 14.995], "texture": "#0"},
				"west": {"uv": [6, 12.005, 6.4, 14.995], "texture": "#0"},
				"up": {"uv": [6.995, 12, 6.005, 12.4], "rotation": 180, "texture": "#0"},
				"down": {"uv": [6.995, 14.6, 6.005, 15], "rotation": 180, "texture": "#0"}
			}
		},
		{
			"from": [6.005, 5.005, 16],
			"to": [9.995, 7.995, 16.4],
			"rotation": {"angle": 0, "axis": "y", "origin": [8, 8, 8]},
			"faces": {
				"east": {"uv": [9.6, 8.005, 10, 10.995], "texture": "#0"},
				"south": {"uv": [6.005, 8.005, 9.995, 10.995], "texture": "#0"},
				"west": {"uv": [6, 8.005, 6.4, 10.995], "texture": "#0"},
				"up": {"uv": [9.995, 8, 6.005, 8.4], "rotation": 180, "texture": "#0"},
				"down": {"uv": [9.995, 10.6, 6.005, 11], "rotation": 180, "texture": "#0"}
			}
		},
		{
			"from": [8.005, 9.005, 16],
			"to": [9.995, 11.995, 16.4],
			"rotation": {"angle": 0, "axis": "y", "origin": [8, 8, 8]},
			"faces": {
				"east": {"uv": [9.6, 4.005, 10, 6.995], "texture": "#0"},
				"south": {"uv": [8.005, 4.005, 9.995, 6.995], "texture": "#0"},
				"west": {"uv": [8, 4.005, 8.4, 6.995], "texture": "#0"},
				"up": {"uv": [9.995, 4, 8.005, 4.4], "rotation": 180, "texture": "#0"},
				"down": {"uv": [9.995, 6.6, 8.005, 7], "rotation": 180, "texture": "#0"}
			}
		},
		{
			"from": [6.005, 9.005, 16],
			"to": [6.995, 11.995, 16.4],
			"rotation": {"angle": 0, "axis": "y", "origin": [8, 8, 8]},
			"faces": {
				"east": {"uv": [6.6, 4.005, 7, 6.995], "texture": "#0"},
				"south": {"uv": [6.005, 4.005, 6.995, 6.995], "texture": "#0"},
				"west": {"uv": [6, 4.005, 6.4, 6.995], "texture": "#0"},
				"up": {"uv": [6.995, 4, 6.005, 4.4], "rotation": 180, "texture": "#0"},
				"down": {"uv": [6.995, 6.6, 6.005, 7], "rotation": 180, "texture": "#0"}
			}
		},
		{
			"from": [6.005, 13.005, 16],
			"to": [9.995, 15.995, 16.4],
			"rotation": {"angle": 0, "axis": "y", "origin": [8, 8, 8]},
			"faces": {
				"east": {"uv": [9.6, 0.005, 10, 2.995], "texture": "#0"},
				"south": {"uv": [6.005, 0.005, 9.995, 2.995], "texture": "#0"},
				"west": {"uv": [6, 0.005, 6.4, 2.995], "texture": "#0"},
				"up": {"uv": [9.995, 0, 6.005, 0.4], "rotation": 180, "texture": "#0"},
				"down": {"uv": [9.995, 2.6, 6.005, 3], "rotation": 180, "texture": "#0"}
			}
		},
		{
			"from": [5.6, 1.005, 14.005],
			"to": [6, 3.995, 15.995],
			"rotation": {"angle": 0, "axis": "y", "origin": [8, 8, 8]},
			"faces": {
				"north": {"uv": [8, 12.005, 8.4, 14.995], "texture": "#0"},
				"south": {"uv": [9.6, 12.005, 10, 14.995], "texture": "#0"},
				"west": {"uv": [8.005, 12.005, 9.995, 14.995], "texture": "#0"},
				"up": {"uv": [9.995, 12, 8.005, 12.4], "rotation": 270, "texture": "#0"},
				"down": {"uv": [9.995, 14.6, 8.005, 15], "rotation": 90, "texture": "#0"}
			}
		},
		{
			"from": [5.6, 1.005, 12.005],
			"to": [6, 3.995, 12.995],
			"rotation": {"angle": 0, "axis": "y", "origin": [8, 8, 8]},
			"faces": {
				"north": {"uv": [6, 12.005, 6.4, 14.995], "texture": "#0"},
				"south": {"uv": [6.6, 12.005, 7, 14.995], "texture": "#0"},
				"west": {"uv": [6.005, 12.005, 6.995, 14.995], "texture": "#0"},
				"up": {"uv": [6.995, 12, 6.005, 12.4], "rotation": 270, "texture": "#0"},
				"down": {"uv": [6.995, 14.6, 6.005, 15], "rotation": 90, "texture": "#0"}
			}
		},
		{
			"from": [5.6, 5.005, 12.005],
			"to": [6, 7.995, 15.995],
			"rotation": {"angle": 0, "axis": "y", "origin": [8, 8, 8]},
			"faces": {
				"north": {"uv": [6, 8.005, 6.4, 10.995], "texture": "#0"},
				"south": {"uv": [9.6, 8.005, 10, 10.995], "texture": "#0"},
				"west": {"uv": [6.005, 8.005, 9.995, 10.995], "texture": "#0"},
				"up": {"uv": [9.995, 8, 6.005, 8.4], "rotation": 270, "texture": "#0"},
				"down": {"uv": [9.995, 10.6, 6.005, 11], "rotation": 90, "texture": "#0"}
			}
		},
		{
			"from": [5.6, 9.005, 14.005],
			"to": [6, 11.995, 15.995],
			"rotation": {"angle": 0, "axis": "y", "origin": [8, 8, 8]},
			"faces": {
				"north": {"uv": [8, 4.005, 8.4, 6.995], "texture": "#0"},
				"south": {"uv": [9.6, 4.005, 10, 6.995], "texture": "#0"},
				"west": {"uv": [8.005, 4.005, 9.995, 6.995], "texture": "#0"},
				"up": {"uv": [9.995, 4, 8.005, 4.4], "rotation": 270, "texture": "#0"},
				"down": {"uv": [9.995, 6.6, 8.005, 7], "rotation": 90, "texture": "#0"}
			}
		},
		{
			"from": [5.6, 9.005, 12.005],
			"to": [6, 11.995, 12.995],
			"rotation": {"angle": 0, "axis": "y", "origin": [8, 8, 8]},
			"faces": {
				"north": {"uv": [6, 4.005, 6.4, 6.995], "texture": "#0"},
				"south": {"uv": [6.6, 4.005, 7, 6.995], "texture": "#0"},
				"west": {"uv": [6.005, 4.005, 6.995, 6.995], "texture": "#0"},
				"up": {"uv": [6.995, 4, 6.005, 4.4], "rotation": 270, "texture": "#0"},
				"down": {"uv": [6.995, 6.6, 6.005, 7], "rotation": 90, "texture": "#0"}
			}
		},
		{
			"from": [5.6, 13.005, 12.005],
			"to": [6, 15.995, 15.995],
			"rotation": {"angle": 0, "axis": "y", "origin": [8, 8, 8]},
			"faces": {
				"north": {"uv": [6, 0.005, 6.4, 2.995], "texture": "#0"},
				"south": {"uv": [9.6, 0.005, 10, 2.995], "texture": "#0"},
				"west": {"uv": [6.005, 0.005, 9.995, 2.995], "texture": "#0"},
				"up": {"uv": [9.995, 0, 6.005, 0.4], "rotation": 270, "texture": "#0"},
				"down": {"uv": [9.995, 2.6, 6.005, 3], "rotation": 90, "texture": "#0"}
			}
		},
		{
			"from": [6.005, 16, 14.005],
			"to": [9.995, 16.4, 15.995],
			"rotation": {"angle": 0, "axis": "y", "origin": [8, 8, 8]},
			"faces": {
				"north": {"uv": [9.995, 8, 6.005, 8.4], "texture": "#0"},
				"east": {"uv": [9.6, 8.005, 10, 9.995], "rotation": 90, "texture": "#0"},
				"south": {"uv": [9.995, 9.6, 6.005, 10], "rotation": 180, "texture": "#0"},
				"west": {"uv": [6, 8.005, 6.4, 9.995], "rotation": 270, "texture": "#0"},
				"up": {"uv": [6.005, 8.005, 9.995, 9.995], "texture": "#0"}
			}
		},
		{
			"from": [8.005, 16, 12.005],
			"to": [9.995, 16.4, 12.995],
			"rotation": {"angle": 0, "axis": "y", "origin": [8, 8, 8]},
			"faces": {
				"north": {"uv": [9.995, 6, 8.005, 6.4], "texture": "#0"},
				"east": {"uv": [9.6, 6.005, 10, 6.995], "rotation": 90, "texture": "#0"},
				"south": {"uv": [9.995, 6.6, 8.005, 7], "rotation": 180, "texture": "#0"},
				"west": {"uv": [8, 6.005, 8.4, 6.995], "rotation": 270, "texture": "#0"},
				"up": {"uv": [8.005, 6.005, 9.995, 6.995], "texture": "#0"}
			}
		},
		{
			"from": [6.005, 16, 12.005],
			"to": [6.995, 16.4, 12.995],
			"rotation": {"angle": 0, "axis": "y", "origin": [8, 8, 8]},
			"faces": {
				"north": {"uv": [6.995, 6, 6.005, 6.4], "texture": "#0"},
				"east": {"uv": [6.6, 6.005, 7, 6.995], "rotation": 90, "texture": "#0"},
				"south": {"uv": [6.995, 6.6, 6.005, 7], "rotation": 180, "texture": "#0"},
				"west": {"uv": [6, 6.005, 6.4, 6.995], "rotation": 270, "texture": "#0"},
				"up": {"uv": [6.005, 6.005, 6.995, 6.995], "texture": "#0"}
			}
		},
		{
			"from": [6.005, -0.4, 12.005],
			"to": [9.995, 0, 13.995],
			"rotation": {"angle": 0, "axis": "y", "origin": [8, 8, 8]},
			"faces": {
				"north": {"uv": [9.995, 9.6, 6.005, 10], "texture": "#0"},
				"east": {"uv": [9.6, 8.005, 10, 9.995], "rotation": 270, "texture": "#0"},
				"south": {"uv": [9.995, 8, 6.005, 8.4], "rotation": 180, "texture": "#0"},
				"west": {"uv": [6, 8.005, 6.4, 9.995], "rotation": 90, "texture": "#0"},
				"down": {"uv": [6.005, 8.005, 9.995, 9.995], "texture": "#0"}
			}
		},
		{
			"from": [8.005, -0.4, 15.005],
			"to": [9.995, 0, 15.995],
			"rotation": {"angle": 0, "axis": "y", "origin": [8, 8, 8]},
			"faces": {
				"north": {"uv": [9.995, 6.6, 8.005, 7], "texture": "#0"},
				"east": {"uv": [9.6, 6.005, 10, 6.995], "rotation": 270, "texture": "#0"},
				"south": {"uv": [9.995, 6, 8.005, 6.4], "rotation": 180, "texture": "#0"},
				"west": {"uv": [8, 6.005, 8.4, 6.995], "rotation": 90, "texture": "#0"},
				"down": {"uv": [8.005, 6.005, 9.995, 6.995], "texture": "#0"}
			}
		},
		{
			"from": [6.005, -0.4, 15.005],
			"to": [6.995, 0, 15.995],
			"rotation": {"angle": 0, "axis": "y", "origin": [8, 8, 8]},
			"faces": {
				"north": {"uv": [6.995, 6.6, 6.005, 7], "texture": "#0"},
				"east": {"uv": [6.6, 6.005, 7, 6.995], "rotation": 270, "texture": "#0"},
				"south": {"uv": [6.995, 6, 6.005, 6.4], "rotation": 180, "texture": "#0"},
				"west": {"uv": [6, 6.005, 6.4, 6.995], "rotation": 90, "texture": "#0"},
				"down": {"uv": [6.005, 6.005, 6.995, 6.995], "texture": "#0"}
			}
		},
		{
			"name": "left",
			"from": [7, 12, -2],
			"to": [9, 15, 0],
			"faces": {
				"north": {"uv": [7, 1, 9, 4], "texture": "#0"},
				"east": {"uv": [0, 1, 2, 4], "texture": "#0"},
				"west": {"uv": [14, 1, 16, 4], "texture": "#0"},
				"up": {"uv": [7, 14, 9, 16], "texture": "#0"},
				"down": {"uv": [7, 0, 9, 2], "texture": "#0"}
			}
		},
		{
			"name": "mid",
			"from": [7, 12, 0],
			"to": [9, 15, 16],
			"faces": {
				"east": {"uv": [0, 1, 16, 4], "texture": "#0"},
				"west": {"uv": [0, 1, 16, 4], "texture": "#0"},
				"up": {"uv": [7, 0, 9, 16], "texture": "#0"},
				"down": {"uv": [7, 0, 9, 16], "texture": "#0"}
			}
		},
		{
			"name": "right",
			"from": [7, 12, 16],
			"to": [9, 15, 18],
			"faces": {
				"east": {"uv": [14, 1, 16, 4], "texture": "#0"},
				"south": {"uv": [7, 1, 9, 4], "texture": "#0"},
				"west": {"uv": [0, 1, 2, 4], "texture": "#0"},
				"up": {"uv": [7, 0, 9, 2], "texture": "#0"},
				"down": {"uv": [7, 14, 9, 16], "texture": "#0"}
			}
		},
		{
			"name": "left",
			"from": [7, 6, -2],
			"to": [9, 9, 0],
			"faces": {
				"north": {"uv": [7, 7, 9, 10], "texture": "#0"},
				"east": {"uv": [0, 7, 2, 10], "texture": "#0"},
				"west": {"uv": [14, 7, 16, 10], "texture": "#0"},
				"up": {"uv": [7, 14, 9, 16], "texture": "#0"},
				"down": {"uv": [7, 0, 9, 2], "texture": "#0"}
			}
		},
		{
			"name": "mid",
			"from": [7, 6, 0],
			"to": [9, 9, 16],
			"faces": {
				"east": {"uv": [0, 7, 16, 10], "texture": "#0"},
				"west": {"uv": [0, 7, 16, 10], "texture": "#0"},
				"up": {"uv": [7, 0, 9, 16], "texture": "#0"},
				"down": {"uv": [7, 0, 9, 16], "texture": "#0"}
			}
		},
		{
			"name": "right",
			"from": [7, 6, 16],
			"to": [9, 9, 18],
			"faces": {
				"east": {"uv": [14, 7, 16, 10], "texture": "#0"},
				"south": {"uv": [7, 7, 9, 10], "texture": "#0"},
				"west": {"uv": [0, 7, 2, 10], "texture": "#0"},
				"up": {"uv": [7, 0, 9, 2], "texture": "#0"},
				"down": {"uv": [7, 14, 9, 16], "texture": "#0"}
			}
		}
	],
	"display": {
		"thirdperson_righthand": {
			"rotation": [75, 45, 0],
			"translation": [0, 2.5, 0],
			"scale": [0.375, 0.375, 0.375]
		},
		"thirdperson_lefthand": {
			"rotation": [75, 45, 0],
			"translation": [0, 2.5, 0],
			"scale": [0.375, 0.375, 0.375]
		},
		"firstperson_righthand": {
			"rotation": [0, 45, 0],
			"scale": [0.4, 0.4, 0.4]
		},
		"firstperson_lefthand": {
			"rotation": [0, 225, 0],
			"scale": [0.4, 0.4, 0.4]
		},
		"ground": {
			"translation": [0, 3, 0],
			"scale": [0.25, 0.25, 0.25]
		},
		"gui": {
			"rotation": [30, 135, 0],
			"translation": [0, 0, 0],
			"scale": [0.625, 0.625, 0.625]
		},
		"fixed": {
			"rotation": [0, 90, 0],
			"translation": [0, 0, 0],
			"scale": [0.5, 0.5, 0.5]
		}
	},
	"groups": [
		{
			"name": "post1",
			"origin": [8, 8, 8],
			"color": 0,
			"children": [
				0,
				{
					"name": "N",
					"origin": [8, 8, 8],
					"color": 0,
					"children": [1, 2, 3, 4, 5, 6]
				},
				{
					"name": "E",
					"origin": [8, 8, 8],
					"color": 0,
					"children": [7, 8, 9, 10, 11, 12]
				},
				{
					"name": "S",
					"origin": [8, 8, 8],
					"color": 0,
					"children": [13, 14, 15, 16, 17, 18]
				},
				{
					"name": "W",
					"origin": [8, 8, 8],
					"color": 0,
					"children": [19, 20, 21, 22, 23, 24]
				},
				{
					"name": "U",
					"origin": [8, 8, 8],
					"color": 0,
					"children": [25, 26, 27]
				},
				{
					"name": "B",
					"origin": [8, 8, 8],
					"color": 0,
					"children": [28, 29, 30]
				}
			]
		},
		{
			"name": "post2",
			"origin": [8, 8, 8],
			"color": 0,
			"children": [
				31,
				{
					"name": "N",
					"origin": [8, 8, 8],
					"color": 0,
					"children": [32, 33, 34, 35, 36, 37]
				},
				{
					"name": "E",
					"origin": [8, 8, 8],
					"color": 0,
					"children": [38, 39, 40, 41, 42, 43]
				},
				{
					"name": "S",
					"origin": [8, 8, 8],
					"color": 0,
					"children": [44, 45, 46, 47, 48, 49]
				},
				{
					"name": "W",
					"origin": [8, 8, 8],
					"color": 0,
					"children": [50, 51, 52, 53, 54, 55]
				},
				{
					"name": "U",
					"origin": [8, 8, 8],
					"color": 0,
					"children": [56, 57, 58]
				},
				{
					"name": "B",
					"origin": [8, 8, 8],
					"color": 0,
					"children": [59, 60, 61]
				}
			]
		},
		{
			"name": "top",
			"origin": [8, 8, 8],
			"color": 0,
			"children": [62, 63, 64]
		},
		{
			"name": "bottom",
			"origin": [0, 0, 0],
			"color": 0,
			"children": [65, 66, 67]
		}
	]
}