{
	"credit": "Made by SkylaDev :3 https://skyla.dev/",
	"textures": {
		"0": "#planks",
		"particle": "#planks"
	},
	"elements": [
		{
			"from": [5, 0, 6],
			"to": [11, 2, 10],
			"faces": {
				"north": {"uv": [5, 14, 11, 16], "texture": "#0"},
				"east": {"uv": [6, 14, 10, 16], "texture": "#0"},
				"south": {"uv": [5, 14, 11, 16], "texture": "#0"},
				"west": {"uv": [10, 14, 6, 16], "texture": "#0"},
				"up": {"uv": [5, 10, 11, 6], "texture": "#0"},
				"down": {"uv": [5, 6, 11, 10], "texture": "#0"}
			}
		},
		{
			"from": [5.005, 1.005, 5.6],
			"to": [7.995, 1.995, 6],
			"rotation": {"angle": 0, "axis": "y", "origin": [8, 8, 8]},
			"faces": {
				"north": {"uv": [8.005, 14.005, 10.995, 14.995], "texture": "#0"},
				"east": {"uv": [8, 14.005, 8.4, 14.995], "texture": "#0"},
				"west": {"uv": [10.6, 14.005, 11, 14.995], "texture": "#0"},
				"up": {"uv": [10.995, 14, 8.005, 14.4], "texture": "#0"},
				"down": {"uv": [10.995, 14.6, 8.005, 15], "texture": "#0"}
			}
		},
		{
			"from": [9.005, 1.005, 5.6],
			"to": [10.995, 1.995, 6],
			"rotation": {"angle": 0, "axis": "y", "origin": [8, 8, 8]},
			"faces": {
				"north": {"uv": [5.005, 14.005, 6.995, 14.995], "texture": "#0"},
				"east": {"uv": [5, 14.005, 5.4, 14.995], "texture": "#0"},
				"west": {"uv": [6.6, 14.005, 7, 14.995], "texture": "#0"},
				"up": {"uv": [6.995, 14, 5.005, 14.4], "texture": "#0"},
				"down": {"uv": [6.995, 14.6, 5.005, 15], "texture": "#0"}
			}
		},
		{
			"from": [11, 1.005, 6.005],
			"to": [11.4, 1.995, 7.995],
			"rotation": {"angle": 0, "axis": "y", "origin": [8, 8, 8]},
			"faces": {
				"north": {"uv": [9.6, 14.005, 10, 14.995], "texture": "#0"},
				"east": {"uv": [8.005, 14.005, 9.995, 14.995], "texture": "#0"},
				"south": {"uv": [8, 14.005, 8.4, 14.995], "texture": "#0"},
				"up": {"uv": [9.995, 14, 8.005, 14.4], "rotation": 90, "texture": "#0"},
				"down": {"uv": [9.995, 14.6, 8.005, 15], "rotation": 270, "texture": "#0"}
			}
		},
		{
			"from": [11, 1.005, 9.005],
			"to": [11.4, 1.995, 9.995],
			"rotation": {"angle": 0, "axis": "y", "origin": [8, 8, 8]},
			"faces": {
				"north": {"uv": [6.6, 14.005, 7, 14.995], "texture": "#0"},
				"east": {"uv": [6.005, 14.005, 6.995, 14.995], "texture": "#0"},
				"south": {"uv": [6, 14.005, 6.4, 14.995], "texture": "#0"},
				"up": {"uv": [6.995, 14, 6.005, 14.4], "rotation": 90, "texture": "#0"},
				"down": {"uv": [6.995, 14.6, 6.005, 15], "rotation": 270, "texture": "#0"}
			}
		},
		{
			"from": [8.005, 1.005, 10],
			"to": [10.995, 1.995, 10.4],
			"rotation": {"angle": 0, "axis": "y", "origin": [8, 8, 8]},
			"faces": {
				"east": {"uv": [10.6, 14.005, 11, 14.995], "texture": "#0"},
				"south": {"uv": [8.005, 14.005, 10.995, 14.995], "texture": "#0"},
				"west": {"uv": [8, 14.005, 8.4, 14.995], "texture": "#0"},
				"up": {"uv": [10.995, 14, 8.005, 14.4], "rotation": 180, "texture": "#0"},
				"down": {"uv": [10.995, 14.6, 8.005, 15], "rotation": 180, "texture": "#0"}
			}
		},
		{
			"from": [5.005, 1.005, 10],
			"to": [6.995, 1.995, 10.4],
			"rotation": {"angle": 0, "axis": "y", "origin": [8, 8, 8]},
			"faces": {
				"east": {"uv": [6.6, 14.005, 7, 14.995], "texture": "#0"},
				"south": {"uv": [5.005, 14.005, 6.995, 14.995], "texture": "#0"},
				"west": {"uv": [5, 14.005, 5.4, 14.995], "texture": "#0"},
				"up": {"uv": [6.995, 14, 5.005, 14.4], "rotation": 180, "texture": "#0"},
				"down": {"uv": [6.995, 14.6, 5.005, 15], "rotation": 180, "texture": "#0"}
			}
		},
		{
			"from": [4.6, 1.005, 6.005],
			"to": [5, 1.995, 7.995],
			"rotation": {"angle": 0, "axis": "y", "origin": [8, 8, 8]},
			"faces": {
				"north": {"uv": [9.6, 14.005, 10, 14.995], "texture": "#0"},
				"south": {"uv": [8, 14.005, 8.4, 14.995], "texture": "#0"},
				"west": {"uv": [9.995, 14.005, 8.005, 14.995], "texture": "#0"},
				"up": {"uv": [8.005, 14, 9.995, 14.4], "rotation": 270, "texture": "#0"},
				"down": {"uv": [8.005, 14.6, 9.995, 15], "rotation": 90, "texture": "#0"}
			}
		},
		{
			"from": [4.6, 1.005, 9.005],
			"to": [5, 1.995, 9.995],
			"rotation": {"angle": 0, "axis": "y", "origin": [8, 8, 8]},
			"faces": {
				"north": {"uv": [6.6, 14.005, 7, 14.995], "texture": "#0"},
				"south": {"uv": [6, 14.005, 6.4, 14.995], "texture": "#0"},
				"west": {"uv": [6.995, 14.005, 6.005, 14.995], "texture": "#0"},
				"up": {"uv": [6.005, 14, 6.995, 14.4], "rotation": 270, "texture": "#0"},
				"down": {"uv": [6.005, 14.6, 6.995, 15], "rotation": 90, "texture": "#0"}
			}
		},
		{
			"from": [5.005, 2, 6.005],
			"to": [10.995, 2.4, 7.995],
			"faces": {
				"north": {"uv": [10.995, 9.6, 5.005, 10], "texture": "#0"},
				"east": {"uv": [10.6, 9.995, 11, 8.005], "rotation": 90, "texture": "#0"},
				"south": {"uv": [5.005, 8, 10.995, 8.4], "texture": "#0"},
				"west": {"uv": [5, 9.995, 5.4, 8.005], "rotation": 270, "texture": "#0"},
				"up": {"uv": [5.005, 9.995, 10.995, 8.005], "texture": "#0"}
			}
		},
		{
			"from": [5.005, 2, 9.005],
			"to": [6.995, 2.4, 9.995],
			"faces": {
				"north": {"uv": [6.995, 6.6, 5.005, 7], "texture": "#0"},
				"east": {"uv": [6.6, 6.995, 7, 6.005], "rotation": 90, "texture": "#0"},
				"south": {"uv": [5.005, 6, 6.995, 6.4], "texture": "#0"},
				"west": {"uv": [5, 6.995, 5.4, 6.005], "rotation": 270, "texture": "#0"},
				"up": {"uv": [5.005, 6.995, 6.995, 6.005], "texture": "#0"}
			}
		},
		{
			"from": [8.005, 2, 9.005],
			"to": [10.995, 2.4, 9.995],
			"faces": {
				"north": {"uv": [10.995, 6.6, 8.005, 7], "texture": "#0"},
				"east": {"uv": [10.6, 6.995, 11, 6.005], "rotation": 90, "texture": "#0"},
				"south": {"uv": [8.005, 6, 10.995, 6.4], "texture": "#0"},
				"west": {"uv": [8, 6.995, 8.4, 6.005], "rotation": 270, "texture": "#0"},
				"up": {"uv": [8.005, 6.995, 10.995, 6.005], "texture": "#0"}
			}
		},
		{
			"from": [5.005, -0.4, 6.005],
			"to": [10.995, 0, 7.995],
			"rotation": {"angle": 0, "axis": "y", "origin": [8, 8, 8]},
			"faces": {
				"north": {"uv": [10.995, 9.6, 5.005, 10], "texture": "#0"},
				"east": {"uv": [10.6, 8.005, 11, 9.995], "rotation": 270, "texture": "#0"},
				"south": {"uv": [10.995, 8, 5.005, 8.4], "rotation": 180, "texture": "#0"},
				"west": {"uv": [5, 8.005, 5.4, 9.995], "rotation": 90, "texture": "#0"},
				"down": {"uv": [5.005, 8.005, 10.995, 9.995], "texture": "#0"}
			}
		},
		{
			"from": [8.005, -0.4, 9.005],
			"to": [10.995, 0, 9.995],
			"rotation": {"angle": 0, "axis": "y", "origin": [8, 8, 8]},
			"faces": {
				"north": {"uv": [10.995, 6.6, 8.005, 7], "texture": "#0"},
				"east": {"uv": [10.6, 6.005, 11, 6.995], "rotation": 270, "texture": "#0"},
				"south": {"uv": [10.995, 6, 8.005, 6.4], "rotation": 180, "texture": "#0"},
				"west": {"uv": [8, 6.005, 8.4, 6.995], "rotation": 90, "texture": "#0"},
				"down": {"uv": [8.005, 6.005, 10.995, 6.995], "texture": "#0"}
			}
		},
		{
			"from": [5.005, -0.4, 9.005],
			"to": [6.995, 0, 9.995],
			"rotation": {"angle": 0, "axis": "y", "origin": [8, 8, 8]},
			"faces": {
				"north": {"uv": [6.995, 6.6, 5.005, 7], "texture": "#0"},
				"east": {"uv": [6.6, 6.005, 7, 6.995], "rotation": 270, "texture": "#0"},
				"south": {"uv": [6.995, 6, 5.005, 6.4], "rotation": 180, "texture": "#0"},
				"west": {"uv": [5, 6.005, 5.4, 6.995], "rotation": 90, "texture": "#0"},
				"down": {"uv": [5.005, 6.005, 6.995, 6.995], "texture": "#0"}
			}
		}
	],
	"display": {
		"thirdperson_righthand": {
			"rotation": [75, 45, 0],
			"translation": [0, 2.5, 2.5],
			"scale": [0.375, 0.375, 0.375]
		},
		"thirdperson_lefthand": {
			"rotation": [75, 45, 0],
			"translation": [0, 2.5, 2.5],
			"scale": [0.375, 0.375, 0.375]
		},
		"firstperson_righthand": {
			"rotation": [0, 45, 0],
			"translation": [0, 3.5, 0],
			"scale": [0.4, 0.4, 0.4]
		},
		"firstperson_lefthand": {
			"rotation": [0, 225, 0],
			"translation": [0, 3.5, 0],
			"scale": [0.4, 0.4, 0.4]
		},
		"ground": {
			"translation": [0, 3, 0],
			"scale": [0.25, 0.25, 0.25]
		},
		"gui": {
			"rotation": [30, 225, 0],
			"translation": [0, 6, 0]
		},
		"head": {
			"translation": [0, 14.25, 0]
		},
		"fixed": {
			"rotation": [-90, 0, 0],
			"translation": [0, 0, -4],
			"scale": [0.62, 0.62, 0.62]
		}
	},
	"groups": [
		0,
		{
			"name": "N",
			"origin": [8, 8, 8],
			"color": 0,
			"children": [1, 2]
		},
		{
			"name": "E",
			"origin": [8, 8, 8],
			"color": 0,
			"children": [3, 4]
		},
		{
			"name": "S",
			"origin": [8, 8, 8],
			"color": 0,
			"children": [5, 6]
		},
		{
			"name": "W",
			"origin": [8, 8, 8],
			"color": 0,
			"children": [7, 8]
		},
		{
			"name": "U",
			"origin": [8, 8, 8],
			"color": 0,
			"children": [9, 10, 11]
		},
		{
			"name": "B",
			"origin": [8, 8, 8],
			"color": 0,
			"children": [12, 13, 14]
		}
	]
}