{
	"credit": "Made by SkylaDev :3 https://skyla.dev/",
	"textures": {
		"particle": "#lantern"
	},
	"elements": [
		{
			"name": "bottom",
			"from": [5, 1, 5],
			"to": [11, 2, 11],
			"rotation": {"angle": 0, "axis": "y", "origin": [0, 1, 0]},
			"faces": {
				"north": {"uv": [0, 8, 6, 9], "texture": "#lantern"},
				"east": {"uv": [0, 8, 6, 9], "texture": "#lantern"},
				"south": {"uv": [0, 8, 6, 9], "texture": "#lantern"},
				"west": {"uv": [0, 8, 6, 9], "texture": "#lantern"},
				"up": {"uv": [0, 15, 6, 9], "texture": "#lantern"},
				"down": {"uv": [0, 9, 6, 15], "texture": "#lantern"}
			}
		},
		{
			"name": "top",
			"from": [5, 7, 5],
			"to": [11, 8, 11],
			"rotation": {"angle": 0, "axis": "y", "origin": [0, 1, 0]},
			"faces": {
				"north": {"uv": [0, 2, 6, 3], "texture": "#lantern"},
				"east": {"uv": [0, 2, 6, 3], "texture": "#lantern"},
				"south": {"uv": [0, 2, 6, 3], "texture": "#lantern"},
				"west": {"uv": [0, 2, 6, 3], "texture": "#lantern"},
				"up": {"uv": [0, 15, 6, 9], "texture": "#lantern"},
				"down": {"uv": [0, 9, 6, 15], "texture": "#lantern"}
			}
		},
		{
			"name": "sideNE",
			"from": [10, 2, 5.25],
			"to": [10.75, 7, 6],
			"rotation": {"angle": 0, "axis": "y", "origin": [0, 1, 0]},
			"faces": {
				"north": {"uv": [0.25, 3, 1, 8], "texture": "#lantern"},
				"east": {"uv": [5, 3, 5.75, 8], "texture": "#lantern"},
				"south": {"uv": [5, 3, 5.75, 8], "texture": "#lantern"},
				"west": {"uv": [0.25, 3, 1, 8], "texture": "#lantern"}
			}
		},
		{
			"name": "sideNW",
			"from": [5.25, 2, 5.25],
			"to": [6, 7, 6],
			"rotation": {"angle": 0, "axis": "y", "origin": [0, 1, 0]},
			"faces": {
				"north": {"uv": [5, 3, 5.75, 8], "texture": "#lantern"},
				"east": {"uv": [5, 3, 5.75, 8], "texture": "#lantern"},
				"south": {"uv": [0.25, 3, 1, 8], "texture": "#lantern"},
				"west": {"uv": [0.25, 3, 1, 8], "texture": "#lantern"}
			}
		},
		{
			"name": "sideSE",
			"from": [10, 2, 10],
			"to": [10.75, 7, 10.75],
			"rotation": {"angle": 0, "axis": "y", "origin": [0, 1, 0]},
			"faces": {
				"north": {"uv": [0.25, 3, 1, 8], "texture": "#lantern"},
				"east": {"uv": [0.25, 3, 1, 8], "texture": "#lantern"},
				"south": {"uv": [5, 3, 5.75, 8], "texture": "#lantern"},
				"west": {"uv": [5, 3, 5.75, 8], "texture": "#lantern"}
			}
		},
		{
			"name": "sideSW",
			"from": [5.25, 2, 10],
			"to": [6, 7, 10.75],
			"rotation": {"angle": 0, "axis": "y", "origin": [0, 1, 0]},
			"faces": {
				"north": {"uv": [5, 3, 5.75, 8], "texture": "#lantern"},
				"east": {"uv": [0.25, 3, 1, 8], "texture": "#lantern"},
				"south": {"uv": [0.25, 3, 1, 8], "texture": "#lantern"},
				"west": {"uv": [5, 3, 5.75, 8], "texture": "#lantern"}
			}
		},
		{
			"name": "light",
			"from": [5.5, 2, 5.5],
			"to": [10.5, 7, 10.5],
			"rotation": {"angle": 0, "axis": "y", "origin": [0, 1, 0]},
			"faces": {
				"north": {"uv": [0.5, 3, 5.5, 8], "texture": "#lantern"},
				"east": {"uv": [0.5, 3, 5.5, 8], "texture": "#lantern"},
				"south": {"uv": [0.5, 3, 5.5, 8], "texture": "#lantern"},
				"west": {"uv": [0.5, 3, 5.5, 8], "texture": "#lantern"}
			}
		},
		{
			"from": [6, 9, 6],
			"to": [10, 10, 10],
			"rotation": {"angle": 0, "axis": "y", "origin": [0, 1, 0]},
			"faces": {
				"north": {"uv": [1, 0, 5, 1], "texture": "#lantern"},
				"east": {"uv": [1, 0, 5, 1], "texture": "#lantern"},
				"south": {"uv": [1, 0, 5, 1], "texture": "#lantern"},
				"west": {"uv": [1, 0, 5, 1], "texture": "#lantern"},
				"up": {"uv": [1, 10, 5, 14], "texture": "#lantern"},
				"down": {"uv": [1, 14, 5, 10], "texture": "#lantern"}
			}
		},
		{
			"from": [6.25, 8, 6.25],
			"to": [9.75, 9, 9.75],
			"rotation": {"angle": 0, "axis": "y", "origin": [0, 1, 0]},
			"faces": {
				"north": {"uv": [1.25, 1, 4.75, 2], "texture": "#lantern"},
				"east": {"uv": [1.25, 1, 4.75, 2], "texture": "#lantern"},
				"south": {"uv": [1.25, 1, 4.75, 2], "texture": "#lantern"},
				"west": {"uv": [1.25, 1, 4.75, 2], "texture": "#lantern"}
			}
		},
		{
			"from": [8.5, 10, 7.75],
			"to": [9.5, 11.25, 8.25],
			"rotation": {"angle": -45, "axis": "y", "origin": [8, 1, 8]},
			"faces": {
				"north": {"uv": [11, 11, 12, 12], "texture": "#lantern"},
				"east": {"uv": [11, 11, 11.5, 12], "texture": "#lantern"},
				"south": {"uv": [11, 11, 12, 12], "texture": "#lantern"},
				"west": {"uv": [11, 11, 11.5, 12], "texture": "#lantern"}
			}
		},
		{
			"from": [6.5, 10, 7.75],
			"to": [7.5, 11.25, 8.25],
			"rotation": {"angle": -45, "axis": "y", "origin": [8, 1, 8]},
			"faces": {
				"north": {"uv": [13, 11, 14, 12], "texture": "#lantern"},
				"east": {"uv": [13, 11, 13.5, 12], "texture": "#lantern"},
				"south": {"uv": [13, 11, 14, 12], "texture": "#lantern"},
				"west": {"uv": [13, 11, 13.5, 12], "texture": "#lantern"}
			}
		},
		{
			"from": [6.5, 11.25, 7.75],
			"to": [9.5, 12.25, 8.25],
			"rotation": {"angle": -45, "axis": "y", "origin": [8, 1, 8]},
			"faces": {
				"north": {"uv": [11, 10, 14, 11], "texture": "#lantern"},
				"east": {"uv": [11, 10, 11.5, 11], "texture": "#lantern"},
				"south": {"uv": [14, 10, 11, 11], "texture": "#lantern"},
				"west": {"uv": [14, 10, 13.5, 11], "texture": "#lantern"},
				"up": {"uv": [11, 10, 14, 10.5], "rotation": 180, "texture": "#lantern"},
				"down": {"uv": [11, 10, 14, 10.5], "rotation": 180, "texture": "#lantern"}
			}
		},
		{
			"from": [6.5, 10.75, 7.75],
			"to": [9.5, 11.75, 8.25],
			"rotation": {"angle": 45, "axis": "y", "origin": [8, 0, 8]},
			"faces": {
				"north": {"uv": [14, 4, 11, 5], "texture": "#lantern"},
				"east": {"uv": [14, 4, 13.5, 5], "texture": "#lantern"},
				"south": {"uv": [11, 4, 14, 5], "texture": "#lantern"},
				"west": {"uv": [11, 4, 11.5, 5], "texture": "#lantern"},
				"up": {"uv": [11, 4, 14, 4.5], "texture": "#lantern"},
				"down": {"uv": [11, 4, 14, 4.5], "texture": "#lantern"}
			}
		},
		{
			"from": [6.5, 11.75, 7.75],
			"to": [7.5, 14.25, 8.25],
			"rotation": {"angle": 45, "axis": "y", "origin": [8, 0, 8]},
			"faces": {
				"north": {"uv": [11, 2, 12, 4], "texture": "#lantern"},
				"east": {"uv": [11, 2, 11.5, 4], "texture": "#lantern"},
				"south": {"uv": [11, 2, 12, 4], "texture": "#lantern"},
				"west": {"uv": [11, 2, 11.5, 4], "texture": "#lantern"}
			}
		},
		{
			"from": [8.5, 11.75, 7.75],
			"to": [9.5, 14.25, 8.25],
			"rotation": {"angle": 45, "axis": "y", "origin": [8, 0, 8]},
			"faces": {
				"north": {"uv": [13, 2, 14, 4], "texture": "#lantern"},
				"east": {"uv": [13, 2, 13.5, 4], "texture": "#lantern"},
				"south": {"uv": [13, 2, 14, 4], "texture": "#lantern"},
				"west": {"uv": [13, 2, 13.5, 4], "texture": "#lantern"}
			}
		},
		{
			"from": [6.5, 14.25, 7.75],
			"to": [9.5, 15.25, 8.25],
			"rotation": {"angle": 45, "axis": "y", "origin": [8, 0, 8]},
			"faces": {
				"north": {"uv": [14, 1, 11, 2], "texture": "#lantern"},
				"east": {"uv": [14, 1, 13.5, 2], "texture": "#lantern"},
				"south": {"uv": [11, 1, 14, 2], "texture": "#lantern"},
				"west": {"uv": [11, 1, 11.5, 2], "texture": "#lantern"},
				"up": {"uv": [11, 1, 14, 1.5], "texture": "#lantern"},
				"down": {"uv": [11, 1, 14, 1.5], "texture": "#lantern"}
			}
		},
		{
			"from": [6.5, 13.75, 7.75],
			"to": [9.5, 14.75, 8.25],
			"rotation": {"angle": -45, "axis": "y", "origin": [8, 0, 8]},
			"faces": {
				"north": {"uv": [11, 7, 14, 8], "texture": "#lantern"},
				"east": {"uv": [11, 7, 11.5, 8], "texture": "#lantern"},
				"south": {"uv": [14, 7, 11, 8], "texture": "#lantern"},
				"west": {"uv": [14, 7, 13.5, 8], "texture": "#lantern"},
				"up": {"uv": [11, 7, 14, 7.5], "rotation": 180, "texture": "#lantern"},
				"down": {"uv": [11, 7, 14, 7.5], "rotation": 180, "texture": "#lantern"}
			}
		},
		{
			"from": [8.5, 14.75, 7.75],
			"to": [9.5, 16, 8.25],
			"rotation": {"angle": -45, "axis": "y", "origin": [8, 0, 8]},
			"faces": {
				"north": {"uv": [11, 6, 12, 7], "texture": "#lantern"},
				"east": {"uv": [11, 6, 11.5, 7], "texture": "#lantern"},
				"south": {"uv": [11, 6, 12, 7], "texture": "#lantern"},
				"west": {"uv": [11, 6, 11.5, 7], "texture": "#lantern"},
				"up": {"uv": [11, 6, 12, 6.5], "rotation": 180, "texture": "#lantern"}
			}
		},
		{
			"from": [6.5, 14.75, 7.75],
			"to": [7.5, 16, 8.25],
			"rotation": {"angle": -45, "axis": "y", "origin": [8, 0, 8]},
			"faces": {
				"north": {"uv": [13, 6, 14, 7], "texture": "#lantern"},
				"east": {"uv": [13, 6, 13.5, 7], "texture": "#lantern"},
				"south": {"uv": [13, 6, 14, 7], "texture": "#lantern"},
				"west": {"uv": [13, 6, 13.5, 7], "texture": "#lantern"},
				"up": {"uv": [13, 6, 14, 6.5], "rotation": 180, "texture": "#lantern"}
			}
		}
	],
	"groups": [
		{
			"name": "cage",
			"origin": [0, 0, 0],
			"color": 0,
			"children": [0, 1, 2, 3, 4, 5]
		},
		6,
		{
			"name": "top",
			"origin": [8, 8, 8],
			"color": 0,
			"children": [7, 8]
		},
		{
			"name": "chain",
			"origin": [8, 8, 8],
			"color": 0,
			"children": [
				{
					"name": "link1",
					"origin": [8, 8, 8],
					"color": 0,
					"children": [9, 10, 11]
				},
				{
					"name": "link2",
					"origin": [8, 8, 8],
					"color": 0,
					"children": [12, 13, 14, 15]
				},
				{
					"name": "link3",
					"origin": [8, 8, 8],
					"color": 0,
					"children": [16, 17, 18]
				}
			]
		}
	]
}