{
	"credit": "Made by SkylaDev :3 https://skyla.dev/",
	"textures": {
		"1": "block/bucket",
		"2": "item/bucket_water",
		"particle": "block/bucket"
	},
	"elements": [
		{
			"from": [6, 0, 5],
			"to": [10, 1, 11],
			"faces": {
				"north": {"uv": [6, 5, 10, 6], "texture": "#1"},
				"east": {"uv": [9, 5, 10, 11], "rotation": 90, "texture": "#1"},
				"south": {"uv": [6, 10, 10, 11], "texture": "#1"},
				"west": {"uv": [6, 5, 7, 11], "rotation": 270, "texture": "#1"},
				"up": {"uv": [6, 5, 10, 11], "texture": "#1"},
				"down": {"uv": [6, 11, 10, 5], "texture": "#1"}
			}
		},
		{
			"from": [5, 0, 6],
			"to": [11, 1, 10],
			"faces": {
				"north": {"uv": [5, 6, 11, 7], "rotation": 180, "texture": "#1"},
				"east": {"uv": [10, 6, 11, 10], "rotation": 90, "texture": "#1"},
				"south": {"uv": [5, 9, 11, 10], "texture": "#1"},
				"west": {"uv": [5, 6, 6, 10], "rotation": 270, "texture": "#1"},
				"up": {"uv": [5, 6, 11, 10], "texture": "#1"},
				"down": {"uv": [5, 10, 11, 6], "texture": "#1"}
			}
		},
		{
			"from": [5, 1, 5],
			"to": [6, 6, 6],
			"rotation": {"angle": 0, "axis": "y", "origin": [8, 0, 8]},
			"faces": {
				"north": {"uv": [3, 4, 4, 9], "texture": "#1"},
				"east": {"uv": [3, 4, 4, 9], "texture": "#1"},
				"south": {"uv": [3, 4, 4, 9], "texture": "#1"},
				"west": {"uv": [3, 4, 4, 9], "texture": "#1"},
				"up": {"uv": [3, 4, 4, 5], "texture": "#1"},
				"down": {"uv": [3, 8, 4, 9], "texture": "#1"}
			}
		},
		{
			"from": [10, 1, 5],
			"to": [11, 6, 6],
			"rotation": {"angle": 0, "axis": "y", "origin": [8, 0, 8]},
			"faces": {
				"north": {"uv": [3, 4, 4, 9], "texture": "#1"},
				"east": {"uv": [3, 4, 4, 9], "texture": "#1"},
				"south": {"uv": [3, 4, 4, 9], "texture": "#1"},
				"west": {"uv": [3, 4, 4, 9], "texture": "#1"},
				"up": {"uv": [3, 4, 4, 5], "rotation": 90, "texture": "#1"},
				"down": {"uv": [3, 8, 4, 9], "rotation": 270, "texture": "#1"}
			}
		},
		{
			"from": [10, 1, 10],
			"to": [11, 6, 11],
			"rotation": {"angle": 0, "axis": "y", "origin": [8, 0, 8]},
			"faces": {
				"north": {"uv": [3, 4, 4, 9], "texture": "#1"},
				"east": {"uv": [3, 4, 4, 9], "texture": "#1"},
				"south": {"uv": [3, 4, 4, 9], "texture": "#1"},
				"west": {"uv": [3, 4, 4, 9], "texture": "#1"},
				"up": {"uv": [3, 4, 4, 5], "rotation": 180, "texture": "#1"},
				"down": {"uv": [3, 8, 4, 9], "rotation": 180, "texture": "#1"}
			}
		},
		{
			"from": [5, 1, 10],
			"to": [6, 6, 11],
			"rotation": {"angle": 0, "axis": "y", "origin": [8, 0, 8]},
			"faces": {
				"north": {"uv": [3, 4, 4, 9], "texture": "#1"},
				"east": {"uv": [3, 4, 4, 9], "texture": "#1"},
				"south": {"uv": [3, 4, 4, 9], "texture": "#1"},
				"west": {"uv": [3, 4, 4, 9], "texture": "#1"},
				"up": {"uv": [3, 4, 4, 5], "rotation": 270, "texture": "#1"},
				"down": {"uv": [3, 8, 4, 9], "rotation": 90, "texture": "#1"}
			}
		},
		{
			"from": [5, 6, 4],
			"to": [6, 9, 5],
			"rotation": {"angle": 0, "axis": "y", "origin": [8, 0, 8]},
			"faces": {
				"north": {"uv": [14, 8, 15, 11], "texture": "#1"},
				"east": {"uv": [14, 8, 15, 11], "texture": "#1"},
				"south": {"uv": [14, 8, 15, 11], "texture": "#1"},
				"west": {"uv": [14, 8, 15, 11], "texture": "#1"},
				"up": {"uv": [14, 8, 15, 9], "texture": "#1"},
				"down": {"uv": [14, 10, 15, 11], "texture": "#1"}
			}
		},
		{
			"from": [4, 6, 5],
			"to": [5, 9, 6],
			"rotation": {"angle": 0, "axis": "y", "origin": [8, 0, 8]},
			"faces": {
				"north": {"uv": [12, 12, 13, 15], "texture": "#1"},
				"east": {"uv": [12, 12, 13, 15], "texture": "#1"},
				"south": {"uv": [12, 12, 13, 15], "texture": "#1"},
				"west": {"uv": [12, 12, 13, 15], "texture": "#1"},
				"up": {"uv": [12, 12, 13, 13], "texture": "#1"},
				"down": {"uv": [12, 14, 13, 15], "texture": "#1"}
			}
		},
		{
			"from": [11, 6, 5],
			"to": [12, 9, 6],
			"rotation": {"angle": 0, "axis": "y", "origin": [8, 0, 8]},
			"faces": {
				"north": {"uv": [14, 8, 15, 11], "texture": "#1"},
				"east": {"uv": [14, 8, 15, 11], "texture": "#1"},
				"south": {"uv": [14, 8, 15, 11], "texture": "#1"},
				"west": {"uv": [14, 8, 15, 11], "texture": "#1"},
				"up": {"uv": [14, 8, 15, 9], "rotation": 90, "texture": "#1"},
				"down": {"uv": [14, 10, 15, 11], "rotation": 270, "texture": "#1"}
			}
		},
		{
			"from": [10, 6, 4],
			"to": [11, 9, 5],
			"rotation": {"angle": 0, "axis": "y", "origin": [8, 0, 8]},
			"faces": {
				"north": {"uv": [12, 12, 13, 15], "texture": "#1"},
				"east": {"uv": [12, 12, 13, 15], "texture": "#1"},
				"south": {"uv": [12, 12, 13, 15], "texture": "#1"},
				"west": {"uv": [12, 12, 13, 15], "texture": "#1"},
				"up": {"uv": [12, 12, 13, 13], "rotation": 90, "texture": "#1"},
				"down": {"uv": [12, 14, 13, 15], "rotation": 270, "texture": "#1"}
			}
		},
		{
			"from": [10, 6, 11],
			"to": [11, 9, 12],
			"rotation": {"angle": 0, "axis": "y", "origin": [8, 0, 8]},
			"faces": {
				"north": {"uv": [14, 8, 15, 11], "texture": "#1"},
				"east": {"uv": [14, 8, 15, 11], "texture": "#1"},
				"south": {"uv": [14, 8, 15, 11], "texture": "#1"},
				"west": {"uv": [14, 8, 15, 11], "texture": "#1"},
				"up": {"uv": [14, 8, 15, 9], "rotation": 180, "texture": "#1"},
				"down": {"uv": [14, 10, 15, 11], "rotation": 180, "texture": "#1"}
			}
		},
		{
			"from": [11, 6, 10],
			"to": [12, 9, 11],
			"rotation": {"angle": 0, "axis": "y", "origin": [8, 0, 8]},
			"faces": {
				"north": {"uv": [12, 12, 13, 15], "texture": "#1"},
				"east": {"uv": [12, 12, 13, 15], "texture": "#1"},
				"south": {"uv": [12, 12, 13, 15], "texture": "#1"},
				"west": {"uv": [12, 12, 13, 15], "texture": "#1"},
				"up": {"uv": [12, 12, 13, 13], "rotation": 180, "texture": "#1"},
				"down": {"uv": [12, 14, 13, 15], "rotation": 180, "texture": "#1"}
			}
		},
		{
			"from": [4, 6, 10],
			"to": [5, 9, 11],
			"rotation": {"angle": 0, "axis": "y", "origin": [8, 0, 8]},
			"faces": {
				"north": {"uv": [14, 8, 15, 11], "texture": "#1"},
				"east": {"uv": [14, 8, 15, 11], "texture": "#1"},
				"south": {"uv": [14, 8, 15, 11], "texture": "#1"},
				"west": {"uv": [14, 8, 15, 11], "texture": "#1"},
				"up": {"uv": [14, 8, 15, 9], "rotation": 270, "texture": "#1"},
				"down": {"uv": [14, 10, 15, 11], "rotation": 90, "texture": "#1"}
			}
		},
		{
			"from": [5, 6, 11],
			"to": [6, 9, 12],
			"rotation": {"angle": 0, "axis": "y", "origin": [8, 0, 8]},
			"faces": {
				"north": {"uv": [12, 12, 13, 15], "texture": "#1"},
				"east": {"uv": [12, 12, 13, 15], "texture": "#1"},
				"south": {"uv": [12, 12, 13, 15], "texture": "#1"},
				"west": {"uv": [12, 12, 13, 15], "texture": "#1"},
				"up": {"uv": [12, 12, 13, 13], "rotation": 270, "texture": "#1"},
				"down": {"uv": [12, 14, 13, 15], "rotation": 90, "texture": "#1"}
			}
		},
		{
			"from": [6, 1, 4],
			"to": [10, 6, 5],
			"rotation": {"angle": 0, "axis": "y", "origin": [8, 0, 8]},
			"faces": {
				"north": {"uv": [1, 1, 5, 6], "texture": "#1"},
				"east": {"uv": [1, 1, 2, 6], "texture": "#1"},
				"south": {"uv": [5, 1, 1, 6], "texture": "#1"},
				"west": {"uv": [4, 1, 5, 6], "texture": "#1"},
				"up": {"uv": [5, 1, 1, 2], "texture": "#1"},
				"down": {"uv": [5, 5, 1, 6], "texture": "#1"}
			}
		},
		{
			"from": [11, 1, 6],
			"to": [12, 6, 10],
			"rotation": {"angle": 0, "axis": "y", "origin": [8, 0, 8]},
			"faces": {
				"north": {"uv": [4, 1, 5, 6], "texture": "#1"},
				"east": {"uv": [1, 1, 5, 6], "texture": "#1"},
				"south": {"uv": [1, 1, 2, 6], "texture": "#1"},
				"west": {"uv": [5, 1, 1, 6], "texture": "#1"},
				"up": {"uv": [5, 1, 1, 2], "rotation": 90, "texture": "#1"},
				"down": {"uv": [5, 5, 1, 6], "rotation": 270, "texture": "#1"}
			}
		},
		{
			"from": [6, 1, 11],
			"to": [10, 6, 12],
			"rotation": {"angle": 0, "axis": "y", "origin": [8, 0, 8]},
			"faces": {
				"north": {"uv": [5, 1, 1, 6], "texture": "#1"},
				"east": {"uv": [4, 1, 5, 6], "texture": "#1"},
				"south": {"uv": [1, 1, 5, 6], "texture": "#1"},
				"west": {"uv": [1, 1, 2, 6], "texture": "#1"},
				"up": {"uv": [5, 1, 1, 2], "rotation": 180, "texture": "#1"},
				"down": {"uv": [5, 5, 1, 6], "rotation": 180, "texture": "#1"}
			}
		},
		{
			"from": [4, 1, 6],
			"to": [5, 6, 10],
			"rotation": {"angle": 0, "axis": "y", "origin": [8, 0, 8]},
			"faces": {
				"north": {"uv": [1, 1, 2, 6], "texture": "#1"},
				"east": {"uv": [5, 1, 1, 6], "texture": "#1"},
				"south": {"uv": [4, 1, 5, 6], "texture": "#1"},
				"west": {"uv": [1, 1, 5, 6], "texture": "#1"},
				"up": {"uv": [5, 1, 1, 2], "rotation": 270, "texture": "#1"},
				"down": {"uv": [5, 5, 1, 6], "rotation": 90, "texture": "#1"}
			}
		},
		{
			"from": [6, 6, 3],
			"to": [10, 9, 4],
			"rotation": {"angle": 0, "axis": "y", "origin": [8, 0, 8]},
			"faces": {
				"north": {"uv": [11, 4, 15, 7], "texture": "#1"},
				"east": {"uv": [11, 4, 12, 7], "texture": "#1"},
				"south": {"uv": [15, 4, 11, 7], "texture": "#1"},
				"west": {"uv": [14, 4, 15, 7], "texture": "#1"},
				"up": {"uv": [15, 4, 11, 5], "texture": "#1"},
				"down": {"uv": [15, 6, 11, 7], "texture": "#1"}
			}
		},
		{
			"from": [12, 6, 6],
			"to": [13, 9, 10],
			"rotation": {"angle": 0, "axis": "y", "origin": [8, 0, 8]},
			"faces": {
				"north": {"uv": [14, 4, 15, 7], "texture": "#1"},
				"east": {"uv": [11, 4, 15, 7], "texture": "#1"},
				"south": {"uv": [11, 4, 12, 7], "texture": "#1"},
				"west": {"uv": [15, 4, 11, 7], "texture": "#1"},
				"up": {"uv": [15, 4, 11, 5], "rotation": 90, "texture": "#1"},
				"down": {"uv": [15, 6, 11, 7], "rotation": 270, "texture": "#1"}
			}
		},
		{
			"from": [6, 6, 12],
			"to": [10, 9, 13],
			"rotation": {"angle": 0, "axis": "y", "origin": [8, 0, 8]},
			"faces": {
				"north": {"uv": [15, 4, 11, 7], "texture": "#1"},
				"east": {"uv": [14, 4, 15, 7], "texture": "#1"},
				"south": {"uv": [11, 4, 15, 7], "texture": "#1"},
				"west": {"uv": [11, 4, 12, 7], "texture": "#1"},
				"up": {"uv": [15, 4, 11, 5], "rotation": 180, "texture": "#1"},
				"down": {"uv": [15, 6, 11, 7], "rotation": 180, "texture": "#1"}
			}
		},
		{
			"from": [3, 6, 6],
			"to": [4, 9, 10],
			"rotation": {"angle": 0, "axis": "y", "origin": [8, 0, 8]},
			"faces": {
				"north": {"uv": [11, 4, 12, 7], "texture": "#1"},
				"east": {"uv": [15, 4, 11, 7], "texture": "#1"},
				"south": {"uv": [14, 4, 15, 7], "texture": "#1"},
				"west": {"uv": [11, 4, 15, 7], "texture": "#1"},
				"up": {"uv": [15, 4, 11, 5], "rotation": 270, "texture": "#1"},
				"down": {"uv": [15, 6, 11, 7], "rotation": 90, "texture": "#1"}
			}
		},
		{
			"from": [5, 8, 4],
			"to": [11, 8, 12],
			"faces": {
				"up": {"uv": [5, 4, 11, 12], "texture": "#2"}
			}
		},
		{
			"from": [4, 8, 6],
			"to": [5, 8, 10],
			"faces": {
				"up": {"uv": [4, 6, 5, 10], "texture": "#2"}
			}
		},
		{
			"from": [11, 8, 6],
			"to": [12, 8, 10],
			"faces": {
				"up": {"uv": [11, 6, 12, 10], "texture": "#2"}
			}
		}
	],
	"display": {
		"thirdperson_righthand": {
			"rotation": [0, 90, 55],
			"translation": [0, 4, 2.5],
			"scale": [0.55, 0.55, 0.55]
		},
		"thirdperson_lefthand": {
			"rotation": [0, 90, 55],
			"translation": [0, 4, 2.5],
			"scale": [0.55, 0.55, 0.55]
		},
		"firstperson_righthand": {
			"rotation": [0, 120, 0],
			"translation": [0, 2, 0],
			"scale": [0.68, 0.68, 0.68]
		},
		"firstperson_lefthand": {
			"rotation": [0, 120, 0],
			"translation": [0, 2, 0],
			"scale": [0.68, 0.68, 0.68]
		},
		"ground": {
			"translation": [0, 2, 0],
			"scale": [0.5, 0.5, 0.5]
		},
		"gui": {
			"rotation": [30, 225, 0],
			"translation": [0, 3, 0],
			"scale": [1.2, 1.2, 1.2]
		},
		"head": {
			"rotation": [0, -40, 0],
			"translation": [0, 14.5, 0]
		}
	},
	"groups": [
		{
			"name": "bucket",
			"origin": [8, 8, 8],
			"color": 0,
			"children": [
				{
					"name": "base",
					"origin": [8, 8, 8],
					"color": 0,
					"children": [0, 1]
				},
				{
					"name": "corners",
					"origin": [8, 8, 8],
					"color": 0,
					"children": [
						{
							"name": "lower",
							"origin": [8, 0, 8],
							"color": 0,
							"children": [2, 3, 4, 5]
						},
						{
							"name": "upper",
							"origin": [8, 8, 8],
							"color": 0,
							"children": [
								{
									"name": "group",
									"origin": [0, 0, 0],
									"color": 0,
									"children": [6, 7]
								},
								{
									"name": "group",
									"origin": [0, 0, 0],
									"color": 0,
									"children": [8, 9]
								},
								{
									"name": "group",
									"origin": [0, 0, 0],
									"color": 0,
									"children": [10, 11]
								},
								{
									"name": "group",
									"origin": [0, 0, 0],
									"color": 0,
									"children": [12, 13]
								}
							]
						}
					]
				},
				{
					"name": "sides",
					"origin": [0, 0, 0],
					"color": 0,
					"children": [
						{
							"name": "lower",
							"origin": [0, 0, 0],
							"color": 0,
							"children": [14, 15, 16, 17]
						},
						{
							"name": "upper",
							"origin": [8, 8, 8],
							"color": 0,
							"children": [18, 19, 20, 21]
						}
					]
				}
			]
		},
		{
			"name": "water",
			"origin": [8, 8, 8],
			"color": 0,
			"children": [22, 23, 24]
		}
	]
}